solid unnamed
facet normal 1 -0 0
    outer loop
        vertex 168 -60 6
        vertex 168 -60 0
        vertex 168 60 6
    endloop
endfacet
facet normal 1 0 0
    outer loop
        vertex 168 60 6
        vertex 168 -60 0
        vertex 168 60 0
    endloop
endfacet
facet normal 0 1 0
    outer loop
        vertex 145.5 60 6
        vertex 168 60 0
        vertex 138 60 6
    endloop
endfacet
facet normal 0 1 0
    outer loop
        vertex 138 60 6
        vertex 168 60 0
        vertex 153 60 0
    endloop
endfacet
facet normal 0 1 0
    outer loop
        vertex 138 60 6
        vertex 153 60 0
        vertex 149.25 60 0
    endloop
endfacet
facet normal 0 1 0
    outer loop
        vertex 138 60 6
        vertex 145.5 60 0
        vertex 138 60 0
    endloop
endfacet
facet normal 0 1 0
    outer loop
        vertex 138 60 6
        vertex 149.25 60 0
        vertex 148.3125 60 0
    endloop
endfacet
facet normal 0 1 0
    outer loop
        vertex 138 60 6
        vertex 147.375 60 0
        vertex 145.5 60 0
    endloop
endfacet
facet normal 0 1 0
    outer loop
        vertex 138 60 6
        vertex 148.3125 60 0
        vertex 147.375 60 0
    endloop
endfacet
facet normal 0 1 0
    outer loop
        vertex 168 60 6
        vertex 168 60 0
        vertex 153 60 6
    endloop
endfacet
facet normal 0 1 0
    outer loop
        vertex 147.375 60 6
        vertex 168 60 0
        vertex 145.5 60 6
    endloop
endfacet
facet normal 0 1 0
    outer loop
        vertex 153 60 6
        vertex 168 60 0
        vertex 149.25 60 6
    endloop
endfacet
facet normal 0 1 0
    outer loop
        vertex 148.3125 60 6
        vertex 168 60 0
        vertex 147.375 60 6
    endloop
endfacet
facet normal 0 1 0
    outer loop
        vertex 149.25 60 6
        vertex 168 60 0
        vertex 148.3125 60 6
    endloop
endfacet
facet normal -1 -0 -0
    outer loop
        vertex 138 60 6
        vertex 138 60 0
        vertex 138 -60 6
    endloop
endfacet
facet normal -1 0 0
    outer loop
        vertex 138 -60 6
        vertex 138 60 0
        vertex 138 -60 0
    endloop
endfacet
facet normal 0 -1 -0
    outer loop
        vertex 153 -60 6
        vertex 138 -60 0
        vertex 168 -60 6
    endloop
endfacet
facet normal 0 -1 0
    outer loop
        vertex 168 -60 6
        vertex 138 -60 0
        vertex 145.5 -60 0
    endloop
endfacet
facet normal 0 -1 -0
    outer loop
        vertex 168 -60 6
        vertex 153 -60 0
        vertex 168 -60 0
    endloop
endfacet
facet normal 0 -1 0
    outer loop
        vertex 168 -60 6
        vertex 145.5 -60 0
        vertex 147.375 -60 0
    endloop
endfacet
facet normal 0 -1 0
    outer loop
        vertex 168 -60 6
        vertex 149.25 -60 0
        vertex 153 -60 0
    endloop
endfacet
facet normal 0 -1 0
    outer loop
        vertex 168 -60 6
        vertex 147.375 -60 0
        vertex 148.3125 -60 0
    endloop
endfacet
facet normal 0 -1 0
    outer loop
        vertex 168 -60 6
        vertex 148.3125 -60 0
        vertex 149.25 -60 0
    endloop
endfacet
facet normal 0 -1 -0
    outer loop
        vertex 149.25 -60 6
        vertex 138 -60 0
        vertex 153 -60 6
    endloop
endfacet
facet normal 0 -1 0
    outer loop
        vertex 138 -60 6
        vertex 138 -60 0
        vertex 145.5 -60 6
    endloop
endfacet
facet normal 0 -1 -0
    outer loop
        vertex 148.3125 -60 6
        vertex 138 -60 0
        vertex 149.25 -60 6
    endloop
endfacet
facet normal 0 -1 -0
    outer loop
        vertex 145.5 -60 6
        vertex 138 -60 0
        vertex 147.375 -60 6
    endloop
endfacet
facet normal 0 -1 -0
    outer loop
        vertex 147.375 -60 6
        vertex 138 -60 0
        vertex 148.3125 -60 6
    endloop
endfacet
facet normal 0 0 -1
    outer loop
        vertex 146.93376 -59.436703 0
        vertex 148.3125 -60 0
        vertex 147.375 -60 0
    endloop
endfacet
facet normal 0 0 -1
    outer loop
        vertex 149.25 -60 0
        vertex 148.3125 -60 0
        vertex 148.3243 -59.99919 0
    endloop
endfacet
facet normal 0 0 -1
    outer loop
        vertex 145.5 -60 0
        vertex 146.93376 -59.436703 0
        vertex 147.375 -60 0
    endloop
endfacet
facet normal -0 0 -1
    outer loop
        vertex 148.3243 -59.99919 0
        vertex 148.3125 -60 0
        vertex 146.93376 -59.436703 0
    endloop
endfacet
facet normal 0 0 -0.99999994
    outer loop
        vertex 153 -60 0
        vertex 149.25 -60 0
        vertex 149.7228 -56.418808 0
    endloop
endfacet
facet normal 0 0 -1
    outer loop
        vertex 148.3125 60 0
        vertex 149.25 60 0
        vertex 148.3243 59.99919 0
    endloop
endfacet
facet normal 0 -0 -1
    outer loop
        vertex 147.375 60 0
        vertex 148.3125 60 0
        vertex 146.93376 59.436703 0
    endloop
endfacet
facet normal 0 0 -1
    outer loop
        vertex 145.5 60 0
        vertex 146.93376 59.436703 0
        vertex 145.54321 58.87421 0
    endloop
endfacet
facet normal -0 0 -1
    outer loop
        vertex 147.375 60 0
        vertex 146.93376 59.436703 0
        vertex 145.5 60 0
    endloop
endfacet
facet normal 0 0 -1
    outer loop
        vertex 159.95383 3.8435433 0
        vertex 159.81534 7.6848683 0
        vertex 168 60 0
    endloop
endfacet
facet normal 0 0 -1
    outer loop
        vertex 159.95383 3.8435433 0
        vertex 168 60 0
        vertex 160 -0 0
    endloop
endfacet
facet normal 0 0 -1
    outer loop
        vertex 159.81534 7.6848683 0
        vertex 159.58461 11.521758 0
        vertex 168 60 0
    endloop
endfacet
facet normal 0 0 -1
    outer loop
        vertex 159.58461 11.521758 0
        vertex 159.26178 15.351997 0
        vertex 168 60 0
    endloop
endfacet
facet normal 0 0 -1
    outer loop
        vertex 159.26178 15.351997 0
        vertex 158.84703 19.173378 0
        vertex 168 60 0
    endloop
endfacet
facet normal 0 0 -1
    outer loop
        vertex 158.84703 19.173378 0
        vertex 158.34062 22.98369 0
        vertex 168 60 0
    endloop
endfacet
facet normal 0 0 -1
    outer loop
        vertex 158.34062 22.98369 0
        vertex 157.7428 26.780739 0
        vertex 168 60 0
    endloop
endfacet
facet normal 0 0 -1
    outer loop
        vertex 157.7428 26.780739 0
        vertex 157.05396 30.562332 0
        vertex 168 60 0
    endloop
endfacet
facet normal 0 0 -1
    outer loop
        vertex 157.05396 30.562332 0
        vertex 156.27446 34.326286 0
        vertex 168 60 0
    endloop
endfacet
facet normal 0 0 -1
    outer loop
        vertex 156.27446 34.326286 0
        vertex 155.40477 38.07043 0
        vertex 168 60 0
    endloop
endfacet
facet normal 0 0 -1
    outer loop
        vertex 155.40477 38.07043 0
        vertex 154.44539 41.7926 0
        vertex 168 60 0
    endloop
endfacet
facet normal 0 0 -1
    outer loop
        vertex 154.44539 41.7926 0
        vertex 153.39688 45.49065 0
        vertex 168 60 0
    endloop
endfacet
facet normal 0 0 -1
    outer loop
        vertex 153.39688 45.49065 0
        vertex 152.25983 49.162445 0
        vertex 168 60 0
    endloop
endfacet
facet normal 0 0 -1
    outer loop
        vertex 152.25983 49.162445 0
        vertex 151.03491 52.805862 0
        vertex 168 60 0
    endloop
endfacet
facet normal 0 0 -1
    outer loop
        vertex 151.03491 52.805862 0
        vertex 153 60 0
        vertex 168 60 0
    endloop
endfacet
facet normal 0 0 -1
    outer loop
        vertex 149.7228 56.418808 0
        vertex 153 60 0
        vertex 151.03491 52.805862 0
    endloop
endfacet
facet normal 0 0 -0.99999994
    outer loop
        vertex 149.25 60 0
        vertex 153 60 0
        vertex 149.7228 56.418808 0
    endloop
endfacet
facet normal 0 -0 -1
    outer loop
        vertex 149.25 60 0
        vertex 149.7228 56.418808 0
        vertex 148.3243 59.99919 0
    endloop
endfacet
facet normal -0 0 -1
    outer loop
        vertex 148.3243 59.99919 0
        vertex 146.93376 59.436703 0
        vertex 148.3125 60 0
    endloop
endfacet
facet normal 0 0 -0.99999994
    outer loop
        vertex 148.203 51.815754 0
        vertex 138 60 0
        vertex 146.9155 55.36096 0
    endloop
endfacet
facet normal 0 0 -0.99999994
    outer loop
        vertex 149.40495 48.24065 0
        vertex 138 60 0
        vertex 148.203 51.815754 0
    endloop
endfacet
facet normal 0 0 -1
    outer loop
        vertex 150.52068 44.637703 0
        vertex 138 60 0
        vertex 149.40495 48.24065 0
    endloop
endfacet
facet normal 0 0 -1
    outer loop
        vertex 151.54953 41.00899 0
        vertex 138 60 0
        vertex 150.52068 44.637703 0
    endloop
endfacet
facet normal 0 0 -0.99999994
    outer loop
        vertex 152.49094 37.356613 0
        vertex 138 60 0
        vertex 151.54953 41.00899 0
    endloop
endfacet
facet normal 0 0 -1
    outer loop
        vertex 153.34431 33.68267 0
        vertex 138 60 0
        vertex 152.49094 37.356613 0
    endloop
endfacet
facet normal 0 0 -1
    outer loop
        vertex 154.10919 29.98929 0
        vertex 138 60 0
        vertex 153.34431 33.68267 0
    endloop
endfacet
facet normal 0 0 -1
    outer loop
        vertex 154.78513 26.278605 0
        vertex 138 60 0
        vertex 154.10919 29.98929 0
    endloop
endfacet
facet normal 0 0 -1
    outer loop
        vertex 155.37172 22.55275 0
        vertex 138 60 0
        vertex 154.78513 26.278605 0
    endloop
endfacet
facet normal 0 0 -1
    outer loop
        vertex 155.86865 18.813879 0
        vertex 138 60 0
        vertex 155.37172 22.55275 0
    endloop
endfacet
facet normal 0 0 -1
    outer loop
        vertex 156.27563 15.064149 0
        vertex 138 60 0
        vertex 155.86865 18.813879 0
    endloop
endfacet
facet normal -0 -0 -0.99999994
    outer loop
        vertex 156.59239 11.305726 0
        vertex 156.8188 7.5407777 0
        vertex 138 60 0
    endloop
endfacet
facet normal 0 0 -1
    outer loop
        vertex 156.59239 11.305726 0
        vertex 138 60 0
        vertex 156.27563 15.064149 0
    endloop
endfacet
facet normal -0 -0 -1
    outer loop
        vertex 156.8188 7.5407777 0
        vertex 156.9547 3.7714772 0
        vertex 138 60 0
    endloop
endfacet
facet normal -0 -0 -1
    outer loop
        vertex 156.9547 3.7714772 0
        vertex 157 -0 0
        vertex 138 60 0
    endloop
endfacet
facet normal 0 0 -1
    outer loop
        vertex 138 -60 0
        vertex 138 60 0
        vertex 157 -0 0
    endloop
endfacet
facet normal -0 0 -1
    outer loop
        vertex 156.8188 -7.5407777 0
        vertex 138 -60 0
        vertex 156.9547 -3.7714772 0
    endloop
endfacet
facet normal 0 0 -1
    outer loop
        vertex 138 -60 0
        vertex 157 -0 0
        vertex 156.9547 -3.7714772 0
    endloop
endfacet
facet normal -0 0 -0.99999994
    outer loop
        vertex 156.59239 -11.305726 0
        vertex 138 -60 0
        vertex 156.8188 -7.5407777 0
    endloop
endfacet
facet normal -0 0 -0.99999994
    outer loop
        vertex 156.27563 -15.064149 0
        vertex 138 -60 0
        vertex 156.59239 -11.305726 0
    endloop
endfacet
facet normal -0 0 -1
    outer loop
        vertex 155.86865 -18.813879 0
        vertex 138 -60 0
        vertex 156.27563 -15.064149 0
    endloop
endfacet
facet normal -0 0 -0.99999994
    outer loop
        vertex 155.37172 -22.55275 0
        vertex 138 -60 0
        vertex 155.86865 -18.813879 0
    endloop
endfacet
facet normal -0 0 -1
    outer loop
        vertex 154.78513 -26.278605 0
        vertex 138 -60 0
        vertex 155.37172 -22.55275 0
    endloop
endfacet
facet normal 0 0 -0.99999994
    outer loop
        vertex 152.49094 -37.356613 0
        vertex 151.54953 -41.00899 0
        vertex 138 -60 0
    endloop
endfacet
facet normal 0 0 -1
    outer loop
        vertex 151.54953 -41.00899 0
        vertex 150.52068 -44.637703 0
        vertex 138 -60 0
    endloop
endfacet
facet normal 0 0 -1
    outer loop
        vertex 150.52068 -44.637703 0
        vertex 149.40495 -48.24065 0
        vertex 138 -60 0
    endloop
endfacet
facet normal 0 0 -0.99999994
    outer loop
        vertex 149.40495 -48.24065 0
        vertex 148.203 -51.815754 0
        vertex 138 -60 0
    endloop
endfacet
facet normal 0 0 -0.99999994
    outer loop
        vertex 148.203 -51.815754 0
        vertex 146.9155 -55.36096 0
        vertex 138 -60 0
    endloop
endfacet
facet normal -0 0 -1
    outer loop
        vertex 146.93376 -59.436703 0
        vertex 145.5 -60 0
        vertex 145.54321 -58.87421 0
    endloop
endfacet
facet normal 0 0 -0.99999994
    outer loop
        vertex 146.9155 -55.36096 0
        vertex 145.54321 -58.87421 0
        vertex 138 -60 0
    endloop
endfacet
facet normal 0 0 -1
    outer loop
        vertex 151.03491 -52.805862 0
        vertex 168 -60 0
        vertex 153 -60 0
    endloop
endfacet
facet normal 0 0 -1
    outer loop
        vertex 149.7228 -56.418808 0
        vertex 149.25 -60 0
        vertex 148.3243 -59.99919 0
    endloop
endfacet
facet normal 0 0 -1
    outer loop
        vertex 151.03491 -52.805862 0
        vertex 152.25983 -49.162445 0
        vertex 168 -60 0
    endloop
endfacet
facet normal 0 0 -1
    outer loop
        vertex 145.5 -60 0
        vertex 138 -60 0
        vertex 145.54321 -58.87421 0
    endloop
endfacet
facet normal 0 0 -1
    outer loop
        vertex 152.25983 -49.162445 0
        vertex 153.39688 -45.49065 0
        vertex 168 -60 0
    endloop
endfacet
facet normal 0 0 -1
    outer loop
        vertex 153.39688 -45.49065 0
        vertex 154.44539 -41.7926 0
        vertex 168 -60 0
    endloop
endfacet
facet normal 0 0 -1
    outer loop
        vertex 154.44539 -41.7926 0
        vertex 155.40477 -38.07043 0
        vertex 168 -60 0
    endloop
endfacet
facet normal 0 0 -1
    outer loop
        vertex 155.40477 -38.07043 0
        vertex 156.27446 -34.326286 0
        vertex 168 -60 0
    endloop
endfacet
facet normal 0 0 -1
    outer loop
        vertex 156.27446 -34.326286 0
        vertex 157.05396 -30.562332 0
        vertex 168 -60 0
    endloop
endfacet
facet normal 0 0 -1
    outer loop
        vertex 157.05396 -30.562332 0
        vertex 157.7428 -26.780739 0
        vertex 168 -60 0
    endloop
endfacet
facet normal 0 0 -0.99999994
    outer loop
        vertex 157.7428 -26.780739 0
        vertex 158.34062 -22.98369 0
        vertex 168 -60 0
    endloop
endfacet
facet normal 0 0 -1
    outer loop
        vertex 158.34062 -22.98369 0
        vertex 158.84703 -19.173378 0
        vertex 168 -60 0
    endloop
endfacet
facet normal 0 -0 -1
    outer loop
        vertex 159.26178 -15.351997 0
        vertex 168 -60 0
        vertex 158.84703 -19.173378 0
    endloop
endfacet
facet normal 0 -0 -1
    outer loop
        vertex 159.58461 -11.521758 0
        vertex 168 -60 0
        vertex 159.26178 -15.351997 0
    endloop
endfacet
facet normal 0 -0 -1
    outer loop
        vertex 159.81534 -7.6848683 0
        vertex 168 -60 0
        vertex 159.58461 -11.521758 0
    endloop
endfacet
facet normal -0 0 -1
    outer loop
        vertex 152.49094 -37.356613 0
        vertex 138 -60 0
        vertex 153.34431 -33.68267 0
    endloop
endfacet
facet normal 0 -0 -1
    outer loop
        vertex 159.95383 -3.8435433 0
        vertex 168 -60 0
        vertex 159.81534 -7.6848683 0
    endloop
endfacet
facet normal 0 0 -1
    outer loop
        vertex 138 -60 0
        vertex 154.78513 -26.278605 0
        vertex 154.10919 -29.98929 0
    endloop
endfacet
facet normal 0 0 -1
    outer loop
        vertex 160 -0 0
        vertex 168 60 0
        vertex 168 -60 0
    endloop
endfacet
facet normal 0 0 -1
    outer loop
        vertex 159.95383 -3.8435433 0
        vertex 160 -0 0
        vertex 168 -60 0
    endloop
endfacet
facet normal 0 0 -1
    outer loop
        vertex 154.10919 -29.98929 0
        vertex 153.34431 -33.68267 0
        vertex 138 -60 0
    endloop
endfacet
facet normal 0 0 -0.99999994
    outer loop
        vertex 146.9155 55.36096 0
        vertex 138 60 0
        vertex 145.54321 58.87421 0
    endloop
endfacet
facet normal 0 0 -1
    outer loop
        vertex 138 60 0
        vertex 145.5 60 0
        vertex 145.54321 58.87421 0
    endloop
endfacet
facet normal 0 0 -1
    outer loop
        vertex 153 -60 0
        vertex 149.7228 -56.418808 0
        vertex 151.03491 -52.805862 0
    endloop
endfacet
facet normal 0 0 1
    outer loop
        vertex 146.93376 -59.436703 6
        vertex 147.375 -60 6
        vertex 148.3125 -60 6
    endloop
endfacet
facet normal 0 0 1
    outer loop
        vertex 149.25 -60 6
        vertex 148.3243 -59.99919 6
        vertex 148.3125 -60 6
    endloop
endfacet
facet normal 0 0 1
    outer loop
        vertex 145.5 -60 6
        vertex 147.375 -60 6
        vertex 146.93376 -59.436703 6
    endloop
endfacet
facet normal 0 0 1
    outer loop
        vertex 148.3243 -59.99919 6
        vertex 146.93376 -59.436703 6
        vertex 148.3125 -60 6
    endloop
endfacet
facet normal 0 0 0.99999994
    outer loop
        vertex 153 -60 6
        vertex 149.7228 -56.418808 6
        vertex 149.25 -60 6
    endloop
endfacet
facet normal -0 0 1
    outer loop
        vertex 148.3125 60 6
        vertex 148.3243 59.99919 6
        vertex 149.25 60 6
    endloop
endfacet
facet normal -0 0 1
    outer loop
        vertex 147.375 60 6
        vertex 146.93376 59.436703 6
        vertex 148.3125 60 6
    endloop
endfacet
facet normal 0 0 1
    outer loop
        vertex 145.5 60 6
        vertex 145.54321 58.87421 6
        vertex 146.93376 59.436703 6
    endloop
endfacet
facet normal 0 0 1
    outer loop
        vertex 147.375 60 6
        vertex 145.5 60 6
        vertex 146.93376 59.436703 6
    endloop
endfacet
facet normal 0 0 1
    outer loop
        vertex 151.03491 -52.805862 6
        vertex 153 -60 6
        vertex 168 -60 6
    endloop
endfacet
facet normal -0 0 1
    outer loop
        vertex 149.7228 -56.418808 6
        vertex 153 -60 6
        vertex 151.03491 -52.805862 6
    endloop
endfacet
facet normal 0 -0 1
    outer loop
        vertex 145.5 -60 6
        vertex 145.54321 -58.87421 6
        vertex 138 -60 6
    endloop
endfacet
facet normal -0 0 1
    outer loop
        vertex 151.03491 -52.805862 6
        vertex 168 -60 6
        vertex 152.25983 -49.162445 6
    endloop
endfacet
facet normal 0 0 1
    outer loop
        vertex 145.5 -60 6
        vertex 146.93376 -59.436703 6
        vertex 145.54321 -58.87421 6
    endloop
endfacet
facet normal -0 0 1
    outer loop
        vertex 152.25983 -49.162445 6
        vertex 168 -60 6
        vertex 153.39688 -45.49065 6
    endloop
endfacet
facet normal -0 0 1
    outer loop
        vertex 153.39688 -45.49065 6
        vertex 168 -60 6
        vertex 154.44539 -41.7926 6
    endloop
endfacet
facet normal -0 0 1
    outer loop
        vertex 154.44539 -41.7926 6
        vertex 168 -60 6
        vertex 155.40477 -38.07043 6
    endloop
endfacet
facet normal -0 0 1
    outer loop
        vertex 155.40477 -38.07043 6
        vertex 168 -60 6
        vertex 156.27446 -34.326286 6
    endloop
endfacet
facet normal -0 0 1
    outer loop
        vertex 156.27446 -34.326286 6
        vertex 168 -60 6
        vertex 157.05396 -30.562332 6
    endloop
endfacet
facet normal -0 0 1
    outer loop
        vertex 157.05396 -30.562332 6
        vertex 168 -60 6
        vertex 157.7428 -26.780739 6
    endloop
endfacet
facet normal -0 0 0.99999994
    outer loop
        vertex 157.7428 -26.780739 6
        vertex 168 -60 6
        vertex 158.34062 -22.98369 6
    endloop
endfacet
facet normal -0 0 1
    outer loop
        vertex 158.34062 -22.98369 6
        vertex 168 -60 6
        vertex 158.84703 -19.173378 6
    endloop
endfacet
facet normal -0 0 1
    outer loop
        vertex 158.84703 -19.173378 6
        vertex 168 -60 6
        vertex 159.26178 -15.351997 6
    endloop
endfacet
facet normal -0 0 1
    outer loop
        vertex 159.26178 -15.351997 6
        vertex 168 -60 6
        vertex 159.58461 -11.521758 6
    endloop
endfacet
facet normal 0 0 1
    outer loop
        vertex 160 -0 6
        vertex 159.95383 -3.8435433 6
        vertex 168 -60 6
    endloop
endfacet
facet normal 0 0 1
    outer loop
        vertex 168 60 6
        vertex 159.58461 11.521758 6
        vertex 159.81534 7.6848683 6
    endloop
endfacet
facet normal 0 -0 1
    outer loop
        vertex 158.84703 19.173378 6
        vertex 168 60 6
        vertex 158.34062 22.98369 6
    endloop
endfacet
facet normal 0 -0 1
    outer loop
        vertex 158.34062 22.98369 6
        vertex 168 60 6
        vertex 157.7428 26.780739 6
    endloop
endfacet
facet normal 0 -0 1
    outer loop
        vertex 157.7428 26.780739 6
        vertex 168 60 6
        vertex 157.05396 30.562332 6
    endloop
endfacet
facet normal 0 -0 1
    outer loop
        vertex 157.05396 30.562332 6
        vertex 168 60 6
        vertex 156.27446 34.326286 6
    endloop
endfacet
facet normal 0 -0 1
    outer loop
        vertex 156.27446 34.326286 6
        vertex 168 60 6
        vertex 155.40477 38.07043 6
    endloop
endfacet
facet normal 0 -0 1
    outer loop
        vertex 155.40477 38.07043 6
        vertex 168 60 6
        vertex 154.44539 41.7926 6
    endloop
endfacet
facet normal 0 -0 1
    outer loop
        vertex 154.44539 41.7926 6
        vertex 168 60 6
        vertex 153.39688 45.49065 6
    endloop
endfacet
facet normal 0 -0 1
    outer loop
        vertex 153.39688 45.49065 6
        vertex 168 60 6
        vertex 152.25983 49.162445 6
    endloop
endfacet
facet normal 0 -0 1
    outer loop
        vertex 152.25983 49.162445 6
        vertex 168 60 6
        vertex 151.03491 52.805862 6
    endloop
endfacet
facet normal 0 0 1
    outer loop
        vertex 151.03491 52.805862 6
        vertex 168 60 6
        vertex 153 60 6
    endloop
endfacet
facet normal -0 0 1
    outer loop
        vertex 149.7228 56.418808 6
        vertex 151.03491 52.805862 6
        vertex 153 60 6
    endloop
endfacet
facet normal -0 0 0.99999994
    outer loop
        vertex 149.25 60 6
        vertex 149.7228 56.418808 6
        vertex 153 60 6
    endloop
endfacet
facet normal 0 0 1
    outer loop
        vertex 149.25 60 6
        vertex 148.3243 59.99919 6
        vertex 149.7228 56.418808 6
    endloop
endfacet
facet normal 0 0 1
    outer loop
        vertex 148.3243 59.99919 6
        vertex 148.3125 60 6
        vertex 146.93376 59.436703 6
    endloop
endfacet
facet normal 0 0 0.99999994
    outer loop
        vertex 148.203 51.815754 6
        vertex 146.9155 55.36096 6
        vertex 138 60 6
    endloop
endfacet
facet normal 0 0 0.99999994
    outer loop
        vertex 149.40495 48.24065 6
        vertex 148.203 51.815754 6
        vertex 138 60 6
    endloop
endfacet
facet normal 0 0 1
    outer loop
        vertex 150.52068 44.637703 6
        vertex 149.40495 48.24065 6
        vertex 138 60 6
    endloop
endfacet
facet normal 0 0 1
    outer loop
        vertex 151.54953 41.00899 6
        vertex 150.52068 44.637703 6
        vertex 138 60 6
    endloop
endfacet
facet normal 0 0 0.99999994
    outer loop
        vertex 152.49094 37.356613 6
        vertex 151.54953 41.00899 6
        vertex 138 60 6
    endloop
endfacet
facet normal 0 0 1
    outer loop
        vertex 153.34431 33.68267 6
        vertex 152.49094 37.356613 6
        vertex 138 60 6
    endloop
endfacet
facet normal 0 0 1
    outer loop
        vertex 154.10919 29.98929 6
        vertex 153.34431 33.68267 6
        vertex 138 60 6
    endloop
endfacet
facet normal 0 0 1
    outer loop
        vertex 154.78513 26.278605 6
        vertex 154.10919 29.98929 6
        vertex 138 60 6
    endloop
endfacet
facet normal 0 0 1
    outer loop
        vertex 155.37172 22.55275 6
        vertex 154.78513 26.278605 6
        vertex 138 60 6
    endloop
endfacet
facet normal 0 0 1
    outer loop
        vertex 155.86865 18.813879 6
        vertex 155.37172 22.55275 6
        vertex 138 60 6
    endloop
endfacet
facet normal 0 0 1
    outer loop
        vertex 156.27563 15.064149 6
        vertex 155.86865 18.813879 6
        vertex 138 60 6
    endloop
endfacet
facet normal 0 0 0.99999994
    outer loop
        vertex 156.59239 11.305726 6
        vertex 138 60 6
        vertex 156.8188 7.5407777 6
    endloop
endfacet
facet normal 0 0 1
    outer loop
        vertex 156.59239 11.305726 6
        vertex 156.27563 15.064149 6
        vertex 138 60 6
    endloop
endfacet
facet normal 0 0 1
    outer loop
        vertex 156.8188 7.5407777 6
        vertex 138 60 6
        vertex 156.9547 3.7714772 6
    endloop
endfacet
facet normal 0 0 1
    outer loop
        vertex 156.9547 3.7714772 6
        vertex 138 60 6
        vertex 157 0.000000000000048572257 6
    endloop
endfacet
facet normal 0 0 1
    outer loop
        vertex 157 0.000000000000048572257 6
        vertex 138 60 6
        vertex 138 -60 6
    endloop
endfacet
facet normal 0 -0 1
    outer loop
        vertex 156.9547 -3.7714772 6
        vertex 157 0.000000000000048572257 6
        vertex 138 -60 6
    endloop
endfacet
facet normal -0 0 1
    outer loop
        vertex 159.26178 15.351997 6
        vertex 159.58461 11.521758 6
        vertex 168 60 6
    endloop
endfacet
facet normal 0 -0 1
    outer loop
        vertex 156.8188 -7.5407777 6
        vertex 156.9547 -3.7714772 6
        vertex 138 -60 6
    endloop
endfacet
facet normal -0 0 1
    outer loop
        vertex 159.81534 7.6848683 6
        vertex 159.95383 3.8435433 6
        vertex 168 60 6
    endloop
endfacet
facet normal 0 -0 0.99999994
    outer loop
        vertex 156.59239 -11.305726 6
        vertex 156.8188 -7.5407777 6
        vertex 138 -60 6
    endloop
endfacet
facet normal -0 0 1
    outer loop
        vertex 159.95383 3.8435433 6
        vertex 160 -0 6
        vertex 168 60 6
    endloop
endfacet
facet normal 0 -0 0.99999994
    outer loop
        vertex 156.27563 -15.064149 6
        vertex 156.59239 -11.305726 6
        vertex 138 -60 6
    endloop
endfacet
facet normal -0 0 1
    outer loop
        vertex 160 -0 6
        vertex 168 -60 6
        vertex 168 60 6
    endloop
endfacet
facet normal 0 -0 1
    outer loop
        vertex 155.86865 -18.813879 6
        vertex 156.27563 -15.064149 6
        vertex 138 -60 6
    endloop
endfacet
facet normal -0 0 1
    outer loop
        vertex 159.81534 -7.6848683 6
        vertex 168 -60 6
        vertex 159.95383 -3.8435433 6
    endloop
endfacet
facet normal -0 0 1
    outer loop
        vertex 158.84703 19.173378 6
        vertex 159.26178 15.351997 6
        vertex 168 60 6
    endloop
endfacet
facet normal 0 0 1
    outer loop
        vertex 159.81534 -7.6848683 6
        vertex 159.58461 -11.521758 6
        vertex 168 -60 6
    endloop
endfacet
facet normal 0 0 1
    outer loop
        vertex 155.86865 -18.813879 6
        vertex 138 -60 6
        vertex 155.37172 -22.55275 6
    endloop
endfacet
facet normal 0 0 1
    outer loop
        vertex 155.37172 -22.55275 6
        vertex 138 -60 6
        vertex 154.78513 -26.278605 6
    endloop
endfacet
facet normal 0 0 1
    outer loop
        vertex 154.78513 -26.278605 6
        vertex 138 -60 6
        vertex 154.10919 -29.98929 6
    endloop
endfacet
facet normal 0 0 1
    outer loop
        vertex 154.10919 -29.98929 6
        vertex 138 -60 6
        vertex 153.34431 -33.68267 6
    endloop
endfacet
facet normal 0 0 1
    outer loop
        vertex 153.34431 -33.68267 6
        vertex 138 -60 6
        vertex 152.49094 -37.356613 6
    endloop
endfacet
facet normal 0 0 0.99999994
    outer loop
        vertex 152.49094 -37.356613 6
        vertex 138 -60 6
        vertex 151.54953 -41.00899 6
    endloop
endfacet
facet normal 0 0 1
    outer loop
        vertex 151.54953 -41.00899 6
        vertex 138 -60 6
        vertex 150.52068 -44.637703 6
    endloop
endfacet
facet normal 0 0 1
    outer loop
        vertex 150.52068 -44.637703 6
        vertex 138 -60 6
        vertex 149.40495 -48.24065 6
    endloop
endfacet
facet normal 0 -0 0.99999994
    outer loop
        vertex 145.54321 -58.87421 6
        vertex 146.9155 -55.36096 6
        vertex 138 -60 6
    endloop
endfacet
facet normal 0 0 0.99999994
    outer loop
        vertex 149.40495 -48.24065 6
        vertex 138 -60 6
        vertex 148.203 -51.815754 6
    endloop
endfacet
facet normal 0 0 0.99999994
    outer loop
        vertex 148.203 -51.815754 6
        vertex 138 -60 6
        vertex 146.9155 -55.36096 6
    endloop
endfacet
facet normal 0 0 0.99999994
    outer loop
        vertex 146.9155 55.36096 6
        vertex 145.54321 58.87421 6
        vertex 138 60 6
    endloop
endfacet
facet normal -0 0 1
    outer loop
        vertex 138 60 6
        vertex 145.54321 58.87421 6
        vertex 145.5 60 6
    endloop
endfacet
facet normal 0 -0 1
    outer loop
        vertex 149.25 -60 6
        vertex 149.7228 -56.418808 6
        vertex 148.3243 -59.99919 6
    endloop
endfacet
facet normal -0 0 0.99999994
    outer loop
        vertex 146.9155 -55.36096 110
        vertex 149.7228 -56.418808 110
        vertex 148.203 -51.815754 110
    endloop
endfacet
facet normal 0 0 0.99999994
    outer loop
        vertex 146.9155 -55.36096 110
        vertex 145.54321 -58.87421 110
        vertex 148.3243 -59.99919 110
    endloop
endfacet
facet normal 0 0 1
    outer loop
        vertex 148.203 -51.815754 110
        vertex 149.7228 -56.418808 110
        vertex 151.03491 -52.805862 110
    endloop
endfacet
facet normal 0 0 1
    outer loop
        vertex 149.40495 -48.24065 110
        vertex 151.03491 -52.805862 110
        vertex 152.25983 -49.162445 110
    endloop
endfacet
facet normal 0 0 0.99999994
    outer loop
        vertex 150.52068 -44.637703 110
        vertex 149.40495 -48.24065 110
        vertex 152.25983 -49.162445 110
    endloop
endfacet
facet normal 0 0 0.99999994
    outer loop
        vertex 151.54953 -41.00899 110
        vertex 150.52068 -44.637703 110
        vertex 153.39688 -45.49065 110
    endloop
endfacet
facet normal 0 0 0.99999994
    outer loop
        vertex 154.44539 -41.7926 110
        vertex 151.54953 -41.00899 110
        vertex 153.39688 -45.49065 110
    endloop
endfacet
facet normal 0 0 0.99999994
    outer loop
        vertex 155.40477 -38.07043 110
        vertex 152.49094 -37.356613 110
        vertex 154.44539 -41.7926 110
    endloop
endfacet
facet normal 0 0 0.99999994
    outer loop
        vertex 155.40477 -38.07043 110
        vertex 153.34431 -33.68267 110
        vertex 152.49094 -37.356613 110
    endloop
endfacet
facet normal -0 0 0.99999994
    outer loop
        vertex 153.34431 -33.68267 110
        vertex 156.27446 -34.326286 110
        vertex 154.10919 -29.98929 110
    endloop
endfacet
facet normal 0 0 1
    outer loop
        vertex 154.10919 -29.98929 110
        vertex 156.27446 -34.326286 110
        vertex 157.05396 -30.562332 110
    endloop
endfacet
facet normal 0 0 1
    outer loop
        vertex 154.78513 -26.278605 110
        vertex 157.05396 -30.562332 110
        vertex 157.7428 -26.780739 110
    endloop
endfacet
facet normal 0 0 0.99999994
    outer loop
        vertex 155.37172 -22.55275 110
        vertex 154.78513 -26.278605 110
        vertex 157.7428 -26.780739 110
    endloop
endfacet
facet normal 0 0 0.99999994
    outer loop
        vertex 155.86865 -18.813879 110
        vertex 155.37172 -22.55275 110
        vertex 158.34062 -22.98369 110
    endloop
endfacet
facet normal 0 0 1
    outer loop
        vertex 158.84703 -19.173378 110
        vertex 155.86865 -18.813879 110
        vertex 158.34062 -22.98369 110
    endloop
endfacet
facet normal 0 0 0.99999994
    outer loop
        vertex 156.59239 -11.305726 110
        vertex 159.26178 -15.351997 110
        vertex 159.58461 -11.521758 110
    endloop
endfacet
facet normal 0 0 0.99999994
    outer loop
        vertex 156.59239 -11.305726 110
        vertex 156.27563 -15.064149 110
        vertex 159.26178 -15.351997 110
    endloop
endfacet
facet normal 0 0 1
    outer loop
        vertex 156.8188 -7.5407777 110
        vertex 159.58461 -11.521758 110
        vertex 159.81534 -7.6848683 110
    endloop
endfacet
facet normal 0 0 0.99999994
    outer loop
        vertex 156.8188 -7.5407777 110
        vertex 156.59239 -11.305726 110
        vertex 159.58461 -11.521758 110
    endloop
endfacet
facet normal 0 0 1
    outer loop
        vertex 156.9547 -3.7714772 110
        vertex 159.81534 -7.6848683 110
        vertex 159.95383 -3.8435433 110
    endloop
endfacet
facet normal 0 0 0.99999994
    outer loop
        vertex 156.9547 -3.7714772 110
        vertex 156.8188 -7.5407777 110
        vertex 159.81534 -7.6848683 110
    endloop
endfacet
facet normal -0 0 1
    outer loop
        vertex 157 -0.000000000000048572257 110
        vertex 159.95383 -3.8435433 110
        vertex 160 -0 110
    endloop
endfacet
facet normal 0 0 0.99999994
    outer loop
        vertex 157 -0.000000000000048572257 110
        vertex 156.9547 -3.7714772 110
        vertex 159.95383 -3.8435433 110
    endloop
endfacet
facet normal -0 0 0.99999994
    outer loop
        vertex 156.9547 3.7714772 110
        vertex 157 -0.000000000000048572257 110
        vertex 159.95383 3.8435433 110
    endloop
endfacet
facet normal 0 0 1
    outer loop
        vertex 159.95383 3.8435433 110
        vertex 157 -0.000000000000048572257 110
        vertex 160 -0 110
    endloop
endfacet
facet normal -0 0 0.99999994
    outer loop
        vertex 156.8188 7.5407777 110
        vertex 156.9547 3.7714772 110
        vertex 159.81534 7.6848683 110
    endloop
endfacet
facet normal 0 0 1
    outer loop
        vertex 159.81534 7.6848683 110
        vertex 156.9547 3.7714772 110
        vertex 159.95383 3.8435433 110
    endloop
endfacet
facet normal -0 0 0.99999994
    outer loop
        vertex 156.59239 11.305726 110
        vertex 156.8188 7.5407777 110
        vertex 159.58461 11.521758 110
    endloop
endfacet
facet normal 0 0 1
    outer loop
        vertex 159.58461 11.521758 110
        vertex 156.8188 7.5407777 110
        vertex 159.81534 7.6848683 110
    endloop
endfacet
facet normal -0 0 0.99999994
    outer loop
        vertex 156.27563 15.064149 110
        vertex 156.59239 11.305726 110
        vertex 159.26178 15.351997 110
    endloop
endfacet
facet normal 0 0 0.99999994
    outer loop
        vertex 159.26178 15.351997 110
        vertex 156.59239 11.305726 110
        vertex 159.58461 11.521758 110
    endloop
endfacet
facet normal -0 0 0.99999994
    outer loop
        vertex 155.86865 18.813879 110
        vertex 156.27563 15.064149 110
        vertex 158.84703 19.173378 110
    endloop
endfacet
facet normal 0 0 1
    outer loop
        vertex 158.84703 19.173378 110
        vertex 156.27563 15.064149 110
        vertex 159.26178 15.351997 110
    endloop
endfacet
facet normal -0 0 0.99999994
    outer loop
        vertex 155.37172 22.55275 110
        vertex 155.86865 18.813879 110
        vertex 158.34062 22.98369 110
    endloop
endfacet
facet normal 0 0 1
    outer loop
        vertex 158.34062 22.98369 110
        vertex 155.86865 18.813879 110
        vertex 158.84703 19.173378 110
    endloop
endfacet
facet normal -0 0 0.99999994
    outer loop
        vertex 154.78513 26.278605 110
        vertex 155.37172 22.55275 110
        vertex 157.7428 26.780739 110
    endloop
endfacet
facet normal 0 0 1
    outer loop
        vertex 157.7428 26.780739 110
        vertex 155.37172 22.55275 110
        vertex 158.34062 22.98369 110
    endloop
endfacet
facet normal -0 0 0.99999994
    outer loop
        vertex 154.10919 29.98929 110
        vertex 154.78513 26.278605 110
        vertex 157.05396 30.562332 110
    endloop
endfacet
facet normal 0 0 1
    outer loop
        vertex 157.05396 30.562332 110
        vertex 154.78513 26.278605 110
        vertex 157.7428 26.780739 110
    endloop
endfacet
facet normal -0 0 0.99999994
    outer loop
        vertex 153.34431 33.68267 110
        vertex 154.10919 29.98929 110
        vertex 156.27446 34.326286 110
    endloop
endfacet
facet normal 0 0 1
    outer loop
        vertex 156.27446 34.326286 110
        vertex 154.10919 29.98929 110
        vertex 157.05396 30.562332 110
    endloop
endfacet
facet normal -0 0 0.99999994
    outer loop
        vertex 152.49094 37.356613 110
        vertex 153.34431 33.68267 110
        vertex 155.40477 38.07043 110
    endloop
endfacet
facet normal 0 0 1
    outer loop
        vertex 155.40477 38.07043 110
        vertex 153.34431 33.68267 110
        vertex 156.27446 34.326286 110
    endloop
endfacet
facet normal -0 0 0.99999994
    outer loop
        vertex 151.54953 41.00899 110
        vertex 152.49094 37.356613 110
        vertex 154.44539 41.7926 110
    endloop
endfacet
facet normal 0 0 0.99999994
    outer loop
        vertex 154.44539 41.7926 110
        vertex 152.49094 37.356613 110
        vertex 155.40477 38.07043 110
    endloop
endfacet
facet normal -0 0 0.99999994
    outer loop
        vertex 150.52068 44.637703 110
        vertex 151.54953 41.00899 110
        vertex 153.39688 45.49065 110
    endloop
endfacet
facet normal 0 0 0.99999994
    outer loop
        vertex 153.39688 45.49065 110
        vertex 151.54953 41.00899 110
        vertex 154.44539 41.7926 110
    endloop
endfacet
facet normal 0 0 1
    outer loop
        vertex 159.26178 -15.351997 110
        vertex 156.27563 -15.064149 110
        vertex 158.84703 -19.173378 110
    endloop
endfacet
facet normal 0 0 0.99999994
    outer loop
        vertex 148.3243 59.99919 110
        vertex 145.54321 58.87421 110
        vertex 146.9155 55.36096 110
    endloop
endfacet
facet normal 0 0 1
    outer loop
        vertex 149.7228 56.418808 110
        vertex 148.3243 59.99919 110
        vertex 146.9155 55.36096 110
    endloop
endfacet
facet normal 0 0 0.99999994
    outer loop
        vertex 149.7228 56.418808 110
        vertex 146.9155 55.36096 110
        vertex 148.203 51.815754 110
    endloop
endfacet
facet normal 0 0 1
    outer loop
        vertex 151.03491 52.805862 110
        vertex 149.7228 56.418808 110
        vertex 148.203 51.815754 110
    endloop
endfacet
facet normal 0 -0 0.99999994
    outer loop
        vertex 149.40495 48.24065 110
        vertex 151.03491 52.805862 110
        vertex 148.203 51.815754 110
    endloop
endfacet
facet normal 0 0 1
    outer loop
        vertex 149.40495 48.24065 110
        vertex 152.25983 49.162445 110
        vertex 151.03491 52.805862 110
    endloop
endfacet
facet normal -0 0 0.99999994
    outer loop
        vertex 149.40495 48.24065 110
        vertex 150.52068 44.637703 110
        vertex 152.25983 49.162445 110
    endloop
endfacet
facet normal 0 0 1
    outer loop
        vertex 152.25983 49.162445 110
        vertex 150.52068 44.637703 110
        vertex 153.39688 45.49065 110
    endloop
endfacet
facet normal 0 0 0.99999994
    outer loop
        vertex 158.84703 -19.173378 110
        vertex 156.27563 -15.064149 110
        vertex 155.86865 -18.813879 110
    endloop
endfacet
facet normal 0 0 1
    outer loop
        vertex 158.34062 -22.98369 110
        vertex 155.37172 -22.55275 110
        vertex 157.7428 -26.780739 110
    endloop
endfacet
facet normal 0 0 0.99999994
    outer loop
        vertex 154.78513 -26.278605 110
        vertex 154.10919 -29.98929 110
        vertex 157.05396 -30.562332 110
    endloop
endfacet
facet normal 0 0 1
    outer loop
        vertex 153.34431 -33.68267 110
        vertex 155.40477 -38.07043 110
        vertex 156.27446 -34.326286 110
    endloop
endfacet
facet normal -0 0 0.99999994
    outer loop
        vertex 151.54953 -41.00899 110
        vertex 154.44539 -41.7926 110
        vertex 152.49094 -37.356613 110
    endloop
endfacet
facet normal 0 -0 1
    outer loop
        vertex 148.3243 -59.99919 110
        vertex 149.7228 -56.418808 110
        vertex 146.9155 -55.36096 110
    endloop
endfacet
facet normal 0 -0 1
    outer loop
        vertex 152.25983 -49.162445 110
        vertex 153.39688 -45.49065 110
        vertex 150.52068 -44.637703 110
    endloop
endfacet
facet normal -0 0 0.99999994
    outer loop
        vertex 148.203 -51.815754 110
        vertex 151.03491 -52.805862 110
        vertex 149.40495 -48.24065 110
    endloop
endfacet
facet normal -0.37499297 0.92702764 0
    outer loop
        vertex 146.93376 59.436703 6
        vertex 145.54321 58.87421 6
        vertex 145.54321 58.87421 110
    endloop
endfacet
facet normal -0.37499431 0.92702711 0
    outer loop
        vertex 146.93376 59.436703 6
        vertex 148.3243 59.99919 110
        vertex 148.3243 59.99919 6
    endloop
endfacet
facet normal -0.37499365 0.9270274 -0.00000001
    outer loop
        vertex 145.54321 58.87421 110
        vertex 148.3243 59.99919 110
        vertex 146.93376 59.436703 6
    endloop
endfacet
facet normal -0.37499297 -0.92702764 0
    outer loop
        vertex 146.93376 -59.436703 6
        vertex 145.54321 -58.87421 110
        vertex 145.54321 -58.87421 6
    endloop
endfacet
facet normal -0.37499431 -0.92702711 0
    outer loop
        vertex 146.93376 -59.436703 6
        vertex 148.3243 -59.99919 6
        vertex 148.3243 -59.99919 110
    endloop
endfacet
facet normal -0.37499365 -0.9270274 -0.00000001
    outer loop
        vertex 145.54321 -58.87421 110
        vertex 146.93376 -59.436703 6
        vertex 148.3243 -59.99919 110
    endloop
endfacet
facet normal 0.99038762 0.13831975 -0.00005602
    outer loop
        vertex 158.33037 23.054134 42.15729
        vertex 158.35526 22.882584 58.563137
        vertex 158.55421 21.46071 65.23506
    endloop
endfacet
facet normal 0.98760164 0.15698116 0.00014335
    outer loop
        vertex 158.33037 23.054134 42.15729
        vertex 157.68196 27.136696 38.547348
        vertex 158.35526 22.882584 58.563137
    endloop
endfacet
facet normal 0.93146521 0.36383054 0.00016093
    outer loop
        vertex 149.77493 56.280277 17.407408
        vertex 149.7228 56.418808 6
        vertex 148.3243 59.99919 6
    endloop
endfacet
facet normal 0.94026256 0.34045017 0.00016185
    outer loop
        vertex 149.77493 56.280277 17.407408
        vertex 151.18086 52.386505 40.222225
        vertex 151.03491 52.805862 6
    endloop
endfacet
facet normal 0.93993366 0.34135702 0.00014688
    outer loop
        vertex 149.77493 56.280277 98.2963
        vertex 149.7228 56.418808 110
        vertex 151.03491 52.805862 110
    endloop
endfacet
facet normal 0.93146521 0.36383054 -0.00015685
    outer loop
        vertex 149.77493 56.280277 98.2963
        vertex 148.3243 59.99919 110
        vertex 149.7228 56.418808 110
    endloop
endfacet
facet normal 0.93993366 -0.34135702 -0.00015064
    outer loop
        vertex 149.77495 -56.280235 17.411577
        vertex 149.7228 -56.418808 6
        vertex 151.03491 -52.805862 6
    endloop
endfacet
facet normal 0.93146521 -0.36383054 0.00016096
    outer loop
        vertex 149.77495 -56.280235 17.411577
        vertex 148.3243 -59.99919 6
        vertex 149.7228 -56.418808 6
    endloop
endfacet
facet normal 0.93146515 -0.36383051 -0.000157
    outer loop
        vertex 149.77495 -56.280235 98.30046
        vertex 149.7228 -56.418808 110
        vertex 148.3243 -59.99919 110
    endloop
endfacet
facet normal 0.94026256 -0.34045005 -0.00015783
    outer loop
        vertex 149.77495 -56.280235 98.30046
        vertex 151.18091 -52.386375 74.901405
        vertex 151.03491 -52.805862 110
    endloop
endfacet
facet normal 0.94951802 0.31371254 0.0001774
    outer loop
        vertex 151.22926 52.246628 63.185184
        vertex 151.18086 52.386505 74.88889
        vertex 152.56384 48.210735 57
    endloop
endfacet
facet normal 0.94098777 0.33844057 -0.00015341
    outer loop
        vertex 151.22926 52.246628 63.185184
        vertex 149.8399 56.107048 57.666668
        vertex 151.18086 52.386505 74.88889
    endloop
endfacet
facet normal 0.94098872 -0.33843777 -0.00015331
    outer loop
        vertex 151.22932 -52.24646 63.201866
        vertex 151.18091 -52.386375 74.901405
        vertex 149.83995 -56.106956 57.676052
    endloop
endfacet
facet normal 0.94951844 -0.31371099 0.0001777
    outer loop
        vertex 151.22932 -52.24646 63.201866
        vertex 152.56393 -48.210453 57.02815
        vertex 151.18091 -52.386375 74.901405
    endloop
endfacet
facet normal 0.96785945 0.25149122 -0.00043977
    outer loop
        vertex 154.52957 41.480244 26.995865
        vertex 155.20114 38.892227 25
        vertex 155.20605 38.872616 24.598337
    endloop
endfacet
facet normal 0.96800703 0.25092283 0.00034661
    outer loop
        vertex 154.52957 41.480244 26.995865
        vertex 155.20505 38.876663 25.357965
        vertex 155.20114 38.892227 25
    endloop
endfacet
facet normal 0.95524561 0.29581344 -0.00040159
    outer loop
        vertex 153.0525 46.63615 30.629633
        vertex 153.39688 45.49065 6
        vertex 152.25983 49.162445 6
    endloop
endfacet
facet normal 0.96825904 0.24994878 0.00030758
    outer loop
        vertex 154.52957 41.480244 26.995865
        vertex 154.39603 41.974598 45.666676
        vertex 155.29692 38.507984 26.735065
    endloop
endfacet
facet normal 0.94088143 0.33873627 0.00008022
    outer loop
        vertex 151.18086 52.386505 40.222225
        vertex 149.8399 56.107048 57.666668
        vertex 151.22926 52.246628 63.185184
    endloop
endfacet
facet normal 0.93993366 0.34135702 -0.00015069
    outer loop
        vertex 149.77493 56.280277 17.407408
        vertex 151.03491 52.805862 6
        vertex 149.7228 56.418808 6
    endloop
endfacet
facet normal 0.96795809 0.25111142 -0.00041071
    outer loop
        vertex 154.52968 41.479893 84.6209
        vertex 155.20114 38.892227 85
        vertex 155.20605 38.87263 84.59854
    endloop
endfacet
facet normal 0.96793067 0.25121728 0.0003603
    outer loop
        vertex 154.52968 41.479893 84.6209
        vertex 155.20505 38.876663 85.35796
        vertex 155.20114 38.892227 85
    endloop
endfacet
facet normal 0.96207714 0.2727775 -0.00016573
    outer loop
        vertex 154.52968 41.479893 84.6209
        vertex 153.39688 45.49065 110
        vertex 154.44539 41.7926 110
    endloop
endfacet
facet normal 0.95130861 0.30823883 -0.00092983
    outer loop
        vertex 153.05283 46.63511 83.50473
        vertex 151.18086 52.386505 74.88889
        vertex 152.25983 49.162445 110
    endloop
endfacet
facet normal 0.93156803 0.36356714 -0.00006042
    outer loop
        vertex 149.77493 56.280277 98.2963
        vertex 149.8399 56.107048 57.666668
        vertex 148.3243 59.99919 110
    endloop
endfacet
facet normal 0.94939679 0.31407905 -0.00008793
    outer loop
        vertex 151.22926 52.246628 63.185184
        vertex 152.56384 48.210735 57
        vertex 151.18086 52.386505 40.222225
    endloop
endfacet
facet normal 0.96804488 -0.25077677 0.00052972
    outer loop
        vertex 154.53046 -41.477005 27.055338
        vertex 155.20137 -38.89131 25.087118
        vertex 155.2069 -38.869255 25.434639
    endloop
endfacet
facet normal 0.9614532 -0.27496776 0.00065272
    outer loop
        vertex 154.53046 -41.477005 27.055338
        vertex 153.05295 -46.634747 30.644258
        vertex 153.39688 -45.49065 6
    endloop
endfacet
facet normal 0.96207702 -0.2727775 0.00020162
    outer loop
        vertex 154.53046 -41.477005 27.055338
        vertex 153.39688 -45.49065 6
        vertex 154.44539 -41.7926 6
    endloop
endfacet
facet normal 0.95137697 -0.30802739 0.0009756
    outer loop
        vertex 153.05295 -46.634747 30.644258
        vertex 151.18091 -52.386375 40.234734
        vertex 152.25983 -49.162445 6
    endloop
endfacet
facet normal 0.93156946 -0.36356351 0.00006069
    outer loop
        vertex 149.77495 -56.280235 17.411577
        vertex 149.83995 -56.106956 57.676052
        vertex 148.3243 -59.99919 6
    endloop
endfacet
facet normal 0.94939739 -0.31407741 -0.00008803
    outer loop
        vertex 151.18091 -52.386375 40.234734
        vertex 152.56393 -48.210453 57.02815
        vertex 151.22932 -52.24646 63.201866
    endloop
endfacet
facet normal 0.96792936 -0.25122246 0.00036053
    outer loop
        vertex 154.52916 -41.481823 84.62901
        vertex 155.20114 -38.892227 85
        vertex 155.20505 -38.876663 85.35792
    endloop
endfacet
facet normal 0.96129882 -0.27550715 0.0004211
    outer loop
        vertex 154.52916 -41.481823 84.62901
        vertex 153.05107 -46.640846 83.52912
        vertex 154.39212 -41.988934 65.685974
    endloop
endfacet
facet normal 0.95524573 -0.29581347 0.00037438
    outer loop
        vertex 153.05107 -46.640846 83.52912
        vertex 153.39688 -45.49065 110
        vertex 152.25983 -49.162445 110
    endloop
endfacet
facet normal 0.96809906 -0.25056726 -0.00029574
    outer loop
        vertex 154.52916 -41.481823 84.62901
        vertex 154.39212 -41.988934 65.685974
        vertex 155.2574 -38.667023 83.65738
    endloop
endfacet
facet normal 0.94088227 -0.33873361 0.00008012
    outer loop
        vertex 151.22932 -52.24646 63.201866
        vertex 149.83995 -56.106956 57.676052
        vertex 151.18091 -52.386375 40.234734
    endloop
endfacet
facet normal 0.93993372 -0.34135708 0.00014693
    outer loop
        vertex 149.77495 -56.280235 98.30046
        vertex 151.03491 -52.805862 110
        vertex 149.7228 -56.418808 110
    endloop
endfacet
facet normal 0.99797094 0.06367043 -0.00037114
    outer loop
        vertex 159.5453 12.053895 34.49619
        vertex 159.74052 9.108662 54.166965
        vertex 159.8046 7.90501 19.960205
    endloop
endfacet
facet normal 0.99531525 0.09667689 -0.00110001
    outer loop
        vertex 159.5453 12.053895 34.49619
        vertex 158.85248 19.128298 29.361393
        vertex 159.24513 15.523733 67.84911
    endloop
endfacet
facet normal 0.99128348 0.13174632 0.00002308
    outer loop
        vertex 158.85248 19.128298 29.361393
        vertex 158.84703 19.173378 6
        vertex 158.34062 22.98369 6
    endloop
endfacet
facet normal 0.99416184 0.1079002 -0.0000236
    outer loop
        vertex 158.85248 19.128298 29.361393
        vertex 159.26178 15.351997 6
        vertex 158.84703 19.173378 6
    endloop
endfacet
facet normal 0.99928594 0.03778094 0.00054231
    outer loop
        vertex 159.8046 7.90501 19.960205
        vertex 159.74052 9.108662 54.166965
        vertex 159.95168 3.9319475 25.734707
    endloop
endfacet
facet normal 0.99513096 0.09854954 0.00150488
    outer loop
        vertex 158.85248 19.128298 29.361393
        vertex 159.5453 12.053895 34.49619
        vertex 159.26178 15.351997 6
    endloop
endfacet
facet normal 0.99646688 -0.08398682 0.00005784
    outer loop
        vertex 159.5778 -11.615631 90.93493
        vertex 159.58461 -11.521758 110
        vertex 159.26178 -15.351997 110
    endloop
endfacet
facet normal 0.99815983 -0.06063825 0.00006599
    outer loop
        vertex 159.5778 -11.615631 90.93493
        vertex 159.8093 -7.809748 86.645515
        vertex 159.81534 -7.6848683 110
    endloop
endfacet
facet normal 0.99814838 -0.06082604 -0.00003221
    outer loop
        vertex 159.57245 -11.688977 71.31084
        vertex 159.5683 -11.74556 49.54467
        vertex 159.81358 -7.7213864 51.293213
    endloop
endfacet
facet normal 0.99636424 -0.08519559 0.00003148
    outer loop
        vertex 159.57245 -11.688977 71.31084
        vertex 159.24286 -15.547194 61.41772
        vertex 159.5683 -11.74556 49.54467
    endloop
endfacet
facet normal 0.99406779 -0.10876244 0.00004572
    outer loop
        vertex 159.24286 -15.547194 61.41772
        vertex 159.25343 -15.438338 90.45808
        vertex 158.82666 -19.341484 84.45864
    endloop
endfacet
facet normal 0.99815214 -0.06076321 -0.00004531
    outer loop
        vertex 159.5778 -11.615631 90.93493
        vertex 159.57245 -11.688977 71.31084
        vertex 159.8093 -7.809748 86.645515
    endloop
endfacet
facet normal 0.99933827 0.03637528 -0.00005302
    outer loop
        vertex 159.80952 7.804769 82.68381
        vertex 159.81534 7.6848683 110
        vertex 159.95375 3.8474162 86.09426
    endloop
endfacet
facet normal 0.99815583 0.06070442 -0.00004166
    outer loop
        vertex 159.80952 7.804769 82.68381
        vertex 159.57515 11.652041 73.16985
        vertex 159.58461 11.521758 110
    endloop
endfacet
facet normal 0.99819684 0.06002573 0.00005103
    outer loop
        vertex 159.80952 7.804769 82.68381
        vertex 159.58461 11.521758 110
        vertex 159.81534 7.6848683 110
    endloop
endfacet
facet normal 0.99639237 0.08486534 -0.00004775
    outer loop
        vertex 159.57515 11.652041 73.16985
        vertex 159.24513 15.523733 67.84911
        vertex 159.26178 15.351997 110
    endloop
endfacet
facet normal 0.99929732 -0.03746593 0.00104438
    outer loop
        vertex 159.81358 -7.7213864 51.293213
        vertex 159.8681 -6.495237 43.11372
        vertex 159.95058 -3.9762738 54.564987
    endloop
endfacet
facet normal 0.99820554 -0.05983701 -0.00231644
    outer loop
        vertex 159.81358 -7.7213864 51.293213
        vertex 159.5683 -11.74556 49.54467
        vertex 159.8681 -6.495237 43.11372
    endloop
endfacet
facet normal 0.98783141 -0.15552855 0.00011478
    outer loop
        vertex 158.30568 -23.223125 86.28913
        vertex 158.34062 -22.98369 110
        vertex 157.7428 -26.780739 110
    endloop
endfacet
facet normal 0.99111813 -0.13298455 0.0000848
    outer loop
        vertex 158.30568 -23.223125 86.28913
        vertex 158.82666 -19.341484 84.45864
        vertex 158.84703 -19.173378 110
    endloop
endfacet
facet normal 0.99128348 -0.13174629 -0.00013046
    outer loop
        vertex 158.30568 -23.223125 86.28913
        vertex 158.84703 -19.173378 110
        vertex 158.34062 -22.98369 110
    endloop
endfacet
facet normal 0.99408829 -0.10857416 -0.00007823
    outer loop
        vertex 158.82666 -19.341484 84.45864
        vertex 159.25343 -15.438338 90.45808
        vertex 158.84703 -19.173378 110
    endloop
endfacet
facet normal 0.99931812 -0.03692335 -0.00004775
    outer loop
        vertex 159.8093 -7.809748 86.645515
        vertex 159.95001 -3.9990623 84.913475
        vertex 159.94998 -4 85
    endloop
endfacet
facet normal 0.99930477 -0.03727314 -0.00081842
    outer loop
        vertex 159.8093 -7.809748 86.645515
        vertex 159.95058 -3.9762738 84.56498
        vertex 159.95001 -3.9990623 84.913475
    endloop
endfacet
facet normal 0.99416173 -0.1079002 0.00005211
    outer loop
        vertex 159.25343 -15.438338 90.45808
        vertex 159.26178 -15.351997 110
        vertex 158.84703 -19.173378 110
    endloop
endfacet
facet normal 0.99641979 -0.08454354 -0.00005205
    outer loop
        vertex 159.25343 -15.438338 90.45808
        vertex 159.5778 -11.615631 90.93493
        vertex 159.26178 -15.351997 110
    endloop
endfacet
facet normal 0.99959856 -0.02831305 -0.00098417
    outer loop
        vertex 159.8681 -6.495237 43.11372
        vertex 159.9539 -3.840323 53.881115
        vertex 159.95189 -3.9232125 54.219982
    endloop
endfacet
facet normal 0.99963665 -0.02694454 0.0008361
    outer loop
        vertex 159.8681 -6.495237 43.11372
        vertex 159.9526 -3.893855 25.915373
        vertex 159.95503 -3.7928216 26.270632
    endloop
endfacet
facet normal 0.98324823 -0.18227172 0.00018821
    outer loop
        vertex 157.67958 -27.150473 82.19192
        vertex 157.7428 -26.780739 110
        vertex 156.9231 -31.227264 86.063576
    endloop
endfacet
facet normal 0.99111003 -0.13304493 -0.00004555
    outer loop
        vertex 158.30568 -23.223125 86.28913
        vertex 158.29808 -23.274866 72.07385
        vertex 158.82666 -19.341484 84.45864
    endloop
endfacet
facet normal 0.99258453 -0.12155461 -0.000653
    outer loop
        vertex 159.02054 -17.676666 50.811565
        vertex 158.82353 -19.367128 66.03068
        vertex 158.49432 -21.898651 36.859352
    endloop
endfacet
facet normal 0.99571455 -0.0924513 -0.00230953
    outer loop
        vertex 159.02054 -17.676666 50.811565
        vertex 159.5683 -11.74556 49.54467
        vertex 159.24286 -15.547194 61.41772
    endloop
endfacet
facet normal 0.98820877 -0.15311153 0.00046153
    outer loop
        vertex 158.49432 -21.898651 36.859352
        vertex 157.68196 -27.136694 38.54737
        vertex 158.34062 -22.98369 6
    endloop
endfacet
facet normal 0.99114877 -0.13275577 0.00033525
    outer loop
        vertex 158.49432 -21.898651 36.859352
        vertex 158.82353 -19.367128 66.03068
        vertex 158.29808 -23.274866 72.07385
    endloop
endfacet
facet normal 0.98755479 -0.15727563 -0.00015392
    outer loop
        vertex 157.67958 -27.150473 82.19192
        vertex 158.30568 -23.223125 86.28913
        vertex 157.7428 -26.780739 110
    endloop
endfacet
facet normal 0.99402666 -0.10913792 -0.00001685
    outer loop
        vertex 158.82666 -19.341484 84.45864
        vertex 158.82353 -19.367128 66.03068
        vertex 159.24286 -15.547194 61.41772
    endloop
endfacet
facet normal 0.98918915 0.14663456 0.00175171
    outer loop
        vertex 158.55421 21.46071 65.23506
        vertex 158.35526 22.882584 58.563137
        vertex 157.88124 25.95208 69.292946
    endloop
endfacet
facet normal 0.99325955 0.11590892 0.00072214
    outer loop
        vertex 158.55421 21.46071 65.23506
        vertex 159.24513 15.523733 67.84911
        vertex 158.85248 19.128298 29.361393
    endloop
endfacet
facet normal 0.96855652 -0.24879019 0.00127792
    outer loop
        vertex 154.39212 -41.988934 65.685974
        vertex 155.21184 -38.849567 55.591465
        vertex 155.22748 -38.786964 55.925243
    endloop
endfacet
facet normal 0.95944256 -0.28190395 -0.00001948
    outer loop
        vertex 154.39212 -41.988934 65.685974
        vertex 152.56393 -48.210453 57.02815
        vertex 154.39714 -41.970467 45.698044
    endloop
endfacet
facet normal 0.96856165 0.24876942 -0.00146227
    outer loop
        vertex 154.39603 41.974598 45.666676
        vertex 155.21674 38.829903 54.28606
        vertex 155.2361 38.752457 53.93624
    endloop
endfacet
facet normal 0.95944941 0.28188106 0.00000342
    outer loop
        vertex 154.39603 41.974598 45.666676
        vertex 152.56384 48.210735 57
        vertex 154.39688 41.971447 65.62531
    endloop
endfacet
facet normal 0.96831053 0.24974722 0.00093848
    outer loop
        vertex 154.39688 41.971447 65.62531
        vertex 155.2151 38.836456 55.675682
        vertex 155.20464 38.878307 55.338562
    endloop
endfacet
facet normal 0.96806508 0.25069869 -0.00028029
    outer loop
        vertex 154.39688 41.971447 65.62531
        vertex 154.52968 41.479893 84.6209
        vertex 155.24507 38.71652 83.81015
    endloop
endfacet
facet normal 0.96828049 -0.24986379 -0.00103417
    outer loop
        vertex 154.39714 -41.970467 45.698044
        vertex 155.21674 -38.829895 54.286026
        vertex 155.20505 -38.876663 54.64204
    endloop
endfacet
facet normal 0.96829861 -0.24977989 0.00278924
    outer loop
        vertex 155.26701 -38.62843 26.44938
        vertex 154.53046 -41.477005 27.055338
        vertex 155.23988 -38.737293 26.118849
    endloop
endfacet
facet normal 0.99917167 0.04068007 -0.00105143
    outer loop
        vertex 159.74052 9.108662 54.166965
        vertex 159.80946 7.806094 69.28305
        vertex 159.95038 3.9848173 55.348175
    endloop
endfacet
facet normal 0.99664432 0.08182212 -0.00227781
    outer loop
        vertex 159.74052 9.108662 54.166965
        vertex 159.24513 15.523733 67.84911
        vertex 159.57515 11.652041 73.16985
    endloop
endfacet
facet normal 0.98891586 0.14847703 -0.00033291
    outer loop
        vertex 158.55421 21.46071 65.23506
        vertex 157.88124 25.95208 69.292946
        vertex 158.34062 22.98369 110
    endloop
endfacet
facet normal 0.98803979 0.15419833 -0.00046285
    outer loop
        vertex 158.35526 22.882584 58.563137
        vertex 157.68196 27.136696 38.547348
        vertex 157.88124 25.95208 69.292946
    endloop
endfacet
facet normal 0.9994601 0.03283684 0.00110228
    outer loop
        vertex 159.80946 7.806094 69.28305
        vertex 159.95149 3.9392965 55.69424
        vertex 159.95038 3.9848173 55.348175
    endloop
endfacet
facet normal 0.99933475 0.03646727 -0.00000095
    outer loop
        vertex 159.80946 7.806094 69.28305
        vertex 159.80952 7.804769 82.68381
        vertex 159.95334 3.8637776 83.965
    endloop
endfacet
facet normal 0.98254615 -0.18601553 0.00110817
    outer loop
        vertex 157.66397 -27.240967 68.6355
        vertex 156.93997 -31.142387 55.6757
        vertex 156.94836 -31.100067 55.338547
    endloop
endfacet
facet normal 0.98320127 -0.18252441 0.0000863
    outer loop
        vertex 157.66397 -27.240967 68.6355
        vertex 157.67958 -27.150473 82.19192
        vertex 156.91586 -31.263613 83.81022
    endloop
endfacet
facet normal 0.98752242 -0.15747832 0.0000453
    outer loop
        vertex 157.67958 -27.150473 82.19192
        vertex 158.29808 -23.274866 72.07385
        vertex 158.30568 -23.223125 86.28913
    endloop
endfacet
facet normal 0.99814874 -0.06081976 -0.00003096
    outer loop
        vertex 159.8093 -7.809748 86.645515
        vertex 159.57245 -11.688977 71.31084
        vertex 159.81358 -7.7213864 51.293213
    endloop
endfacet
facet normal 0.99929732 -0.03747307 0.00083143
    outer loop
        vertex 159.95058 -3.9762785 55.43495
        vertex 159.81358 -7.7213864 51.293213
        vertex 159.95001 -3.9990623 55.086636
    endloop
endfacet
facet normal 0.99268931 -0.12069482 -0.00091712
    outer loop
        vertex 159.26178 -15.351997 6
        vertex 159.02054 -17.676666 50.811565
        vertex 158.49432 -21.898651 36.859352
    endloop
endfacet
facet normal 0.98248237 -0.18635266 -0.00110704
    outer loop
        vertex 157.68196 -27.136694 38.54737
        vertex 156.94803 -31.101728 54.642117
        vertex 156.93866 -31.149008 54.286083
    endloop
endfacet
facet normal 0.98295683 -0.18383621 -0.00046554
    outer loop
        vertex 157.68196 -27.136694 38.54737
        vertex 156.95114 -31.08599 55
        vertex 156.94803 -31.101728 54.642117
    endloop
endfacet
facet normal 0.98292601 0.18398818 0.00218194
    outer loop
        vertex 157.88124 25.95208 69.292946
        vertex 156.9426 31.12913 55.591446
        vertex 156.93001 31.192423 55.925243
    endloop
endfacet
facet normal 0.99722999 0.07436872 0.00123803
    outer loop
        vertex 159.5453 12.053895 34.49619
        vertex 159.24513 15.523733 67.84911
        vertex 159.74052 9.108662 54.166965
    endloop
endfacet
facet normal 0.99646682 0.08398681 0.00004114
    outer loop
        vertex 159.57515 11.652041 73.16985
        vertex 159.26178 15.351997 110
        vertex 159.58461 11.521758 110
    endloop
endfacet
facet normal 0.98371267 0.17974713 0.00054958
    outer loop
        vertex 157.88124 25.95208 69.292946
        vertex 157.68196 27.136696 38.547348
        vertex 156.95114 31.08599 55
    endloop
endfacet
facet normal 0.98295802 0.18382923 -0.00046377
    outer loop
        vertex 157.68196 27.136696 38.547348
        vertex 156.94803 31.101732 54.64205
        vertex 156.95114 31.08599 55
    endloop
endfacet
facet normal 0.9876247 0.15683554 -0.00002548
    outer loop
        vertex 157.68196 27.136696 38.547348
        vertex 158.33037 23.054134 42.15729
        vertex 158.34062 22.98369 6
    endloop
endfacet
facet normal 0.95996821 0.28010666 0.00106366
    outer loop
        vertex 153.0525 46.63615 30.629633
        vertex 152.56384 48.210735 57
        vertex 154.39603 41.974598 45.666676
    endloop
endfacet
facet normal 0.94067639 0.33930507 0.00005759
    outer loop
        vertex 151.18086 52.386505 74.88889
        vertex 149.8399 56.107048 57.666668
        vertex 149.77493 56.280277 98.2963
    endloop
endfacet
facet normal 0.95981884 -0.28061843 -0.0010227
    outer loop
        vertex 153.05107 -46.640846 83.52912
        vertex 152.56393 -48.210453 57.02815
        vertex 154.39212 -41.988934 65.685974
    endloop
endfacet
facet normal 0.94067526 -0.33930832 -0.00005839
    outer loop
        vertex 151.18091 -52.386375 40.234734
        vertex 149.83995 -56.106956 57.676052
        vertex 149.77495 -56.280235 17.411577
    endloop
endfacet
facet normal 0.9315691 0.3635644 0.00006096
    outer loop
        vertex 148.3243 59.99919 6
        vertex 149.8399 56.107048 57.666668
        vertex 149.77493 56.280277 17.407408
    endloop
endfacet
facet normal 0.96754032 0.25271675 -0.00000153
    outer loop
        vertex 154.39603 41.974598 45.666676
        vertex 154.39688 41.971447 65.62531
        vertex 155.20114 38.892227 55
    endloop
endfacet
facet normal 0.95524573 -0.29581347 -0.00040165
    outer loop
        vertex 153.39688 -45.49065 6
        vertex 153.05295 -46.634747 30.644258
        vertex 152.25983 -49.162445 6
    endloop
endfacet
facet normal 0.93156838 -0.3635661 -0.00006016
    outer loop
        vertex 148.3243 -59.99919 110
        vertex 149.83995 -56.106956 57.676052
        vertex 149.77495 -56.280235 98.30046
    endloop
endfacet
facet normal 0.95042896 0.3109403 -0.00095421
    outer loop
        vertex 152.56384 48.210735 57
        vertex 153.0525 46.63615 30.629633
        vertex 151.18086 52.386505 40.222225
    endloop
endfacet
facet normal 0.96207714 0.2727775 0.00020067
    outer loop
        vertex 153.39688 45.49065 6
        vertex 154.52957 41.480244 26.995865
        vertex 154.44539 41.7926 6
    endloop
endfacet
facet normal 0.9681977 0.25018016 0.00175235
    outer loop
        vertex 155.21674 38.829895 25.713972
        vertex 154.52957 41.480244 26.995865
        vertex 155.2361 38.75251 26.063545
    endloop
endfacet
facet normal 0.9688369 0.24769211 -0.00190993
    outer loop
        vertex 155.26294 38.64484 53.59489
        vertex 154.39603 41.974598 45.666676
        vertex 155.2361 38.752457 53.93624
    endloop
endfacet
facet normal 0.96913207 0.24652973 -0.00243041
    outer loop
        vertex 155.29697 38.50782 53.264587
        vertex 154.39603 41.974598 45.666676
        vertex 155.26294 38.64484 53.59489
    endloop
endfacet
facet normal 0.96832591 0.24966045 0.00379054
    outer loop
        vertex 155.29692 38.507984 26.735065
        vertex 155.26294 38.64479 26.405252
        vertex 154.52957 41.480244 26.995865
    endloop
endfacet
facet normal 0.96999359 0.24312493 0.00163965
    outer loop
        vertex 155.33783 38.342636 27.051565
        vertex 155.29692 38.507984 26.735065
        vertex 154.39603 41.974598 45.666676
    endloop
endfacet
facet normal 0.96969533 0.24429113 -0.00357172
    outer loop
        vertex 155.33781 38.34271 52.948555
        vertex 155.38507 38.15075 52.649094
        vertex 154.39603 41.974598 45.666676
    endloop
endfacet
facet normal 0.97031265 0.24184652 0.00190519
    outer loop
        vertex 154.39603 41.974598 45.666676
        vertex 155.38507 38.15074 27.350918
        vertex 155.33783 38.342636 27.051565
    endloop
endfacet
facet normal 0.97130823 0.23782438 0.00000018
    outer loop
        vertex 155.4383 37.933353 52.368458
        vertex 155.43834 37.933186 27.631748
        vertex 155.38507 38.15074 27.350918
    endloop
endfacet
facet normal 0.97169334 0.23624586 -0.00000017
    outer loop
        vertex 155.49693 37.692204 52.10889
        vertex 155.49695 37.692123 27.89119
        vertex 155.43834 37.933186 27.631748
    endloop
endfacet
facet normal 0.97204757 0.23478417 -0.00000016
    outer loop
        vertex 155.49693 37.692204 52.10889
        vertex 155.5604 37.429462 51.872765
        vertex 155.49695 37.692123 27.89119
    endloop
endfacet
facet normal 0.97247785 0.23299518 0.00000007
    outer loop
        vertex 155.5604 37.429462 51.872765
        vertex 155.62804 37.147137 51.66184
        vertex 155.56046 37.429214 28.12744
    endloop
endfacet
facet normal 0.97289062 0.23126546 0.0000005
    outer loop
        vertex 155.62804 37.147137 51.66184
        vertex 155.69931 36.8473 51.477695
        vertex 155.62811 37.146866 28.33835
    endloop
endfacet
facet normal 0.97335851 0.22928883 0.00000011
    outer loop
        vertex 155.69931 36.8473 51.477695
        vertex 155.77354 36.53217 51.321796
        vertex 155.69945 36.84673 28.522621
    endloop
endfacet
facet normal 0.97382498 0.22729878 0.00000031
    outer loop
        vertex 155.77354 36.53217 51.321796
        vertex 155.84987 36.20517 51.195786
        vertex 155.77356 36.532135 28.678219
    endloop
endfacet
facet normal 0.97428882 0.22530232 0.00000041
    outer loop
        vertex 155.84987 36.20517 51.195786
        vertex 155.92795 35.867527 51.10017
        vertex 155.85005 36.20442 28.80447
    endloop
endfacet
facet normal 0.97516888 0.22146241 -0.00000064
    outer loop
        vertex 155.92795 35.867527 51.10017
        vertex 156.12494 35.00005 29
        vertex 155.9279 35.867664 28.899796
    endloop
endfacet
facet normal 0.9751724 0.22144687 0
    outer loop
        vertex 155.92795 35.867527 51.10017
        vertex 156.12494 35.00005 51
        vertex 156.12494 35.00005 29
    endloop
endfacet
facet normal 0.97618127 0.21695693 -0.00000071
    outer loop
        vertex 156.12494 35.00005 29
        vertex 156.25087 34.433506 51.042328
        vertex 156.25102 34.432747 28.957554
    endloop
endfacet
facet normal 0.97676772 0.21430096 0.00000035
    outer loop
        vertex 156.25102 34.432747 28.957554
        vertex 156.31711 34.131496 51.100166
        vertex 156.31708 34.13167 28.89987
    endloop
endfacet
facet normal 0.9772085 0.21228221 0.00000033
    outer loop
        vertex 156.31708 34.13167 28.89987
        vertex 156.31711 34.131496 51.100166
        vertex 156.39049 33.793705 51.1955
    endloop
endfacet
facet normal 0.97720826 0.21228287 0.00000035
    outer loop
        vertex 156.39066 33.79297 28.804256
        vertex 156.31708 34.13167 28.89987
        vertex 156.39049 33.793705 51.1955
    endloop
endfacet
facet normal 0.97766262 0.21018019 -0.00000016
    outer loop
        vertex 156.46121 33.46477 28.678305
        vertex 156.39066 33.79297 28.804256
        vertex 156.46123 33.464718 51.321724
    endloop
endfacet
facet normal 0.97810286 0.20812248 -0.00000017
    outer loop
        vertex 156.5285 33.148544 51.47733
        vertex 156.46121 33.46477 28.678305
        vertex 156.46123 33.464718 51.321724
    endloop
endfacet
facet normal 0.97809887 0.2081407 0.0000001
    outer loop
        vertex 156.5285 33.148544 51.47733
        vertex 156.5286 33.148125 28.52244
        vertex 156.46121 33.46477 28.678305
    endloop
endfacet
facet normal 0.97849935 0.20625009 -0.00000003
    outer loop
        vertex 156.59213 32.84669 51.66158
        vertex 156.59215 32.846615 28.338362
        vertex 156.5286 33.148125 28.52244
    endloop
endfacet
facet normal 0.9788835 0.20441848 -0.00000003
    outer loop
        vertex 156.59213 32.84669 51.66158
        vertex 156.65149 32.562454 51.872498
        vertex 156.59215 32.846615 28.338362
    endloop
endfacet
facet normal 0.97924346 0.2026878 -0.00000012
    outer loop
        vertex 156.70631 32.29752 27.891178
        vertex 156.6515 32.56232 28.127392
        vertex 156.7063 32.297607 52.10873
    endloop
endfacet
facet normal 0.98149031 0.19148576 0.00315992
    outer loop
        vertex 157.68196 27.136696 38.547348
        vertex 156.8737 31.474472 26.735313
        vertex 156.84016 31.641167 27.05127
    endloop
endfacet
facet normal 0.98161888 0.19083755 -0.00233805
    outer loop
        vertex 156.90138 31.336143 53.594707
        vertex 157.68196 27.136696 38.547348
        vertex 156.87372 31.4744 53.264843
    endloop
endfacet
facet normal 0.98301053 0.1835487 0.00047866
    outer loop
        vertex 156.95114 31.08599 25
        vertex 156.94803 31.101728 25.357883
        vertex 157.68196 27.136696 38.547348
    endloop
endfacet
facet normal 0.98339462 0.18147986 -0.00014663
    outer loop
        vertex 157.7428 26.780739 6
        vertex 156.95052 31.089142 24.839561
        vertex 157.68196 27.136696 38.547348
    endloop
endfacet
facet normal 0.98347676 0.18103421 -0.00027952
    outer loop
        vertex 156.95052 31.089142 24.839561
        vertex 156.95114 31.08599 25
        vertex 157.68196 27.136696 38.547348
    endloop
endfacet
facet normal 0.98280859 0.18462482 -0.00089049
    outer loop
        vertex 156.94344 31.124895 24.438183
        vertex 156.95052 31.089142 24.839561
        vertex 157.7428 26.780739 6
    endloop
endfacet
facet normal 0.98258513 0.18580921 0.00118188
    outer loop
        vertex 157.68196 27.136696 38.547348
        vertex 156.94803 31.101728 25.357883
        vertex 156.93866 31.149008 25.713917
    endloop
endfacet
facet normal 0.9823311 0.18714522 -0.00150494
    outer loop
        vertex 157.7428 26.780739 6
        vertex 156.92856 31.199814 24.043629
        vertex 156.94344 31.124895 24.438183
    endloop
endfacet
facet normal 0.98381114 0.17920785 0.00050572
    outer loop
        vertex 157.7428 26.780739 6
        vertex 157.05396 30.562332 6
        vertex 156.92856 31.199814 24.043629
    endloop
endfacet
facet normal 0.98077309 0.19515127 -0.00007868
    outer loop
        vertex 156.92856 31.199814 24.043629
        vertex 157.05396 30.562332 6
        vertex 156.90588 31.313614 23.657522
    endloop
endfacet
facet normal 0.9804076 0.19697922 -0.00017053
    outer loop
        vertex 157.05396 30.562332 6
        vertex 156.83803 31.651705 22.93084
        vertex 156.87569 31.464577 23.285791
    endloop
endfacet
facet normal 0.98224664 0.18758564 0.00175688
    outer loop
        vertex 156.92308 31.227308 26.063738
        vertex 157.68196 27.136696 38.547348
        vertex 156.93866 31.149008 25.713917
    endloop
endfacet
facet normal 0.97989148 0.19953053 -0.00036281
    outer loop
        vertex 157.05396 30.562332 6
        vertex 156.74173 32.125282 22.287804
        vertex 156.7933 31.872562 22.597256
    endloop
endfacet
facet normal 0.97954875 0.20120646 -0.00053019
    outer loop
        vertex 157.05396 30.562332 6
        vertex 156.6837 32.407047 22.005898
        vertex 156.74173 32.125282 22.287804
    endloop
endfacet
facet normal 0.97987348 0.19961965 0.00000001
    outer loop
        vertex 156.8009 31.83511 52.64898
        vertex 156.75623 32.05442 27.631649
        vertex 156.7562 32.05457 52.368183
    endloop
endfacet
facet normal 0.98246348 0.18645172 -0.00113242
    outer loop
        vertex 156.93864 31.149017 54.285995
        vertex 156.94803 31.101732 54.64205
        vertex 157.68196 27.136696 38.547348
    endloop
endfacet
facet normal 0.9795692 0.20110746 -0.00000011
    outer loop
        vertex 156.7562 32.05457 52.368183
        vertex 156.70631 32.29752 27.891178
        vertex 156.7063 32.297607 52.10873
    endloop
endfacet
facet normal 0.97922158 0.20279166 -0.00071751
    outer loop
        vertex 157.05396 30.562332 6
        vertex 156.27446 34.326286 6
        vertex 156.6197 32.71494 21.75442
    endloop
endfacet
facet normal 0.97889179 0.20437948 -0.00000052
    outer loop
        vertex 156.6515 32.56232 28.127392
        vertex 156.59215 32.846615 28.338362
        vertex 156.65149 32.562454 51.872498
    endloop
endfacet
facet normal 0.98199707 0.1888833 0.00219727
    outer loop
        vertex 156.92308 31.227308 26.063738
        vertex 156.9014 31.336065 26.405071
        vertex 157.68196 27.136696 38.547348
    endloop
endfacet
facet normal 0.97823924 0.20747979 -0.00026332
    outer loop
        vertex 156.55016 33.046135 21.535673
        vertex 156.27446 34.326286 6
        vertex 156.47578 33.396553 21.35229
    endloop
endfacet
facet normal 0.98214358 0.18812646 -0.0015744
    outer loop
        vertex 157.68196 27.136696 38.547348
        vertex 156.9231 31.227266 53.936413
        vertex 156.93864 31.149017 54.285995
    endloop
endfacet
facet normal 0.9818598 0.18959816 -0.00197966
    outer loop
        vertex 156.9231 31.227266 53.936413
        vertex 157.68196 27.136696 38.547348
        vertex 156.90138 31.336143 53.594707
    endloop
endfacet
facet normal 0.9761309 0.21718313 -0.0000252
    outer loop
        vertex 156.27446 34.326286 6
        vertex 156.12494 35.00005 21
        vertex 156.2381 34.49146 21.034079
    endloop
endfacet
facet normal 0.9829824 0.18370019 0.00000005
    outer loop
        vertex 156.84013 31.641323 52.948463
        vertex 157.68196 27.136696 38.547348
        vertex 156.84016 31.641167 27.05127
    endloop
endfacet
facet normal 0.97406751 0.22625642 -0.00075436
    outer loop
        vertex 156.27446 34.326286 6
        vertex 155.40477 38.07043 6
        vertex 155.89534 36.00892 21.136135
    endloop
endfacet
facet normal 0.98134881 0.19221558 -0.00275903
    outer loop
        vertex 156.84013 31.641323 52.948463
        vertex 156.87372 31.4744 53.264843
        vertex 157.68196 27.136696 38.547348
    endloop
endfacet
facet normal 0.98011971 0.19840677 -0.00000004
    outer loop
        vertex 156.8009 31.835114 27.351028
        vertex 156.84013 31.641323 52.948463
        vertex 156.84016 31.641167 27.05127
    endloop
endfacet
facet normal 0.97298586 0.23086466 -0.00026685
    outer loop
        vertex 155.72432 36.741505 21.42132
        vertex 155.40477 38.07043 6
        vertex 155.64334 37.08302 21.619246
    endloop
endfacet
facet normal 0.98011792 0.19841604 0.00000003
    outer loop
        vertex 156.8009 31.835114 27.351028
        vertex 156.8009 31.83511 52.64898
        vertex 156.84013 31.641323 52.948463
    endloop
endfacet
facet normal 0.97163886 0.23646978 -0.00000761
    outer loop
        vertex 155.40477 38.07043 6
        vertex 155.43007 37.967007 22.408638
        vertex 155.49536 37.698715 22.115314
    endloop
endfacet
facet normal 0.97987294 0.19962201 0.00000003
    outer loop
        vertex 156.8009 31.835114 27.351028
        vertex 156.75623 32.05442 27.631649
        vertex 156.8009 31.83511 52.64898
    endloop
endfacet
facet normal 0.97092497 0.23938413 -0.0000081
    outer loop
        vertex 155.40477 38.07043 6
        vertex 155.32104 38.41059 23.070383
        vertex 155.37172 38.205048 22.728033
    endloop
endfacet
facet normal 0.97060025 0.24069729 -0.00003586
    outer loop
        vertex 155.40477 38.07043 6
        vertex 155.27863 38.5817 23.432415
        vertex 155.32104 38.41059 23.070383
    endloop
endfacet
facet normal 0.96924245 0.24610573 -0.00101311
    outer loop
        vertex 155.22076 38.813847 24.200203
        vertex 155.24503 38.716694 23.810722
        vertex 154.44539 41.7926 6
    endloop
endfacet
facet normal 0.96956688 0.2448236 -0.00124911
    outer loop
        vertex 154.44539 41.7926 6
        vertex 155.24503 38.716694 23.810722
        vertex 155.27863 38.5817 23.432415
    endloop
endfacet
facet normal 0.96145093 0.27497566 0.00065432
    outer loop
        vertex 153.0525 46.63615 30.629633
        vertex 154.52957 41.480244 26.995865
        vertex 153.39688 45.49065 6
    endloop
endfacet
facet normal 0.96761876 0.25241187 -0.00150922
    outer loop
        vertex 154.52957 41.480244 26.995865
        vertex 155.20605 38.872616 24.598337
        vertex 155.22076 38.813847 24.200203
    endloop
endfacet
facet normal 0.96791208 0.2512778 -0.00238921
    outer loop
        vertex 155.22076 38.813858 84.20024
        vertex 155.24507 38.71652 83.81015
        vertex 154.52968 41.479893 84.6209
    endloop
endfacet
facet normal 0.96781987 0.25164363 -0.00037998
    outer loop
        vertex 154.39603 41.974598 45.666676
        vertex 155.20114 38.892227 55
        vertex 155.20505 38.876663 54.64207
    endloop
endfacet
facet normal 0.95048463 0.31077015 0.00093895
    outer loop
        vertex 153.05283 46.63511 83.50473
        vertex 152.56384 48.210735 57
        vertex 151.18086 52.386505 74.88889
    endloop
endfacet
facet normal 0.969495 0.24510747 -0.00134777
    outer loop
        vertex 155.27863 38.581722 83.432465
        vertex 154.39688 41.971447 65.62531
        vertex 155.24507 38.71652 83.81015
    endloop
endfacet
facet normal 0.96887648 0.24753842 0.00169986
    outer loop
        vertex 155.25653 38.670555 56.332363
        vertex 155.23242 38.76715 56.00726
        vertex 154.39688 41.971447 65.62531
    endloop
endfacet
facet normal 0.96916199 0.24641523 0.00212523
    outer loop
        vertex 155.28705 38.547813 56.64713
        vertex 155.25653 38.670555 56.332363
        vertex 154.39688 41.971447 65.62531
    endloop
endfacet
facet normal 0.97016478 0.24243888 -0.00190869
    outer loop
        vertex 155.32103 38.410637 83.07047
        vertex 155.37172 38.205097 82.72811
        vertex 154.39688 41.971447 65.62531
    endloop
endfacet
facet normal 0.9697085 0.24424616 0.0030428
    outer loop
        vertex 155.36649 38.22638 57.239803
        vertex 155.32387 38.39918 56.9508
        vertex 154.39688 41.971447 65.62531
    endloop
endfacet
facet normal 0.9705475 0.24089937 -0.00226955
    outer loop
        vertex 155.37172 38.205097 82.72811
        vertex 155.43005 37.967068 82.408714
        vertex 154.39688 41.971447 65.62531
    endloop
endfacet
facet normal 0.96825588 0.24996124 0.00003361
    outer loop
        vertex 155.43005 37.967068 82.408714
        vertex 155.41461 38.03023 57.512833
        vertex 154.39688 41.971447 65.62531
    endloop
endfacet
facet normal 0.97164136 0.23645951 0.00000234
    outer loop
        vertex 155.49535 37.698776 82.11537
        vertex 155.46777 37.812317 57.767662
        vertex 155.43005 37.967068 82.408714
    endloop
endfacet
facet normal 0.97186786 0.2355267 -0.00000226
    outer loop
        vertex 155.49535 37.698776 82.11537
        vertex 155.52554 37.57394 58.00271
        vertex 155.46777 37.812317 57.767662
    endloop
endfacet
facet normal 0.97222084 0.23406532 -0.00000274
    outer loop
        vertex 155.56674 37.403095 81.851326
        vertex 155.58739 37.317066 58.216015
        vertex 155.52554 37.57394 58.00271
    endloop
endfacet
facet normal 0.97253966 0.23273726 0.00000237
    outer loop
        vertex 155.56674 37.403095 81.851326
        vertex 155.64333 37.083076 81.619286
        vertex 155.58739 37.317066 58.216015
    endloop
endfacet
facet normal 0.97302026 0.23071979 0.00000162
    outer loop
        vertex 155.64333 37.083076 81.619286
        vertex 155.7243 36.741566 81.42136
        vertex 155.6528 37.043278 58.406242
    endloop
endfacet
facet normal 0.97349101 0.22872567 -0.00000042
    outer loop
        vertex 155.7243 36.741566 81.42136
        vertex 155.79193 36.453693 58.71161
        vertex 155.72119 36.754772 58.57184
    endloop
endfacet
facet normal 0.97392595 0.22686589 -0.00000238
    outer loop
        vertex 155.80853 36.38266 81.2599
        vertex 155.86469 36.141365 58.82487
        vertex 155.79193 36.453693 58.71161
    endloop
endfacet
facet normal 0.97438103 0.22490358 -0.00000354
    outer loop
        vertex 155.89532 36.008972 81.13615
        vertex 155.9385 35.821537 58.910294
        vertex 155.86469 36.141365 58.82487
    endloop
endfacet
facet normal 0.97462279 0.22385374 0.00000578
    outer loop
        vertex 155.89532 36.008972 81.13615
        vertex 155.98337 35.62565 81.05176
        vertex 155.9385 35.821537 58.910294
    endloop
endfacet
facet normal 0.9753381 0.22071591 0
    outer loop
        vertex 155.98337 35.62565 81.05176
        vertex 156.12494 35.00005 81
        vertex 156.12494 35.00005 59
    endloop
endfacet
facet normal 0.9761312 0.21718162 -0
    outer loop
        vertex 156.12494 35.00005 59
        vertex 156.12494 35.00005 81
        vertex 156.2381 34.49145 81.03408
    endloop
endfacet
facet normal 0.97673529 0.21444863 0.00000063
    outer loop
        vertex 156.24431 34.46323 58.962017
        vertex 156.2381 34.49145 81.03408
        vertex 156.31476 34.142292 81.097664
    endloop
endfacet
facet normal 0.97721964 0.21223029 0.00000268
    outer loop
        vertex 156.32463 34.097115 58.89164
        vertex 156.31476 34.142292 81.097664
        vertex 156.39708 33.76324 81.20576
    endloop
endfacet
facet normal 0.97725475 0.2120692 0.00000016
    outer loop
        vertex 156.39406 33.77718 58.798977
        vertex 156.32463 34.097115 58.89164
        vertex 156.39708 33.76324 81.20576
    endloop
endfacet
facet normal 0.97767359 0.21012931 -0.00000111
    outer loop
        vertex 156.46077 33.46679 58.679184
        vertex 156.39406 33.77718 58.798977
        vertex 156.39708 33.76324 81.20576
    endloop
endfacet
facet normal 0.97807217 0.20826638 -0.00000255
    outer loop
        vertex 156.52461 33.166965 58.53273
        vertex 156.46077 33.46679 58.679184
        vertex 156.47575 33.396698 81.35223
    endloop
endfacet
facet normal 0.97821218 0.20760739 0.00000438
    outer loop
        vertex 156.55013 33.04627 81.53559
        vertex 156.52461 33.166965 58.53273
        vertex 156.47575 33.396698 81.35223
    endloop
endfacet
facet normal 0.97864628 0.20555182 0.00000414
    outer loop
        vertex 156.61969 32.71506 81.75433
        vertex 156.58507 32.88037 58.360867
        vertex 156.55013 33.04627 81.53559
    endloop
endfacet
facet normal 0.97883004 0.20467502 -0.00000233
    outer loop
        vertex 156.61969 32.71506 81.75433
        vertex 156.64182 32.608982 58.164806
        vertex 156.58507 32.88037 58.360867
    endloop
endfacet
facet normal 0.98026925 0.19766654 -0.00000057
    outer loop
        vertex 156.83801 31.65177 82.930725
        vertex 156.85966 31.544317 56.87607
        vertex 156.8257 31.712763 57.168854
    endloop
endfacet
facet normal 0.9800961 0.19852339 0.00000155
    outer loop
        vertex 156.79327 31.872644 82.59715
        vertex 156.83801 31.65177 82.930725
        vertex 156.8257 31.712763 57.168854
    endloop
endfacet
facet normal 0.98288447 0.18421142 -0.00205571
    outer loop
        vertex 156.92856 31.199852 84.043465
        vertex 156.94344 31.124878 84.43827
        vertex 157.88124 25.95208 69.292946
    endloop
endfacet
facet normal 0.99416173 0.10790019 0.00004698
    outer loop
        vertex 159.26178 15.351997 110
        vertex 159.24513 15.523733 67.84911
        vertex 158.84703 19.173378 110
    endloop
endfacet
facet normal 0.99332672 0.11533263 -0.00060445
    outer loop
        vertex 158.84703 19.173378 110
        vertex 159.24513 15.523733 67.84911
        vertex 158.55421 21.46071 65.23506
    endloop
endfacet
facet normal 0.98783141 0.15552853 0.00014548
    outer loop
        vertex 158.34062 22.98369 6
        vertex 157.7428 26.780739 6
        vertex 157.68196 27.136696 38.547348
    endloop
endfacet
facet normal 0.98062742 0.19588195 -0.00011099
    outer loop
        vertex 156.90588 31.313614 23.657522
        vertex 157.05396 30.562332 6
        vertex 156.87569 31.464577 23.285791
    endloop
endfacet
facet normal 0.98017901 0.19811337 -0.00024642
    outer loop
        vertex 156.83803 31.651705 22.93084
        vertex 157.05396 30.562332 6
        vertex 156.7933 31.872562 22.597256
    endloop
endfacet
facet normal 0.9791941 0.20292418 -0.00073637
    outer loop
        vertex 156.6837 32.407047 22.005898
        vertex 157.05396 30.562332 6
        vertex 156.6197 32.71494 21.75442
    endloop
endfacet
facet normal 0.97871506 0.20522326 -0.00045771
    outer loop
        vertex 156.55016 33.046135 21.535673
        vertex 156.6197 32.71494 21.75442
        vertex 156.27446 34.326286 6
    endloop
endfacet
facet normal 0.97723007 0.2121827 -0.00002271
    outer loop
        vertex 156.31476 34.142303 21.09766
        vertex 156.39697 33.763668 21.205612
        vertex 156.27446 34.326286 6
    endloop
endfacet
facet normal 0.9777329 0.20985295 -0.00011297
    outer loop
        vertex 156.27446 34.326286 6
        vertex 156.39697 33.763668 21.205612
        vertex 156.47578 33.396553 21.35229
    endloop
endfacet
facet normal 0.97673464 0.21445186 0.00000626
    outer loop
        vertex 156.2381 34.49146 21.034079
        vertex 156.31476 34.142303 21.09766
        vertex 156.27446 34.326286 6
    endloop
endfacet
facet normal 0.98343784 0.18124208 0.00110943
    outer loop
        vertex 156.95096 31.08686 55.084473
        vertex 156.9426 31.12913 55.591446
        vertex 157.88124 25.95208 69.292946
    endloop
endfacet
facet normal 0.98175466 0.19013365 0.00264532
    outer loop
        vertex 157.68196 27.136696 38.547348
        vertex 156.9014 31.336065 26.405071
        vertex 156.8737 31.474472 26.735313
    endloop
endfacet
facet normal 0.97980577 0.19995196 0.00000177
    outer loop
        vertex 156.78673 31.904943 57.446087
        vertex 156.7417 32.125374 82.28769
        vertex 156.79327 31.872644 82.59715
    endloop
endfacet
facet normal 0.97533572 0.22072634 -0.00019228
    outer loop
        vertex 156.27446 34.326286 6
        vertex 155.98338 35.625595 21.05175
        vertex 156.12494 35.00005 21
    endloop
endfacet
facet normal 0.97949308 0.20147742 -0.0000002
    outer loop
        vertex 156.74292 32.119415 57.705692
        vertex 156.69453 32.354645 57.945835
        vertex 156.7417 32.125374 82.28769
    endloop
endfacet
facet normal 0.98335558 0.18168767 -0.00116457
    outer loop
        vertex 156.94344 31.124878 84.43827
        vertex 156.95052 31.089132 84.839874
        vertex 157.88124 25.95208 69.292946
    endloop
endfacet
facet normal 0.97945756 0.20165023 0.0000015
    outer loop
        vertex 156.69453 32.354645 57.945835
        vertex 156.68369 32.40716 82.0058
        vertex 156.7417 32.125374 82.28769
    endloop
endfacet
facet normal 0.9735027 0.2286751 -0.00046624
    outer loop
        vertex 155.40477 38.07043 6
        vertex 155.72432 36.741505 21.42132
        vertex 155.80855 36.382603 21.259884
    endloop
endfacet
facet normal 0.97907519 0.20349848 0.00000319
    outer loop
        vertex 156.64182 32.608982 58.164806
        vertex 156.61969 32.71506 81.75433
        vertex 156.68369 32.40716 82.0058
    endloop
endfacet
facet normal 0.97205508 0.23475301 -0.00004955
    outer loop
        vertex 155.40477 38.07043 6
        vertex 155.49536 37.698715 22.115314
        vertex 155.56676 37.403027 21.851274
    endloop
endfacet
facet normal 0.97251523 0.23283924 -0.00013483
    outer loop
        vertex 155.64334 37.08302 21.619246
        vertex 155.40477 38.07043 6
        vertex 155.56676 37.403027 21.851274
    endloop
endfacet
facet normal 0.98380601 0.17923637 -0.00032731
    outer loop
        vertex 157.88124 25.95208 69.292946
        vertex 156.95052 31.089132 84.839874
        vertex 156.95114 31.08599 85
    endloop
endfacet
facet normal 0.97956699 0.20111811 -0
    outer loop
        vertex 156.70631 32.29752 27.891178
        vertex 156.7562 32.05457 52.368183
        vertex 156.75623 32.05442 27.631649
    endloop
endfacet
facet normal 0.98264825 0.18545783 0.00277798
    outer loop
        vertex 156.93001 31.192423 55.925243
        vertex 156.91199 31.283018 56.251503
        vertex 157.88124 25.95208 69.292946
    endloop
endfacet
facet normal 0.97849661 0.20626231 0.00000013
    outer loop
        vertex 156.59213 32.84669 51.66158
        vertex 156.5286 33.148125 28.52244
        vertex 156.5285 33.148544 51.47733
    endloop
endfacet
facet normal 0.96796817 0.25107297 -0.00014585
    outer loop
        vertex 154.44539 41.7926 6
        vertex 154.52957 41.480244 26.995865
        vertex 155.22076 38.813847 24.200203
    endloop
endfacet
facet normal 0.98236263 0.18695484 0.00341115
    outer loop
        vertex 156.91199 31.283018 56.251503
        vertex 156.88847 31.400766 56.569714
        vertex 157.88124 25.95208 69.292946
    endloop
endfacet
facet normal 0.9767825 0.2142332 -0.00000062
    outer loop
        vertex 156.25102 34.432747 28.957554
        vertex 156.25087 34.433506 51.042328
        vertex 156.31711 34.131496 51.100166
    endloop
endfacet
facet normal 0.97617537 0.21698336 -0
    outer loop
        vertex 156.12494 35.00005 29
        vertex 156.12494 35.00005 51
        vertex 156.25087 34.433506 51.042328
    endloop
endfacet
facet normal 0.98248672 0.1863112 -0.00282826
    outer loop
        vertex 157.88124 25.95208 69.292946
        vertex 156.90585 31.31372 83.6572
        vertex 156.92856 31.199852 84.043465
    endloop
endfacet
facet normal 0.97382468 0.22730032 0.00000033
    outer loop
        vertex 155.77356 36.532135 28.678219
        vertex 155.84987 36.20517 51.195786
        vertex 155.85005 36.20442 28.80447
    endloop
endfacet
facet normal 0.97289836 0.23123327 0.00000006
    outer loop
        vertex 155.69931 36.8473 51.477695
        vertex 155.69945 36.84673 28.522621
        vertex 155.62811 37.146866 28.33835
    endloop
endfacet
facet normal 0.98378569 0.17934844 0.00004268
    outer loop
        vertex 157.88124 25.95208 69.292946
        vertex 156.88847 31.400766 56.569714
        vertex 156.87567 31.464632 83.28568
    endloop
endfacet
facet normal 0.9720431 0.23480235 0.00000005
    outer loop
        vertex 155.5604 37.429462 51.872765
        vertex 155.56046 37.429214 28.12744
        vertex 155.49695 37.692123 27.89119
    endloop
endfacet
facet normal 0.97168475 0.23628075 0.00000019
    outer loop
        vertex 155.49693 37.692204 52.10889
        vertex 155.43834 37.933186 27.631748
        vertex 155.4383 37.933353 52.368458
    endloop
endfacet
facet normal 0.96940064 0.24546643 -0.00294741
    outer loop
        vertex 155.29697 38.50782 53.264587
        vertex 155.33781 38.34271 52.948555
        vertex 154.39603 41.974598 45.666676
    endloop
endfacet
facet normal 0.96813971 0.25041065 -0.00000008
    outer loop
        vertex 155.38507 38.15074 27.350918
        vertex 154.39603 41.974598 45.666676
        vertex 155.38507 38.15075 52.649094
    endloop
endfacet
facet normal 0.96812433 0.25046772 0.00111868
    outer loop
        vertex 154.52957 41.480244 26.995865
        vertex 155.21674 38.829895 25.713972
        vertex 155.20505 38.876663 25.357965
    endloop
endfacet
facet normal 0.96125001 0.27567792 -0.00042379
    outer loop
        vertex 153.0525 46.63615 30.629633
        vertex 154.39603 41.974598 45.666676
        vertex 154.52957 41.480244 26.995865
    endloop
endfacet
facet normal 0.97303504 0.23065723 0.00000076
    outer loop
        vertex 155.6528 37.043278 58.406242
        vertex 155.7243 36.741566 81.42136
        vertex 155.72119 36.754772 58.57184
    endloop
endfacet
facet normal 0.96786827 0.25145486 0.00125676
    outer loop
        vertex 155.20505 38.876663 85.35796
        vertex 154.52968 41.479893 84.6209
        vertex 155.21674 38.829895 85.713974
    endloop
endfacet
facet normal 0.96136373 0.27528048 -0.00059313
    outer loop
        vertex 153.39688 45.49065 110
        vertex 154.52968 41.479893 84.6209
        vertex 153.05283 46.63511 83.50473
    endloop
endfacet
facet normal 0.96777886 0.25179297 0.00213259
    outer loop
        vertex 155.21674 38.829895 85.713974
        vertex 154.52968 41.479893 84.6209
        vertex 155.2361 38.75251 86.063545
    endloop
endfacet
facet normal 0.96758491 0.25252047 0.00360296
    outer loop
        vertex 155.2361 38.75251 86.063545
        vertex 154.52968 41.479893 84.6209
        vertex 155.26294 38.64479 86.40526
    endloop
endfacet
facet normal 0.96988082 0.24357767 0.00111003
    outer loop
        vertex 155.26294 38.64479 86.40526
        vertex 154.44539 41.7926 110
        vertex 155.29692 38.50798 86.73507
    endloop
endfacet
facet normal 0.96835136 0.24959058 0.00020513
    outer loop
        vertex 155.29692 38.50798 86.73507
        vertex 154.44539 41.7926 110
        vertex 155.40477 38.07043 110
    endloop
endfacet
facet normal 0.9707219 0.24020594 0.00001764
    outer loop
        vertex 155.33783 38.342636 87.05156
        vertex 155.29692 38.50798 86.73507
        vertex 155.40477 38.07043 110
    endloop
endfacet
facet normal 0.97100717 0.23905051 0.00000311
    outer loop
        vertex 155.38507 38.15074 87.35092
        vertex 155.33783 38.342636 87.05156
        vertex 155.40477 38.07043 110
    endloop
endfacet
facet normal 0.97131056 0.23781438 -0.00000154
    outer loop
        vertex 155.43834 37.933178 87.631744
        vertex 155.38507 38.15074 87.35092
        vertex 155.40477 38.07043 110
    endloop
endfacet
facet normal 0.97203612 0.23483156 0.00003447
    outer loop
        vertex 155.49695 37.692123 87.89119
        vertex 155.40477 38.07043 110
        vertex 155.56046 37.429214 88.12744
    endloop
endfacet
facet normal 0.97245663 0.23308377 0.0000887
    outer loop
        vertex 155.56046 37.429214 88.12744
        vertex 155.40477 38.07043 110
        vertex 155.62811 37.14686 88.338356
    endloop
endfacet
facet normal 0.97287458 0.23133343 0.00016764
    outer loop
        vertex 155.62811 37.14686 88.338356
        vertex 155.40477 38.07043 110
        vertex 155.69945 36.846725 88.52262
    endloop
endfacet
facet normal 0.97332531 0.22942948 0.00028231
    outer loop
        vertex 155.69945 36.846725 88.52262
        vertex 155.40477 38.07043 110
        vertex 155.77356 36.532124 88.678215
    endloop
endfacet
facet normal 0.97378719 0.22746065 0.00043234
    outer loop
        vertex 155.77356 36.532124 88.678215
        vertex 155.40477 38.07043 110
        vertex 155.85005 36.20441 88.80447
    endloop
endfacet
facet normal 0.9742642 0.22540812 0.00062306
    outer loop
        vertex 155.85005 36.20441 88.80447
        vertex 155.40477 38.07043 110
        vertex 155.9279 35.86766 88.899796
    endloop
endfacet
facet normal 0.97406763 0.22625646 0.00052963
    outer loop
        vertex 155.9279 35.86766 88.899796
        vertex 155.40477 38.07043 110
        vertex 156.27446 34.326286 110
    endloop
endfacet
facet normal 0.97516471 0.22148129 0.00016278
    outer loop
        vertex 156.12494 35.00005 89
        vertex 155.9279 35.86766 88.899796
        vertex 156.27446 34.326286 110
    endloop
endfacet
facet normal 0.97618163 0.21695474 0.00001031
    outer loop
        vertex 156.25102 34.432743 88.95756
        vertex 156.12494 35.00005 89
        vertex 156.27446 34.326286 110
    endloop
endfacet
facet normal 0.97676867 0.21429653 -0.00000379
    outer loop
        vertex 156.31708 34.13166 88.89987
        vertex 156.25102 34.432743 88.95756
        vertex 156.27446 34.326286 110
    endloop
endfacet
facet normal 0.97721505 0.21225168 0.00001598
    outer loop
        vertex 156.39063 33.793053 88.80429
        vertex 156.31708 34.13166 88.89987
        vertex 156.27446 34.326286 110
    endloop
endfacet
facet normal 0.97766507 0.21016866 0.00007085
    outer loop
        vertex 156.46121 33.464737 88.67829
        vertex 156.39063 33.793053 88.80429
        vertex 156.27446 34.326286 110
    endloop
endfacet
facet normal 0.97854662 0.20602529 0.00027778
    outer loop
        vertex 156.52863 33.14805 88.5224
        vertex 156.27446 34.326286 110
        vertex 156.59215 32.84659 88.33835
    endloop
endfacet
facet normal 0.9792217 0.20279171 0.00050857
    outer loop
        vertex 156.59215 32.84659 88.33835
        vertex 156.27446 34.326286 110
        vertex 157.05396 30.562332 110
    endloop
endfacet
facet normal 0.97898197 0.20394562 0.00063536
    outer loop
        vertex 156.6515 32.56232 88.127396
        vertex 156.59215 32.84659 88.33835
        vertex 157.05396 30.562332 110
    endloop
endfacet
facet normal 0.97932655 0.20228504 0.00047718
    outer loop
        vertex 156.70631 32.297527 87.891174
        vertex 156.6515 32.56232 88.127396
        vertex 157.05396 30.562332 110
    endloop
endfacet
facet normal 0.97964108 0.20075722 0.00035233
    outer loop
        vertex 156.75623 32.05443 87.63165
        vertex 156.70631 32.297527 87.891174
        vertex 157.05396 30.562332 110
    endloop
endfacet
facet normal 0.97993624 0.19931085 0.00025192
    outer loop
        vertex 156.8009 31.83512 87.35103
        vertex 156.75623 32.05443 87.63165
        vertex 157.05396 30.562332 110
    endloop
endfacet
facet normal 0.98017579 0.19812955 0.00018286
    outer loop
        vertex 156.84016 31.641167 87.05127
        vertex 156.8009 31.83512 87.35103
        vertex 157.05396 30.562332 110
    endloop
endfacet
facet normal 0.98060256 0.19600682 0.00008726
    outer loop
        vertex 157.05396 30.562332 110
        vertex 156.9014 31.336065 86.40507
        vertex 156.8737 31.474472 86.73531
    endloop
endfacet
facet normal 0.98200011 0.18887483 0.00145737
    outer loop
        vertex 157.7428 26.780739 110
        vertex 156.93866 31.149008 85.71391
        vertex 156.92308 31.227308 86.063736
    endloop
endfacet
facet normal 0.98241246 0.18672091 0.00105629
    outer loop
        vertex 157.7428 26.780739 110
        vertex 156.94803 31.101728 85.35788
        vertex 156.93866 31.149008 85.71391
    endloop
endfacet
facet normal 0.98783147 0.15552855 0.00019353
    outer loop
        vertex 158.34062 22.98369 110
        vertex 157.88124 25.95208 69.292946
        vertex 157.7428 26.780739 110
    endloop
endfacet
facet normal 0.98384082 0.17904519 0.00028911
    outer loop
        vertex 156.95096 31.08686 55.084473
        vertex 157.88124 25.95208 69.292946
        vertex 156.95114 31.08599 55
    endloop
endfacet
facet normal 0.99128342 0.13174631 0.0002476
    outer loop
        vertex 158.84703 19.173378 110
        vertex 158.55421 21.46071 65.23506
        vertex 158.34062 22.98369 110
    endloop
endfacet
facet normal 0.97459906 0.22395642 -0.00048536
    outer loop
        vertex 155.98338 35.625595 21.05175
        vertex 156.27446 34.326286 6
        vertex 155.89534 36.00892 21.136135
    endloop
endfacet
facet normal 0.96835142 0.24959058 -0.00031296
    outer loop
        vertex 155.40477 38.07043 6
        vertex 154.44539 41.7926 6
        vertex 155.27863 38.5817 23.432415
    endloop
endfacet
facet normal 0.97124743 0.23807219 0.00000309
    outer loop
        vertex 155.43007 37.967007 22.408638
        vertex 155.40477 38.07043 6
        vertex 155.37172 38.205048 22.728033
    endloop
endfacet
facet normal 0.97925049 0.20265368 -0.00000051
    outer loop
        vertex 156.6515 32.56232 28.127392
        vertex 156.65149 32.562454 51.872498
        vertex 156.7063 32.297607 52.10873
    endloop
endfacet
facet normal 0.97765446 0.21021821 0.00000042
    outer loop
        vertex 156.39049 33.793705 51.1955
        vertex 156.46123 33.464718 51.321724
        vertex 156.39066 33.79297 28.804256
    endloop
endfacet
facet normal 0.97430366 0.22523816 -0.00000062
    outer loop
        vertex 155.9279 35.867664 28.899796
        vertex 155.85005 36.20442 28.80447
        vertex 155.92795 35.867527 51.10017
    endloop
endfacet
facet normal 0.9724701 0.23302738 0.00000048
    outer loop
        vertex 155.56046 37.429214 28.12744
        vertex 155.62804 37.147137 51.66184
        vertex 155.62811 37.146866 28.33835
    endloop
endfacet
facet normal 0.97401887 0.22646588 -0.00072425
    outer loop
        vertex 155.80855 36.382603 21.259884
        vertex 155.89534 36.00892 21.136135
        vertex 155.40477 38.07043 6
    endloop
endfacet
facet normal 0.97131503 0.23779662 -0.00000007
    outer loop
        vertex 155.38507 38.15075 52.649094
        vertex 155.4383 37.933353 52.368458
        vertex 155.38507 38.15074 27.350918
    endloop
endfacet
facet normal 0.98217636 0.18793008 -0.00345378
    outer loop
        vertex 156.87567 31.464632 83.28568
        vertex 156.90585 31.31372 83.6572
        vertex 157.88124 25.95208 69.292946
    endloop
endfacet
facet normal 0.98381108 0.17920785 -0.00040052
    outer loop
        vertex 157.7428 26.780739 110
        vertex 156.92308 31.227308 86.063736
        vertex 157.05396 30.562332 110
    endloop
endfacet
facet normal 0.98045093 0.19676356 -0.00000055
    outer loop
        vertex 156.85966 31.544317 56.87607
        vertex 156.87567 31.464632 83.28568
        vertex 156.88847 31.400766 56.569714
    endloop
endfacet
facet normal 0.9807381 0.19532725 0.0000641
    outer loop
        vertex 156.92308 31.227308 86.063736
        vertex 156.9014 31.336065 86.40507
        vertex 157.05396 30.562332 110
    endloop
endfacet
facet normal 0.98034668 0.19728242 0.00000108
    outer loop
        vertex 156.85966 31.544317 56.87607
        vertex 156.83801 31.65177 82.930725
        vertex 156.87567 31.464632 83.28568
    endloop
endfacet
facet normal 0.98040086 0.19701272 0.00012826
    outer loop
        vertex 156.8737 31.474472 86.73531
        vertex 156.84016 31.641167 87.05127
        vertex 157.05396 30.562332 110
    endloop
endfacet
facet normal 0.98005271 0.19873774 0.00000014
    outer loop
        vertex 156.79327 31.872644 82.59715
        vertex 156.8257 31.712763 57.168854
        vertex 156.78673 31.904943 57.446087
    endloop
endfacet
facet normal 0.97976989 0.2001275 0.00000014
    outer loop
        vertex 156.7417 32.125374 82.28769
        vertex 156.78673 31.904943 57.446087
        vertex 156.74292 32.119415 57.705692
    endloop
endfacet
facet normal 0.97918558 0.2029672 -0.0000015
    outer loop
        vertex 156.68369 32.40716 82.0058
        vertex 156.69453 32.354645 57.945835
        vertex 156.64182 32.608982 58.164806
    endloop
endfacet
facet normal 0.96827519 0.2498716 0.00271377
    outer loop
        vertex 155.26294 38.64479 26.405252
        vertex 155.2361 38.75251 26.063545
        vertex 154.52957 41.480244 26.995865
    endloop
endfacet
facet normal 0.97773147 0.20986016 0.0000026
    outer loop
        vertex 156.46077 33.46679 58.679184
        vertex 156.39708 33.76324 81.20576
        vertex 156.47575 33.396698 81.35223
    endloop
endfacet
facet normal 0.97676921 0.21429417 -0.00000172
    outer loop
        vertex 156.24431 34.46323 58.962017
        vertex 156.31476 34.142292 81.097664
        vertex 156.32463 34.097115 58.89164
    endloop
endfacet
facet normal 0.97615761 0.21706286 -0.00000288
    outer loop
        vertex 156.12494 35.00005 59
        vertex 156.2381 34.49145 81.03408
        vertex 156.24431 34.46323 58.962017
    endloop
endfacet
facet normal 0.9752025 0.22131468 -0.00001786
    outer loop
        vertex 155.98337 35.62565 81.05176
        vertex 156.12494 35.00005 59
        vertex 155.9385 35.821537 58.910294
    endloop
endfacet
facet normal 0.97407287 0.2262347 0.00000478
    outer loop
        vertex 155.89532 36.008972 81.13615
        vertex 155.86469 36.141365 58.82487
        vertex 155.80853 36.38266 81.2599
    endloop
endfacet
facet normal 0.9735502 0.22847281 0.00000296
    outer loop
        vertex 155.7243 36.741566 81.42136
        vertex 155.80853 36.38266 81.2599
        vertex 155.79193 36.453693 58.71161
    endloop
endfacet
facet normal 0.9513765 0.30802897 0.0009759
    outer loop
        vertex 151.18086 52.386505 40.222225
        vertex 153.0525 46.63615 30.629633
        vertex 152.25983 49.162445 6
    endloop
endfacet
facet normal 0.97262472 0.2323817 -0.00000139
    outer loop
        vertex 155.58739 37.317066 58.216015
        vertex 155.64333 37.083076 81.619286
        vertex 155.6528 37.043278 58.406242
    endloop
endfacet
facet normal 0.9700107 0.24303544 0.00361846
    outer loop
        vertex 155.36649 38.22638 57.239803
        vertex 154.39688 41.971447 65.62531
        vertex 155.41461 38.03023 57.512833
    endloop
endfacet
facet normal 0.97150868 0.23700412 -0.00000128
    outer loop
        vertex 155.46777 37.812317 57.767662
        vertex 155.41461 38.03023 57.512833
        vertex 155.43005 37.967068 82.408714
    endloop
endfacet
facet normal 0.96982628 0.24379162 -0.00161466
    outer loop
        vertex 155.27863 38.581722 83.432465
        vertex 155.32103 38.410637 83.07047
        vertex 154.39688 41.971447 65.62531
    endloop
endfacet
facet normal 0.9694277 0.24536386 0.00255251
    outer loop
        vertex 155.28705 38.547813 56.64713
        vertex 154.39688 41.971447 65.62531
        vertex 155.32387 38.39918 56.9508
    endloop
endfacet
facet normal 0.97168952 0.23626177 0.00000856
    outer loop
        vertex 155.49695 37.692123 87.89119
        vertex 155.43834 37.933178 87.631744
        vertex 155.40477 38.07043 110
    endloop
endfacet
facet normal 0.94786519 0.31867164 -0.00013745
    outer loop
        vertex 151.18086 52.386505 40.222225
        vertex 152.25983 49.162445 6
        vertex 151.03491 52.805862 6
    endloop
endfacet
facet normal 0.99646682 0.08398681 -0.00019388
    outer loop
        vertex 159.26178 15.351997 6
        vertex 159.5453 12.053895 34.49619
        vertex 159.58461 11.521758 6
    endloop
endfacet
facet normal 0.99932933 0.03661337 -0.0004589
    outer loop
        vertex 159.8046 7.90501 19.960205
        vertex 159.94998 4 25
        vertex 159.95038 3.9848056 24.65165
    endloop
endfacet
facet normal 0.99915498 0.04074815 -0.00537073
    outer loop
        vertex 159.95583 3.7589657 53.632465
        vertex 159.74052 9.108662 54.166965
        vertex 159.95334 3.8637867 53.965042
    endloop
endfacet
facet normal 0.99949855 0.03162113 0.00166542
    outer loop
        vertex 159.95375 3.8474162 26.094269
        vertex 159.95168 3.9319475 25.734707
        vertex 159.74052 9.108662 54.166965
    endloop
endfacet
facet normal 0.99972349 0.02351435 0.00000019
    outer loop
        vertex 159.95651 3.7299924 26.444704
        vertex 159.95375 3.8474162 26.094269
        vertex 159.95583 3.7589657 53.632465
    endloop
endfacet
facet normal 0.99973112 0.02318446 0.00000054
    outer loop
        vertex 159.95892 3.6254053 53.309902
        vertex 159.95651 3.7299924 26.444704
        vertex 159.95583 3.7589657 53.632465
    endloop
endfacet
facet normal 0.99975443 0.02216063 0.00000072
    outer loop
        vertex 159.9625 3.4643333 53.000404
        vertex 159.95993 3.580831 26.7826
        vertex 159.95892 3.6254053 53.309902
    endloop
endfacet
facet normal 0.99977809 0.02106333 0.00000091
    outer loop
        vertex 159.96645 3.2767618 52.70591
        vertex 159.96385 3.4009953 27.105528
        vertex 159.9625 3.4643333 53.000404
    endloop
endfacet
facet normal 0.9998036 0.01982058 0.00000129
    outer loop
        vertex 159.97066 3.0643442 52.42905
        vertex 159.96815 3.1922061 27.410353
        vertex 159.96645 3.2767618 52.70591
    endloop
endfacet
facet normal 0.99981594 0.0191873 -0.00000194
    outer loop
        vertex 159.97066 3.0643442 52.42905
        vertex 159.97269 2.9560878 27.694727
        vertex 159.96815 3.1922061 27.410353
    endloop
endfacet
facet normal 0.99984461 0.017628 -0.00000286
    outer loop
        vertex 159.975 2.8285103 52.17165
        vertex 159.9773 2.6947598 27.956057
        vertex 159.97269 2.9560878 27.694727
    endloop
endfacet
facet normal 0.99987215 0.01599076 -0.00000289
    outer loop
        vertex 159.97934 2.571251 51.93591
        vertex 159.98184 2.4104798 28.192114
        vertex 159.9773 2.6947598 27.956057
    endloop
endfacet
facet normal 0.99990052 0.01410652 -0.00000292
    outer loop
        vertex 159.98355 2.2942114 51.72332
        vertex 159.98615 2.1055186 28.401003
        vertex 159.98184 2.4104798 28.192114
    endloop
endfacet
facet normal 0.99991059 0.01337662 0.00000299
    outer loop
        vertex 159.98355 2.2942114 51.72332
        vertex 159.98749 1.9999775 51.53589
        vertex 159.98615 2.1055186 28.401003
    endloop
endfacet
facet normal 0.999933 0.01156816 0.00000285
    outer loop
        vertex 159.98749 1.9999775 51.53589
        vertex 159.99107 1.690065 51.37458
        vertex 159.99007 1.782737 28.580761
    endloop
endfacet
facet normal 0.99996835 0.00795979 -0.00000337
    outer loop
        vertex 159.99416 1.3679682 51.241184
        vertex 159.99626 1.0939654 28.847496
        vertex 159.99347 1.4447128 28.729988
    endloop
endfacet
facet normal 0.99998379 0.00569159 -0.00000264
    outer loop
        vertex 159.99666 1.0346185 51.13612
        vertex 159.9983 0.7347648 28.931936
        vertex 159.99626 1.0939654 28.847496
    endloop
endfacet
facet normal 0.99998933 0.00460349 0.00001205
    outer loop
        vertex 159.99666 1.0346185 51.13612
        vertex 159.99942 0.4349744 51.02372
        vertex 159.9983 0.7347648 28.931936
    endloop
endfacet
facet normal 0.99999911 0.00133303 0
    outer loop
        vertex 159.99942 0.4349744 51.02372
        vertex 160 -0 51
        vertex 160 -0 29
    endloop
endfacet
facet normal 0.99999839 -0.00178454 0
    outer loop
        vertex 160 -0 29
        vertex 160 -0 51
        vertex 159.999 -0.5643366 51.040012
    endloop
endfacet
facet normal 0.99998885 -0.00472038 0.00000242
    outer loop
        vertex 159.99889 -0.5982844 28.955006
        vertex 159.999 -0.5643366 51.040012
        vertex 159.99739 -0.91510034 28.893915
    endloop
endfacet
facet normal 0.99998897 -0.00470267 0.00000214
    outer loop
        vertex 159.99739 -0.91510034 28.893915
        vertex 159.999 -0.5643366 51.040012
        vertex 159.99718 -0.95041853 51.11455
    endloop
endfacet
facet normal 0.99997562 -0.00697652 0.00000042
    outer loop
        vertex 159.99495 -1.2710829 28.792671
        vertex 159.99718 -0.95041853 51.11455
        vertex 159.99484 -1.2850404 51.212032
    endloop
endfacet
facet normal 0.99995953 -0.00899752 -0.00000084
    outer loop
        vertex 159.99185 -1.6153219 28.659334
        vertex 159.99495 -1.2710829 28.792671
        vertex 159.99484 -1.2850404 51.212032
    endloop
endfacet
facet normal 0.99993861 -0.01107497 0.00000016
    outer loop
        vertex 159.98843 -1.9235857 51.49289
        vertex 159.99185 -1.6153219 28.659334
        vertex 159.9919 -1.6108527 51.33869
    endloop
endfacet
facet normal 0.9999373 -0.01119608 -0.00000147
    outer loop
        vertex 159.98843 -1.9235857 51.49289
        vertex 159.98814 -1.9464567 28.49447
        vertex 159.99185 -1.6153219 28.659334
    endloop
endfacet
facet normal 0.99991393 -0.01311679 -0.00000204
    outer loop
        vertex 159.98457 -2.2222447 51.674095
        vertex 159.98402 -2.2604911 28.300032
        vertex 159.98814 -1.9464567 28.49447
    endloop
endfacet
facet normal 0.99978417 -0.02067225 0.00203238
    outer loop
        vertex 159.9704 -3.077517 27.55517
        vertex 159.97499 -2.8285334 27.828321
        vertex 159.8681 -6.495237 43.11372
    endloop
endfacet
facet normal 0.9995665 -0.02943239 -0.00072473
    outer loop
        vertex 159.8681 -6.495237 43.11372
        vertex 159.95189 -3.9232125 54.219982
        vertex 159.95058 -3.9762738 54.564987
    endloop
endfacet
facet normal 0.9994719 -0.03249526 0.00004152
    outer loop
        vertex 159.94998 -4 25
        vertex 159.95001 -3.998944 25.091816
        vertex 159.8681 -6.495237 43.11372
    endloop
endfacet
facet normal 0.99938834 -0.03497092 -0.00029989
    outer loop
        vertex 159.81534 -7.6848683 6
        vertex 159.94998 -4 25
        vertex 159.8681 -6.495237 43.11372
    endloop
endfacet
facet normal 0.99934077 -0.03630536 -0.00004075
    outer loop
        vertex 159.95001 -3.9990628 24.91341
        vertex 159.94998 -4 25
        vertex 159.81534 -7.6848683 6
    endloop
endfacet
facet normal 0.9994365 -0.03356031 -0.00057639
    outer loop
        vertex 159.95058 -3.9762635 24.56487
        vertex 159.95001 -3.9990628 24.91341
        vertex 159.81534 -7.6848683 6
    endloop
endfacet
facet normal 0.99950784 -0.03135458 -0.00101754
    outer loop
        vertex 159.81534 -7.6848683 6
        vertex 159.95189 -3.9232447 24.220152
        vertex 159.95058 -3.9762635 24.56487
    endloop
endfacet
facet normal 0.99955213 -0.02992328 0.00039813
    outer loop
        vertex 159.8681 -6.495237 43.11372
        vertex 159.95001 -3.998944 25.091816
        vertex 159.95094 -3.9617298 25.551983
    endloop
endfacet
facet normal 0.99935079 -0.03602894 0.0000022
    outer loop
        vertex 159.81534 -7.6848683 6
        vertex 159.95383 -3.8435433 6
        vertex 159.9539 -3.840336 23.881145
    endloop
endfacet
facet normal 0.99971992 -0.0236662 -0.00000002
    outer loop
        vertex 159.9539 -3.840336 23.881145
        vertex 159.95383 -3.8435433 6
        vertex 159.95656 -3.7281806 23.550642
    endloop
endfacet
facet normal 0.99973732 -0.02291816 -0.00000494
    outer loop
        vertex 159.95656 -3.7281806 23.550642
        vertex 159.95383 -3.8435433 6
        vertex 159.95978 -3.587666 23.231203
    endloop
endfacet
facet normal 0.99975938 -0.0219347 -0.00001955
    outer loop
        vertex 159.95978 -3.587666 23.231203
        vertex 159.95383 -3.8435433 6
        vertex 159.96346 -3.4197829 22.92513
    endloop
endfacet
facet normal 0.99960595 -0.02806367 0.00066667
    outer loop
        vertex 159.9526 -3.893855 25.915373
        vertex 159.8681 -6.495237 43.11372
        vertex 159.95094 -3.9617298 25.551983
    endloop
endfacet
facet normal 0.99983346 -0.0182494 -0.00016114
    outer loop
        vertex 159.95383 -3.8435433 6
        vertex 159.97609 -2.7660968 22.110584
        vertex 159.97173 -3.007415 22.362682
    endloop
endfacet
facet normal 0.99986082 -0.01668468 -0.00026583
    outer loop
        vertex 159.95383 -3.8435433 6
        vertex 159.98041 -2.5036514 21.880428
        vertex 159.97609 -2.7660968 22.110584
    endloop
endfacet
facet normal 0.99976683 -0.02136469 -0.00314438
    outer loop
        vertex 159.97173 -3.007425 52.36269
        vertex 159.8681 -6.495237 43.11372
        vertex 159.97609 -2.7661068 52.11059
    endloop
endfacet
facet normal 0.99935442 -0.03591811 -0.00072972
    outer loop
        vertex 159.81358 -7.7213864 51.293213
        vertex 159.95058 -3.9762738 54.564987
        vertex 159.95001 -3.9990623 54.913475
    endloop
endfacet
facet normal 0.99985856 -0.0168173 -0.000002
    outer loop
        vertex 159.97499 -2.8285334 27.828321
        vertex 159.97958 -2.5554962 28.077244
        vertex 159.97609 -2.7661068 52.11059
    endloop
endfacet
facet normal 0.99991167 -0.01328135 -0.00058763
    outer loop
        vertex 159.95383 -3.8435433 6
        vertex 159.98843 -1.9235673 21.49288
        vertex 159.98457 -2.222228 21.674086
    endloop
endfacet
facet normal 0.99986464 -0.01645056 0.00000121
    outer loop
        vertex 159.97958 -2.5554962 28.077244
        vertex 159.98041 -2.5036614 51.88044
        vertex 159.97609 -2.7661068 52.11059
    endloop
endfacet
facet normal 0.99837935 -0.05690978 0.0000815
    outer loop
        vertex 159.58461 -11.521758 6
        vertex 159.8681 -6.495237 43.11372
        vertex 159.5683 -11.74556 49.54467
    endloop
endfacet
facet normal 0.99989045 -0.01480028 0.00000072
    outer loop
        vertex 159.98402 -2.2604911 28.300032
        vertex 159.98457 -2.2222447 51.674095
        vertex 159.98041 -2.5036614 51.88044
    endloop
endfacet
facet normal 0.99992752 -0.01201229 -0.00073331
    outer loop
        vertex 159.95383 -3.8435433 6
        vertex 160 -0 6
        vertex 159.9919 -1.610836 21.33869
    endloop
endfacet
facet normal 0.99966192 -0.02598065 0.00099088
    outer loop
        vertex 159.95503 -3.7928216 26.270632
        vertex 159.95816 -3.659315 26.61537
        vertex 159.8681 -6.495237 43.11372
    endloop
endfacet
facet normal 0.9996264 -0.02730326 -0.00123338
    outer loop
        vertex 159.8681 -6.495237 43.11372
        vertex 159.95656 -3.728189 53.55065
        vertex 159.9539 -3.840323 53.881115
    endloop
endfacet
facet normal 0.99969304 -0.02474805 0.00120292
    outer loop
        vertex 159.8681 -6.495237 43.11372
        vertex 159.95816 -3.659315 26.61537
        vertex 159.96184 -3.4946947 26.946056
    endloop
endfacet
facet normal 0.99965274 -0.02630879 -0.00149726
    outer loop
        vertex 159.95656 -3.728189 53.55065
        vertex 159.8681 -6.495237 43.11372
        vertex 159.95978 -3.5876744 53.231213
    endloop
endfacet
facet normal 0.99972314 -0.02348609 0.0014373
    outer loop
        vertex 159.96596 -3.300088 27.26041
        vertex 159.8681 -6.495237 43.11372
        vertex 159.96184 -3.4946947 26.946056
    endloop
endfacet
facet normal 0.99997109 0.00760096 -0.00029881
    outer loop
        vertex 160 -0 6
        vertex 159.99416 1.3680099 21.241207
        vertex 159.99666 1.0346618 21.136133
    endloop
endfacet
facet normal 0.99968064 -0.02520563 -0.00181454
    outer loop
        vertex 159.96346 -3.419793 52.925148
        vertex 159.95978 -3.5876744 53.231213
        vertex 159.8681 -6.495237 43.11372
    endloop
endfacet
facet normal 0.99975228 -0.02219379 0.00169794
    outer loop
        vertex 159.96596 -3.300088 27.26041
        vertex 159.9704 -3.077517 27.55517
        vertex 159.8681 -6.495237 43.11372
    endloop
endfacet
facet normal 0.99992818 0.01195894 -0.00074742
    outer loop
        vertex 159.99107 1.6901133 21.374598
        vertex 159.95383 3.8435433 6
        vertex 159.98749 2.0000174 21.535908
    endloop
endfacet
facet normal 0.99990565 0.01372163 -0.00053821
    outer loop
        vertex 159.98749 2.0000174 21.535908
        vertex 159.95383 3.8435433 6
        vertex 159.98355 2.2942448 21.72335
    endloop
endfacet
facet normal 0.9997099 -0.02398708 -0.00219679
    outer loop
        vertex 159.8681 -6.495237 43.11372
        vertex 159.96747 -3.2259707 52.63503
        vertex 159.96346 -3.419793 52.925148
    endloop
endfacet
facet normal 0.99985433 0.01706156 -0.00023859
    outer loop
        vertex 159.97934 2.5712826 21.935936
        vertex 159.95383 3.8435433 6
        vertex 159.975 2.8285341 22.171682
    endloop
endfacet
facet normal 0.99982715 0.01859719 -0.00014218
    outer loop
        vertex 159.975 2.8285341 22.171682
        vertex 159.95383 3.8435433 6
        vertex 159.97066 3.0643003 22.428999
    endloop
endfacet
facet normal 0.99975377 0.02219065 -0.00001467
    outer loop
        vertex 159.95892 3.6253786 23.309849
        vertex 159.9625 3.46431 23.000357
        vertex 159.95383 3.8435433 6
    endloop
endfacet
facet normal 0.99977684 0.02112368 -0.00003848
    outer loop
        vertex 159.95383 3.8435433 6
        vertex 159.9625 3.46431 23.000357
        vertex 159.96645 3.2767253 22.705866
    endloop
endfacet
facet normal 0.99973792 -0.02274423 -0.00262383
    outer loop
        vertex 159.8681 -6.495237 43.11372
        vertex 159.97173 -3.007425 52.36269
        vertex 159.96747 -3.2259707 52.63503
    endloop
endfacet
facet normal 0.99973112 0.02318846 -0.00000209
    outer loop
        vertex 159.95383 3.8435433 6
        vertex 159.95583 3.7589526 23.632408
        vertex 159.95892 3.6253786 23.309849
    endloop
endfacet
facet normal 0.99942803 0.03367298 -0.00314068
    outer loop
        vertex 159.8046 7.90501 19.960205
        vertex 159.95334 3.8638022 23.965086
        vertex 159.95583 3.7589526 23.632408
    endloop
endfacet
facet normal 0.99935079 0.03602894 0.00020084
    outer loop
        vertex 159.81534 7.6848683 6
        vertex 159.8046 7.90501 19.960205
        vertex 159.95383 3.8435433 6
    endloop
endfacet
facet normal 0.99819684 0.06002573 -0.00017846
    outer loop
        vertex 159.8046 7.90501 19.960205
        vertex 159.81534 7.6848683 6
        vertex 159.58461 11.521758 6
    endloop
endfacet
facet normal 0.99937081 0.03543679 -0.00144334
    outer loop
        vertex 159.8046 7.90501 19.960205
        vertex 159.95038 3.9848056 24.65165
        vertex 159.95149 3.9393067 24.305819
    endloop
endfacet
facet normal 0.9993608 0.03565973 -0.00248788
    outer loop
        vertex 159.95149 3.9392974 84.3058
        vertex 159.95334 3.8637776 83.965
        vertex 159.80952 7.804769 82.68381
    endloop
endfacet
facet normal 0.99916458 0.04086115 -0.00064422
    outer loop
        vertex 159.74052 9.108662 54.166965
        vertex 159.94998 4 55
        vertex 159.95038 3.984808 54.65171
    endloop
endfacet
facet normal 0.99950737 0.03134756 0.00152656
    outer loop
        vertex 159.95149 3.9392965 55.69424
        vertex 159.80946 7.806094 69.28305
        vertex 159.95334 3.863846 56.034733
    endloop
endfacet
facet normal 0.99956083 0.02957719 -0.00185325
    outer loop
        vertex 159.95583 3.758871 83.6322
        vertex 159.80946 7.806094 69.28305
        vertex 159.95334 3.8637776 83.965
    endloop
endfacet
facet normal 0.99959296 0.02844792 -0.00217209
    outer loop
        vertex 159.95892 3.6254256 83.309944
        vertex 159.80946 7.806094 69.28305
        vertex 159.95583 3.758871 83.6322
    endloop
endfacet
facet normal 0.99962932 0.02710328 -0.00257324
    outer loop
        vertex 159.95892 3.6254256 83.309944
        vertex 159.9625 3.46435 83.000435
        vertex 159.80946 7.806094 69.28305
    endloop
endfacet
facet normal 0.99966347 0.02576675 -0.00299665
    outer loop
        vertex 159.9625 3.46435 83.000435
        vertex 159.96645 3.2767751 82.70594
        vertex 159.80946 7.806094 69.28305
    endloop
endfacet
facet normal 0.99961978 0.02743488 0.00275606
    outer loop
        vertex 159.80946 7.806094 69.28305
        vertex 159.9625 3.4642153 56.999798
        vertex 159.95892 3.62543 56.69004
    endloop
endfacet
facet normal 0.99965346 0.02612549 0.0032193
    outer loop
        vertex 159.80946 7.806094 69.28305
        vertex 159.96645 3.2767282 57.29413
        vertex 159.9625 3.4642153 56.999798
    endloop
endfacet
facet normal 0.99980354 0.01981867 -0.00000006
    outer loop
        vertex 159.97066 3.0643542 82.42907
        vertex 159.97066 3.0642729 57.571037
        vertex 159.96645 3.2767282 57.29413
    endloop
endfacet
facet normal 0.99983108 0.01838076 0.00000002
    outer loop
        vertex 159.97499 2.8285205 82.17166
        vertex 159.97499 2.8285499 57.828304
        vertex 159.97066 3.0642729 57.571037
    endloop
endfacet
facet normal 0.99985719 0.01690238 0.00000002
    outer loop
        vertex 159.97499 2.8285205 82.17166
        vertex 159.97934 2.571271 81.93592
        vertex 159.97499 2.8285499 57.828304
    endloop
endfacet
facet normal 0.99988431 0.01521319 -0.00000007
    outer loop
        vertex 159.97934 2.571271 81.93592
        vertex 159.98355 2.2944746 81.72351
        vertex 159.97934 2.5711536 58.064175
    endloop
endfacet
facet normal 0.99991059 0.01337412 -0.00000009
    outer loop
        vertex 159.98355 2.2944746 81.72351
        vertex 159.98749 2.0001426 81.53598
        vertex 159.98355 2.2943234 58.276592
    endloop
endfacet
facet normal 0.99991 0.01341434 0.00000042
    outer loop
        vertex 159.98355 2.2943234 58.276592
        vertex 159.98749 2.0001426 81.53598
        vertex 159.9875 1.9997319 58.46426
    endloop
endfacet
facet normal 0.99995422 0.009569 0.00000005
    outer loop
        vertex 159.99107 1.6902332 81.37466
        vertex 159.99416 1.3681382 81.24125
        vertex 159.99107 1.6903623 58.625286
    endloop
endfacet
facet normal 0.99997175 0.00750665 -0.00000017
    outer loop
        vertex 159.99416 1.3681382 81.24125
        vertex 159.99666 1.0347819 81.13617
        vertex 159.99416 1.3676268 58.758934
    endloop
endfacet
facet normal 0.99998939 0.00460567 0.00000003
    outer loop
        vertex 159.99666 1.0347819 81.13617
        vertex 159.99942 0.43512744 81.023735
        vertex 159.99666 1.0349368 58.863792
    endloop
endfacet
facet normal 0.99999011 0.00445415 -0.00000407
    outer loop
        vertex 159.99666 1.0349368 58.863792
        vertex 159.99942 0.43512744 81.023735
        vertex 159.99953 0.39101028 58.980846
    endloop
endfacet
facet normal 0.99999923 0.00120974 0
    outer loop
        vertex 159.99953 0.39101028 58.980846
        vertex 160 -0 81
        vertex 160 -0 59
    endloop
endfacet
facet normal 0.99999833 -0.00178486 0
    outer loop
        vertex 160 -0 59
        vertex 160 -0 81
        vertex 159.999 -0.5642333 81.03999
    endloop
endfacet
facet normal 0.99998891 -0.0047029 0.00000021
    outer loop
        vertex 159.999 -0.56523556 58.959866
        vertex 159.999 -0.5642333 81.03999
        vertex 159.99718 -0.95032674 81.11453
    endloop
endfacet
facet normal 0.99998885 -0.00472078 -0.0000001
    outer loop
        vertex 159.99718 -0.9498683 58.885582
        vertex 159.999 -0.56523556 58.959866
        vertex 159.99718 -0.95032674 81.11453
    endloop
endfacet
facet normal 0.99997586 -0.00695106 0.00000024
    outer loop
        vertex 159.99484 -1.2857252 58.787735
        vertex 159.99718 -0.9498683 58.885582
        vertex 159.99484 -1.284952 81.212
    endloop
endfacet
facet normal 0.99995911 -0.00903797 0.00000031
    outer loop
        vertex 159.9919 -1.610776 81.33866
        vertex 159.99484 -1.2857252 58.787735
        vertex 159.99484 -1.284952 81.212
    endloop
endfacet
facet normal 0.99993873 -0.0110748 -0.0000001
    outer loop
        vertex 159.98843 -1.9235173 81.49285
        vertex 159.9919 -1.6105721 58.66143
        vertex 159.9919 -1.610776 81.33866
    endloop
endfacet
facet normal 0.99993885 -0.01105563 0.00000016
    outer loop
        vertex 159.98843 -1.9235173 81.49285
        vertex 159.98843 -1.9238567 58.50696
        vertex 159.9919 -1.6105721 58.66143
    endloop
endfacet
facet normal 0.99991626 -0.01293876 0
    outer loop
        vertex 159.98457 -2.222188 81.674065
        vertex 159.98457 -2.2221968 58.325935
        vertex 159.98843 -1.9238567 58.50696
    endloop
endfacet
facet normal 0.99989045 -0.01480027 0.00000001
    outer loop
        vertex 159.98457 -2.222188 81.674065
        vertex 159.98041 -2.5036147 81.8804
        vertex 159.98457 -2.2221968 58.325935
    endloop
endfacet
facet normal 0.99989063 -0.01479577 0.00000006
    outer loop
        vertex 159.98041 -2.50371 58.119526
        vertex 159.98457 -2.2221968 58.325935
        vertex 159.98041 -2.5036147 81.8804
    endloop
endfacet
facet normal 0.999762 -0.02181611 -0.00000002
    outer loop
        vertex 159.95978 -3.5876634 83.231186
        vertex 159.95978 -3.5876338 56.768856
        vertex 159.96344 -3.4198115 57.074818
    endloop
endfacet
facet normal 0.99976021 -0.02190004 -0.00000056
    outer loop
        vertex 159.96346 -3.4197798 82.92512
        vertex 159.95978 -3.5876634 83.231186
        vertex 159.96344 -3.4198115 57.074818
    endloop
endfacet
facet normal 0.99923688 -0.03889444 -0.00357855
    outer loop
        vertex 159.9539 -3.8402781 83.88096
        vertex 159.95189 -3.9232266 84.22009
        vertex 159.8093 -7.809748 86.645515
    endloop
endfacet
facet normal 0.99923772 -0.03897663 0.00219297
    outer loop
        vertex 159.95189 -3.9232252 55.779957
        vertex 159.81358 -7.7213864 51.293213
        vertex 159.95058 -3.9762785 55.43495
    endloop
endfacet
facet normal 0.99108392 -0.13323894 0.00001718
    outer loop
        vertex 158.82666 -19.341484 84.45864
        vertex 158.29808 -23.274866 72.07385
        vertex 158.82353 -19.367128 66.03068
    endloop
endfacet
facet normal 0.99932736 -0.0366727 0.00004482
    outer loop
        vertex 159.81358 -7.7213864 51.293213
        vertex 159.94998 -4 55
        vertex 159.95001 -3.9990623 55.086636
    endloop
endfacet
facet normal 0.99955571 -0.02977689 -0.00134361
    outer loop
        vertex 159.81534 -7.6848683 6
        vertex 159.9539 -3.840336 23.881145
        vertex 159.95189 -3.9232447 24.220152
    endloop
endfacet
facet normal 0.9981966 -0.06002572 0.0005049
    outer loop
        vertex 159.58461 -11.521758 6
        vertex 159.81534 -7.6848683 6
        vertex 159.8681 -6.495237 43.11372
    endloop
endfacet
facet normal 0.99978417 -0.0207739 -0.00004863
    outer loop
        vertex 159.96346 -3.4197829 22.92513
        vertex 159.95383 -3.8435433 6
        vertex 159.96747 -3.2259674 22.635017
    endloop
endfacet
facet normal 0.99980813 -0.01959071 -0.00009258
    outer loop
        vertex 159.96747 -3.2259674 22.635017
        vertex 159.95383 -3.8435433 6
        vertex 159.97173 -3.007415 22.362682
    endloop
endfacet
facet normal 0.99988592 -0.01509375 -0.0004001
    outer loop
        vertex 159.98041 -2.5036514 21.880428
        vertex 159.95383 -3.8435433 6
        vertex 159.98457 -2.222228 21.674086
    endloop
endfacet
facet normal 0.9999339 -0.01147516 -0.00081151
    outer loop
        vertex 159.98843 -1.9235673 21.49288
        vertex 159.95383 -3.8435433 6
        vertex 159.9919 -1.610836 21.33869
    endloop
endfacet
facet normal 0.99995756 -0.00920892 -0.00043889
    outer loop
        vertex 159.99484 -1.2850204 21.212032
        vertex 159.9919 -1.610836 21.33869
        vertex 160 -0 6
    endloop
endfacet
facet normal 0.99998891 -0.00472429 -0.0001103
    outer loop
        vertex 159.999 -0.5643156 21.040005
        vertex 159.99718 -0.95040506 21.11455
        vertex 160 -0 6
    endloop
endfacet
facet normal 0.99997503 -0.00705154 -0.00025664
    outer loop
        vertex 160 -0 6
        vertex 159.99718 -0.95040506 21.11455
        vertex 159.99484 -1.2850204 21.212032
    endloop
endfacet
facet normal 0.99933052 -0.03658418 -0.00004401
    outer loop
        vertex 159.94998 -4 55
        vertex 159.81358 -7.7213864 51.293213
        vertex 159.95001 -3.9990623 54.913475
    endloop
endfacet
facet normal 0.99913794 -0.04130286 0.00416527
    outer loop
        vertex 159.95189 -3.9232252 55.779957
        vertex 159.9539 -3.8403213 56.11889
        vertex 159.81358 -7.7213864 51.293213
    endloop
endfacet
facet normal 0.99981028 -0.01947502 0.00000006
    outer loop
        vertex 159.96747 -3.225951 82.635
        vertex 159.97173 -3.0074778 57.637245
        vertex 159.97173 -3.0073953 82.362656
    endloop
endfacet
facet normal 0.99999928 0.00120847 -0
    outer loop
        vertex 160 -0 6
        vertex 159.99953 0.39142114 21.0192
        vertex 160 -0 21
    endloop
endfacet
facet normal 0.99983644 -0.0180808 0.00000002
    outer loop
        vertex 159.97173 -3.0073953 82.362656
        vertex 159.97609 -2.7660952 57.889412
        vertex 159.97609 -2.7660732 82.110565
    endloop
endfacet
facet normal 0.99998993 0.00447512 -0.00008513
    outer loop
        vertex 160 -0 6
        vertex 159.99666 1.0346618 21.136133
        vertex 159.99953 0.39142114 21.0192
    endloop
endfacet
facet normal 0.99986464 -0.01645542 0.00000001
    outer loop
        vertex 159.97609 -2.7660952 57.889412
        vertex 159.98041 -2.50371 58.119526
        vertex 159.97609 -2.7660732 82.110565
    endloop
endfacet
facet normal 0.99992758 0.01201229 -0.00073995
    outer loop
        vertex 159.95383 3.8435433 6
        vertex 159.99107 1.6901133 21.374598
        vertex 160 -0 6
    endloop
endfacet
facet normal 0.99638063 -0.08500297 -0.00004418
    outer loop
        vertex 159.24286 -15.547194 61.41772
        vertex 159.57245 -11.688977 71.31084
        vertex 159.25343 -15.438338 90.45808
    endloop
endfacet
facet normal 0.99980152 0.01992474 -0.00007918
    outer loop
        vertex 159.95383 3.8435433 6
        vertex 159.96645 3.2767253 22.705866
        vertex 159.97066 3.0643003 22.428999
    endloop
endfacet
facet normal 0.99934566 -0.03616962 0.0000308
    outer loop
        vertex 159.81358 -7.7213864 51.293213
        vertex 159.9539 -3.8403213 56.11889
        vertex 159.8093 -7.809748 86.645515
    endloop
endfacet
facet normal 0.99988675 -0.01504853 -0.00000184
    outer loop
        vertex 159.98041 -2.5036614 51.88044
        vertex 159.97958 -2.5554962 28.077244
        vertex 159.98402 -2.2604911 28.300032
    endloop
endfacet
facet normal 0.99927831 -0.03793083 -0.00203205
    outer loop
        vertex 159.8093 -7.809748 86.645515
        vertex 159.95189 -3.9232266 84.22009
        vertex 159.95058 -3.9762738 84.56498
    endloop
endfacet
facet normal 0.99995917 -0.0090385 -0.00000024
    outer loop
        vertex 159.99185 -1.6153219 28.659334
        vertex 159.99484 -1.2850404 51.212032
        vertex 159.9919 -1.6108527 51.33869
    endloop
endfacet
facet normal 0.99997652 -0.00685769 -0.00000129
    outer loop
        vertex 159.99739 -0.91510034 28.893915
        vertex 159.99718 -0.95041853 51.11455
        vertex 159.99495 -1.2710829 28.792671
    endloop
endfacet
facet normal 0.99933708 -0.03640574 0.00000006
    outer loop
        vertex 159.9539 -3.8403213 56.11889
        vertex 159.9539 -3.8402781 83.88096
        vertex 159.8093 -7.809748 86.645515
    endloop
endfacet
facet normal 0.99999827 -0.00186166 -0.00000197
    outer loop
        vertex 159.99889 -0.5982844 28.955006
        vertex 160 -0 29
        vertex 159.999 -0.5643366 51.040012
    endloop
endfacet
facet normal 0.99971992 -0.0236681 0.00000004
    outer loop
        vertex 159.9539 -3.8403213 56.11889
        vertex 159.95656 -3.7281747 56.449394
        vertex 159.9539 -3.8402781 83.88096
    endloop
endfacet
facet normal 0.99997187 0.00750606 0.00000219
    outer loop
        vertex 159.99416 1.3679682 51.241184
        vertex 159.99666 1.0346185 51.13612
        vertex 159.99626 1.0939654 28.847496
    endloop
endfacet
facet normal 0.99995422 0.00956809 0.00000212
    outer loop
        vertex 159.99107 1.690065 51.37458
        vertex 159.99416 1.3679682 51.241184
        vertex 159.99347 1.4447128 28.729988
    endloop
endfacet
facet normal 0.9997198 -0.02367068 0.00000003
    outer loop
        vertex 159.9539 -3.8402781 83.88096
        vertex 159.95656 -3.7281747 56.449394
        vertex 159.95656 -3.7281446 83.550545
    endloop
endfacet
facet normal 0.99992621 0.01214675 -0.00000262
    outer loop
        vertex 159.98615 2.1055186 28.401003
        vertex 159.98749 1.9999775 51.53589
        vertex 159.99007 1.782737 28.580761
    endloop
endfacet
facet normal 0.99988455 0.01519788 0.00000248
    outer loop
        vertex 159.97934 2.571251 51.93591
        vertex 159.98355 2.2942114 51.72332
        vertex 159.98184 2.4104798 28.192114
    endloop
endfacet
facet normal 0.99983007 0.0184353 0.00000135
    outer loop
        vertex 159.975 2.8285103 52.17165
        vertex 159.97269 2.9560878 27.694727
        vertex 159.97066 3.0643442 52.42905
    endloop
endfacet
facet normal 0.99973762 0.02290735 -0.00000054
    outer loop
        vertex 159.95892 3.6254053 53.309902
        vertex 159.95993 3.580831 26.7826
        vertex 159.95651 3.7299924 26.444704
    endloop
endfacet
facet normal 0.99976242 0.02179928 -0.00000089
    outer loop
        vertex 159.95993 3.580831 26.7826
        vertex 159.9625 3.4643333 53.000404
        vertex 159.96385 3.4009953 27.105528
    endloop
endfacet
facet normal 0.99916565 0.04068044 -0.00360052
    outer loop
        vertex 159.95334 3.8637867 53.965042
        vertex 159.74052 9.108662 54.166965
        vertex 159.95149 3.939292 54.305775
    endloop
endfacet
facet normal 0.99919134 0.04020764 0.00005385
    outer loop
        vertex 159.95583 3.7589657 53.632465
        vertex 159.95375 3.8474162 26.094269
        vertex 159.74052 9.108662 54.166965
    endloop
endfacet
facet normal 0.99810189 0.06158395 0.00022673
    outer loop
        vertex 159.8046 7.90501 19.960205
        vertex 159.58461 11.521758 6
        vertex 159.5453 12.053895 34.49619
    endloop
endfacet
facet normal 0.99919081 0.04016181 0.00218286
    outer loop
        vertex 159.95168 3.9319475 25.734707
        vertex 159.95042 3.9829686 25.368723
        vertex 159.8046 7.90501 19.960205
    endloop
endfacet
facet normal 0.99926907 0.03817961 0.00190627
    outer loop
        vertex 159.95042 3.9829686 85.36872
        vertex 159.80952 7.804769 82.68381
        vertex 159.95168 3.9319475 85.7347
    endloop
endfacet
facet normal 0.99814928 0.06081067 0.00000147
    outer loop
        vertex 159.57515 11.652041 73.16985
        vertex 159.80952 7.804769 82.68381
        vertex 159.80946 7.806094 69.28305
    endloop
endfacet
facet normal 0.99921596 0.03943669 0.00350449
    outer loop
        vertex 159.95168 3.9319475 85.7347
        vertex 159.80952 7.804769 82.68381
        vertex 159.95375 3.8474162 86.09426
    endloop
endfacet
facet normal 0.99961883 0.02757419 0.00136139
    outer loop
        vertex 159.95375 3.8474162 86.09426
        vertex 159.81534 7.6848683 110
        vertex 159.95651 3.7299924 86.444695
    endloop
endfacet
facet normal 0.99935073 0.03602894 -0.00005975
    outer loop
        vertex 159.95651 3.7299924 86.444695
        vertex 159.81534 7.6848683 110
        vertex 159.95383 3.8435433 110
    endloop
endfacet
facet normal 0.99973744 0.02291651 0.00000351
    outer loop
        vertex 159.95993 3.580831 86.78259
        vertex 159.95651 3.7299924 86.444695
        vertex 159.95383 3.8435433 110
    endloop
endfacet
facet normal 0.99978656 0.02066153 0.0000384
    outer loop
        vertex 159.96385 3.4009953 87.10553
        vertex 159.95383 3.8435433 110
        vertex 159.96815 3.1922128 87.41035
    endloop
endfacet
facet normal 0.99981403 0.01928346 0.00007815
    outer loop
        vertex 159.96815 3.1922128 87.41035
        vertex 159.95383 3.8435433 110
        vertex 159.97269 2.9560912 87.69472
    endloop
endfacet
facet normal 0.99984211 0.01776968 0.0001384
    outer loop
        vertex 159.97269 2.9560912 87.69472
        vertex 159.95383 3.8435433 110
        vertex 159.9773 2.6947699 87.95605
    endloop
endfacet
facet normal 0.99986905 0.01617699 0.00022143
    outer loop
        vertex 159.9773 2.6947699 87.95605
        vertex 159.95383 3.8435433 110
        vertex 159.98184 2.4104898 88.19211
    endloop
endfacet
facet normal 0.99989712 0.01434273 0.000342
    outer loop
        vertex 159.98184 2.4104898 88.19211
        vertex 159.95383 3.8435433 110
        vertex 159.98615 2.1055286 88.40099
    endloop
endfacet
facet normal 0.99992269 0.01242461 0.00049639
    outer loop
        vertex 159.98615 2.1055286 88.40099
        vertex 159.95383 3.8435433 110
        vertex 159.99007 1.782747 88.58075
    endloop
endfacet
facet normal 0.999946 0.01037231 0.00069388
    outer loop
        vertex 159.99007 1.782747 88.58075
        vertex 159.95383 3.8435433 110
        vertex 159.99347 1.4447244 88.72998
    endloop
endfacet
facet normal 0.99992764 0.01201229 0.00050889
    outer loop
        vertex 159.99347 1.4447244 88.72998
        vertex 159.95383 3.8435433 110
        vertex 160 -0 110
    endloop
endfacet
facet normal 0.99996763 0.00804119 0.00023915
    outer loop
        vertex 159.99626 1.0939837 88.847496
        vertex 159.99347 1.4447244 88.72998
        vertex 160 -0 110
    endloop
endfacet
facet normal 0.99998361 0.00572023 0.00011911
    outer loop
        vertex 159.9983 0.7347847 88.93193
        vertex 159.99626 1.0939837 88.847496
        vertex 160 -0 110
    endloop
endfacet
facet normal 0.99999738 0.00230506 -0
    outer loop
        vertex 160 -0 89
        vertex 159.9983 0.7347847 88.93193
        vertex 160 -0 110
    endloop
endfacet
facet normal 0.99999821 -0.00186187 0
    outer loop
        vertex 159.99889 -0.59826446 88.95501
        vertex 160 -0 89
        vertex 160 -0 110
    endloop
endfacet
facet normal 0.99997616 -0.00690812 0.00017589
    outer loop
        vertex 159.99739 -0.91507375 88.89393
        vertex 160 -0 110
        vertex 159.99495 -1.2710545 88.79268
    endloop
endfacet
facet normal 0.9999584 -0.00911724 0.00030829
    outer loop
        vertex 159.99495 -1.2710545 88.79268
        vertex 160 -0 110
        vertex 159.99185 -1.6152935 88.65935
    endloop
endfacet
facet normal 0.99992776 -0.01201229 0.00052743
    outer loop
        vertex 159.99185 -1.6152935 88.65935
        vertex 160 -0 110
        vertex 159.95383 -3.8435433 110
    endloop
endfacet
facet normal 0.99993438 -0.01144291 0.0005869
    outer loop
        vertex 159.98816 -1.9464284 88.49448
        vertex 159.99185 -1.6152935 88.65935
        vertex 159.95383 -3.8435433 110
    endloop
endfacet
facet normal 0.99990988 -0.01342186 0.00041228
    outer loop
        vertex 159.98402 -2.2604625 88.30004
        vertex 159.98816 -1.9464284 88.49448
        vertex 159.95383 -3.8435433 110
    endloop
endfacet
facet normal 0.99988347 -0.01525951 0.00027818
    outer loop
        vertex 159.97958 -2.5554762 88.07726
        vertex 159.98402 -2.2604625 88.30004
        vertex 159.95383 -3.8435433 110
    endloop
endfacet
facet normal 0.99985588 -0.01698046 0.00017704
    outer loop
        vertex 159.97499 -2.8285136 87.82834
        vertex 159.97958 -2.5554762 88.07726
        vertex 159.95383 -3.8435433 110
    endloop
endfacet
facet normal 0.99982774 -0.01855797 0.00010479
    outer loop
        vertex 159.9704 -3.0775025 87.55518
        vertex 159.97499 -2.8285136 87.82834
        vertex 159.95383 -3.8435433 110
    endloop
endfacet
facet normal 0.99934816 -0.03594004 0.00339624
    outer loop
        vertex 159.8093 -7.809748 86.645515
        vertex 159.9526 -3.893855 85.91537
        vertex 159.95503 -3.7928221 86.27063
    endloop
endfacet
facet normal 0.99934244 -0.03625929 -0.00002674
    outer loop
        vertex 159.95383 -3.8435433 110
        vertex 159.8093 -7.809748 86.645515
        vertex 159.95503 -3.7928221 86.27063
    endloop
endfacet
facet normal 0.99641877 -0.08455545 0.00004409
    outer loop
        vertex 159.25343 -15.438338 90.45808
        vertex 159.57245 -11.688977 71.31084
        vertex 159.5778 -11.615631 90.93493
    endloop
endfacet
facet normal 0.99819684 -0.06002573 -0.00006076
    outer loop
        vertex 159.58461 -11.521758 110
        vertex 159.5778 -11.615631 90.93493
        vertex 159.81534 -7.6848683 110
    endloop
endfacet
facet normal 0.99414092 -0.10808802 0.00086294
    outer loop
        vertex 158.82353 -19.367128 66.03068
        vertex 159.02054 -17.676666 50.811565
        vertex 159.24286 -15.547194 61.41772
    endloop
endfacet
facet normal 0.99932033 -0.03686316 0.00009181
    outer loop
        vertex 159.95001 -3.998944 85.09181
        vertex 159.8093 -7.809748 86.645515
        vertex 159.94998 -4 85
    endloop
endfacet
facet normal 0.99995208 0.00977325 -0.0004938
    outer loop
        vertex 160 -0 6
        vertex 159.99107 1.6901133 21.374598
        vertex 159.99416 1.3680099 21.241207
    endloop
endfacet
facet normal 0.99999845 -0.0017846 0
    outer loop
        vertex 159.999 -0.5643156 21.040005
        vertex 160 -0 6
        vertex 160 -0 21
    endloop
endfacet
facet normal 0.99957889 -0.02901622 0.00002937
    outer loop
        vertex 159.8681 -6.495237 43.11372
        vertex 159.97499 -2.8285334 27.828321
        vertex 159.97609 -2.7661068 52.11059
    endloop
endfacet
facet normal 0.99933344 0.03650604 0.00006185
    outer loop
        vertex 159.95583 3.7589526 23.632408
        vertex 159.95383 3.8435433 6
        vertex 159.8046 7.90501 19.960205
    endloop
endfacet
facet normal 0.99991643 -0.01292479 0.00000025
    outer loop
        vertex 159.98843 -1.9235857 51.49289
        vertex 159.98457 -2.2222447 51.674095
        vertex 159.98814 -1.9464567 28.49447
    endloop
endfacet
facet normal 0.99940008 0.03456137 -0.00224321
    outer loop
        vertex 159.95149 3.9393067 24.305819
        vertex 159.95334 3.8638022 23.965086
        vertex 159.8046 7.90501 19.960205
    endloop
endfacet
facet normal 0.99999726 0.00230334 -0.00001916
    outer loop
        vertex 160 -0 29
        vertex 159.9983 0.7347648 28.931936
        vertex 159.99942 0.4349744 51.02372
    endloop
endfacet
facet normal 0.9999494 0.01006452 -0.00000326
    outer loop
        vertex 159.99347 1.4447128 28.729988
        vertex 159.99007 1.782737 28.580761
        vertex 159.99107 1.690065 51.37458
    endloop
endfacet
facet normal 0.9998582 0.0168411 0.00000149
    outer loop
        vertex 159.9773 2.6947598 27.956057
        vertex 159.975 2.8285103 52.17165
        vertex 159.97934 2.571251 51.93591
    endloop
endfacet
facet normal 0.99978775 0.0206029 -0.00000132
    outer loop
        vertex 159.96385 3.4009953 27.105528
        vertex 159.96645 3.2767618 52.70591
        vertex 159.96815 3.1922061 27.410353
    endloop
endfacet
facet normal 0.99973768 -0.02290261 -0.00000003
    outer loop
        vertex 159.95978 -3.5876338 56.768856
        vertex 159.95978 -3.5876634 83.231186
        vertex 159.95656 -3.7281747 56.449394
    endloop
endfacet
facet normal 0.99988002 0.01547982 -0.00036492
    outer loop
        vertex 159.97934 2.5712826 21.935936
        vertex 159.98355 2.2942448 21.72335
        vertex 159.95383 3.8435433 6
    endloop
endfacet
facet normal 0.99972564 -0.02342134 0.00000072
    outer loop
        vertex 159.95503 -3.7928221 86.27063
        vertex 159.95816 -3.6592925 86.61542
        vertex 159.95383 -3.8435433 110
    endloop
endfacet
facet normal 0.99978572 -0.02070056 -0.00000056
    outer loop
        vertex 159.96344 -3.4198115 57.074818
        vertex 159.96747 -3.225951 82.635
        vertex 159.96346 -3.4197798 82.92512
    endloop
endfacet
facet normal 0.99974996 -0.02235622 0.00000912
    outer loop
        vertex 159.95816 -3.6592925 86.61542
        vertex 159.96184 -3.494709 86.94602
        vertex 159.95383 -3.8435433 110
    endloop
endfacet
facet normal 0.99978435 -0.02076812 -0.00000005
    outer loop
        vertex 159.96344 -3.4198115 57.074818
        vertex 159.96747 -3.2258875 57.36509
        vertex 159.96747 -3.225951 82.635
    endloop
endfacet
facet normal 0.99977499 -0.0212117 0.00002645
    outer loop
        vertex 159.96184 -3.494709 86.94602
        vertex 159.96596 -3.3001344 87.26034
        vertex 159.95383 -3.8435433 110
    endloop
endfacet
facet normal 0.99979973 -0.02001358 0.00005509
    outer loop
        vertex 159.96596 -3.3001344 87.26034
        vertex 159.9704 -3.0775025 87.55518
        vertex 159.95383 -3.8435433 110
    endloop
endfacet
facet normal 0.99981004 -0.01948805 -0.00000005
    outer loop
        vertex 159.97173 -3.0074778 57.637245
        vertex 159.96747 -3.225951 82.635
        vertex 159.96747 -3.2258875 57.36509
    endloop
endfacet
facet normal 0.99983656 -0.01807635 0.00000006
    outer loop
        vertex 159.97609 -2.7660952 57.889412
        vertex 159.97173 -3.0073953 82.362656
        vertex 159.97173 -3.0074778 57.637245
    endloop
endfacet
facet normal 0.9998647 -0.01645074 0.00000007
    outer loop
        vertex 159.98041 -2.5036147 81.8804
        vertex 159.97609 -2.7660732 82.110565
        vertex 159.98041 -2.50371 58.119526
    endloop
endfacet
facet normal 0.99991643 -0.01292432 0.00000019
    outer loop
        vertex 159.98457 -2.222188 81.674065
        vertex 159.98843 -1.9238567 58.50696
        vertex 159.98843 -1.9235173 81.49285
    endloop
endfacet
facet normal 0.99995887 -0.00906524 -0.00000008
    outer loop
        vertex 159.9919 -1.6105721 58.66143
        vertex 159.99484 -1.2857252 58.787735
        vertex 159.9919 -1.610776 81.33866
    endloop
endfacet
facet normal 0.99997568 -0.00697662 -0.00000014
    outer loop
        vertex 159.99718 -0.9498683 58.885582
        vertex 159.99718 -0.95032674 81.11453
        vertex 159.99484 -1.284952 81.212
    endloop
endfacet
facet normal 0.99999845 -0.0017817 0.00000008
    outer loop
        vertex 160 -0 59
        vertex 159.999 -0.5642333 81.03999
        vertex 159.999 -0.56523556 58.959866
    endloop
endfacet
facet normal 0.99999911 0.00133244 0.00000218
    outer loop
        vertex 159.99942 0.43512744 81.023735
        vertex 160 -0 81
        vertex 159.99953 0.39101028 58.980846
    endloop
endfacet
facet normal 0.99997181 0.00752165 0.00000005
    outer loop
        vertex 159.99666 1.0347819 81.13617
        vertex 159.99666 1.0349368 58.863792
        vertex 159.99416 1.3676268 58.758934
    endloop
endfacet
facet normal 0.9999544 0.00954994 -0.00000022
    outer loop
        vertex 159.99416 1.3681382 81.24125
        vertex 159.99416 1.3676268 58.758934
        vertex 159.99107 1.6903623 58.625286
    endloop
endfacet
facet normal 0.99993342 0.01154066 0.00000007
    outer loop
        vertex 159.9875 1.9997319 58.46426
        vertex 159.99107 1.6902332 81.37466
        vertex 159.99107 1.6903623 58.625286
    endloop
endfacet
facet normal 0.99993306 0.01156952 0.00000046
    outer loop
        vertex 159.9875 1.9997319 58.46426
        vertex 159.98749 2.0001426 81.53598
        vertex 159.99107 1.6902332 81.37466
    endloop
endfacet
facet normal 0.99988431 0.01521119 -0.0000001
    outer loop
        vertex 159.97934 2.5711536 58.064175
        vertex 159.98355 2.2944746 81.72351
        vertex 159.98355 2.2943234 58.276592
    endloop
endfacet
facet normal 0.99985731 0.01689269 -0.00000008
    outer loop
        vertex 159.97499 2.8285499 57.828304
        vertex 159.97934 2.571271 81.93592
        vertex 159.97934 2.5711536 58.064175
    endloop
endfacet
facet normal 0.9993999 0.03463818 -0.00000006
    outer loop
        vertex 159.96645 3.2767282 57.29413
        vertex 159.80946 7.806094 69.28305
        vertex 159.96645 3.2767751 82.70594
    endloop
endfacet
facet normal 0.99980348 0.019822 -0.00000004
    outer loop
        vertex 159.97066 3.0643542 82.42907
        vertex 159.96645 3.2767282 57.29413
        vertex 159.96645 3.2767751 82.70594
    endloop
endfacet
facet normal 0.99955094 0.02990089 0.00195752
    outer loop
        vertex 159.95583 3.7589023 56.36773
        vertex 159.95334 3.863846 56.034733
        vertex 159.80946 7.806094 69.28305
    endloop
endfacet
facet normal 0.99958318 0.02877646 0.00231024
    outer loop
        vertex 159.95583 3.7589023 56.36773
        vertex 159.80946 7.806094 69.28305
        vertex 159.95892 3.62543 56.69004
    endloop
endfacet
facet normal 0.99976176 0.02182926 0.00001582
    outer loop
        vertex 159.96385 3.4009953 87.10553
        vertex 159.95993 3.580831 86.78259
        vertex 159.95383 3.8435433 110
    endloop
endfacet
facet normal 0.99109292 0.13317208 -0.00041828
    outer loop
        vertex 158.33037 23.054134 42.15729
        vertex 158.55421 21.46071 65.23506
        vertex 158.85248 19.128298 29.361393
    endloop
endfacet
facet normal 0.98301309 -0.18353486 0.00047451
    outer loop
        vertex 156.9482 -31.100864 25.347965
        vertex 156.95114 -31.08599 25
        vertex 157.68196 -27.136694 38.54737
    endloop
endfacet
facet normal 0.98339558 -0.18147516 -0.00014657
    outer loop
        vertex 157.68196 -27.136694 38.54737
        vertex 156.95114 -31.08599 25
        vertex 157.7428 -26.780739 6
    endloop
endfacet
facet normal 0.98212194 -0.18823914 -0.00160508
    outer loop
        vertex 156.92308 -31.227308 53.936268
        vertex 157.68196 -27.136694 38.54737
        vertex 156.93866 -31.149008 54.286083
    endloop
endfacet
facet normal 0.98186564 -0.18956767 -0.00197086
    outer loop
        vertex 156.9014 -31.336065 53.594933
        vertex 157.68196 -27.136694 38.54737
        vertex 156.92308 -31.227308 53.936268
    endloop
endfacet
facet normal 0.98161858 -0.1908388 -0.00233842
    outer loop
        vertex 156.8737 -31.474472 53.264687
        vertex 157.68196 -27.136694 38.54737
        vertex 156.9014 -31.336065 53.594933
    endloop
endfacet
facet normal 0.98177427 -0.19003299 0.00260838
    outer loop
        vertex 156.87791 -31.453423 26.690023
        vertex 156.9041 -31.322569 26.36785
        vertex 157.68196 -27.136694 38.54737
    endloop
endfacet
facet normal 0.98152679 -0.19129984 0.00308638
    outer loop
        vertex 156.84612 -31.61158 26.999903
        vertex 156.87791 -31.453423 26.690023
        vertex 157.68196 -27.136694 38.54737
    endloop
endfacet
facet normal 0.98293066 -0.18397602 -0.00008932
    outer loop
        vertex 156.84016 -31.641163 52.948727
        vertex 156.80898 -31.795341 27.294142
        vertex 157.68196 -27.136694 38.54737
    endloop
endfacet
facet normal 0.9801203 -0.19840413 0.00000081
    outer loop
        vertex 156.8009 -31.835114 52.64897
        vertex 156.80898 -31.795341 27.294142
        vertex 156.84016 -31.641163 52.948727
    endloop
endfacet
facet normal 0.97987276 -0.19962345 0.0000011
    outer loop
        vertex 156.75623 -32.05442 52.36836
        vertex 156.76659 -32.0037 27.5712
        vertex 156.8009 -31.835114 52.64897
    endloop
endfacet
facet normal 0.97964418 -0.20074169 -0.00000128
    outer loop
        vertex 156.75623 -32.05442 52.36836
        vertex 156.71925 -32.23469 27.828463
        vertex 156.76659 -32.0037 27.5712
    endloop
endfacet
facet normal 0.9793402 -0.20221968 -0.00000126
    outer loop
        vertex 156.70631 -32.29751 52.10884
        vertex 156.66719 -32.48683 28.06433
        vertex 156.71925 -32.23469 27.828463
    endloop
endfacet
facet normal 0.97898823 -0.2039167 -0.00000129
    outer loop
        vertex 156.6515 -32.56229 51.87263
        vertex 156.61073 -32.75788 28.27673
        vertex 156.66719 -32.48683 28.06433
    endloop
endfacet
facet normal 0.97862196 -0.20566739 -0.00000237
    outer loop
        vertex 156.59215 -32.846584 51.66166
        vertex 156.55014 -33.0462 28.464369
        vertex 156.61073 -32.75788 28.27673
    endloop
endfacet
facet normal 0.97850901 -0.20620409 0.00000245
    outer loop
        vertex 156.59215 -32.846584 51.66166
        vertex 156.52861 -33.148094 51.47758
        vertex 156.55014 -33.0462 28.464369
    endloop
endfacet
facet normal 0.9780916 -0.2081753 0.00000313
    outer loop
        vertex 156.52861 -33.148094 51.47758
        vertex 156.46121 -33.46476 51.3217
        vertex 156.48595 -33.34889 28.625387
    endloop
endfacet
facet normal 0.97765929 -0.210196 0.00000369
    outer loop
        vertex 156.46121 -33.46476 51.3217
        vertex 156.39063 -33.793076 51.19571
        vertex 156.41837 -33.664444 28.759003
    endloop
endfacet
facet normal 0.97721332 -0.21225932 0.00000406
    outer loop
        vertex 156.39063 -33.793076 51.19571
        vertex 156.31708 -34.13168 51.10012
        vertex 156.34805 -33.9895 28.863808
    endloop
endfacet
facet normal 0.97638416 -0.21604142 0.00002741
    outer loop
        vertex 156.31708 -34.13168 51.10012
        vertex 156.12494 -35.00005 51
        vertex 156.21004 -34.618248 28.980831
    endloop
endfacet
facet normal 0.97604966 -0.21754789 0
    outer loop
        vertex 156.21004 -34.618248 28.980831
        vertex 156.12494 -35.00005 51
        vertex 156.12494 -35.00005 29
    endloop
endfacet
facet normal 0.97538143 -0.22052456 0.00000183
    outer loop
        vertex 156.12494 -35.00005 51
        vertex 155.99692 -35.566288 51.04235
        vertex 156.00034 -35.551353 28.959867
    endloop
endfacet
facet normal 0.97472572 -0.22340544 -0.00000295
    outer loop
        vertex 156.00034 -35.551353 28.959867
        vertex 155.9279 -35.867676 51.100204
        vertex 155.91434 -35.926567 28.885517
    endloop
endfacet
facet normal 0.97430325 -0.22524016 0.00000217
    outer loop
        vertex 155.91434 -35.926567 28.885517
        vertex 155.9279 -35.867676 51.100204
        vertex 155.85005 -36.204426 51.19554
    endloop
endfacet
facet normal 0.97422868 -0.22556284 -0.00000206
    outer loop
        vertex 155.83864 -36.253517 28.78773
        vertex 155.91434 -35.926567 28.885517
        vertex 155.85005 -36.204426 51.19554
    endloop
endfacet
facet normal 0.97375923 -0.22758041 -0.00000172
    outer loop
        vertex 155.7647 -36.569904 28.6614
        vertex 155.83864 -36.253517 28.78773
        vertex 155.77356 -36.532143 51.32178
    endloop
endfacet
facet normal 0.97335529 -0.22930184 0.00000131
    outer loop
        vertex 155.69945 -36.846737 51.477383
        vertex 155.7647 -36.569904 28.6614
        vertex 155.77356 -36.532143 51.32178
    endloop
endfacet
facet normal 0.97331238 -0.22948399 -0.00000102
    outer loop
        vertex 155.69945 -36.846737 51.477383
        vertex 155.6928 -36.87485 28.506922
        vertex 155.7647 -36.569904 28.6614
    endloop
endfacet
facet normal 0.97286713 -0.23136449 -0.00000036
    outer loop
        vertex 155.62811 -37.14687 51.66166
        vertex 155.62376 -37.16512 28.325886
        vertex 155.6928 -36.87485 28.506922
    endloop
endfacet
facet normal 0.97247106 -0.23302336 0.00000101
    outer loop
        vertex 155.62811 -37.14687 51.66166
        vertex 155.56046 -37.429222 51.872566
        vertex 155.62376 -37.16512 28.325886
    endloop
endfacet
facet normal 0.9720366 -0.23482946 -0.00000006
    outer loop
        vertex 155.49649 -37.69401 27.889328
        vertex 155.55812 -37.438904 28.119473
        vertex 155.49695 -37.692123 52.10882
    endloop
endfacet
facet normal 0.96939659 -0.24548234 -0.00294252
    outer loop
        vertex 155.29692 -38.507984 53.264935
        vertex 154.39714 -41.970467 45.698044
        vertex 155.33783 -38.342644 52.94844
    endloop
endfacet
facet normal 0.97032607 -0.24179265 0.00190968
    outer loop
        vertex 155.38753 -38.14079 27.364956
        vertex 154.39714 -41.970467 45.698044
        vertex 155.3412 -38.328987 27.07491
    endloop
endfacet
facet normal 0.96856201 -0.24876817 -0.00146189
    outer loop
        vertex 155.23608 -38.75251 53.936455
        vertex 155.21674 -38.829895 54.286026
        vertex 154.39714 -41.970467 45.698044
    endloop
endfacet
facet normal 0.96791524 -0.25127688 -0.00016001
    outer loop
        vertex 155.20114 -38.892227 25
        vertex 154.53046 -41.477005 27.055338
        vertex 155.20134 -38.89141 24.91795
    endloop
endfacet
facet normal 0.96796459 -0.25108647 0.00009558
    outer loop
        vertex 155.20114 -38.892227 25
        vertex 155.20137 -38.89131 25.087118
        vertex 154.53046 -41.477005 27.055338
    endloop
endfacet
facet normal 0.9680171 -0.25088432 -0.00015053
    outer loop
        vertex 155.23593 -38.753117 23.938719
        vertex 154.53046 -41.477005 27.055338
        vertex 154.44539 -41.7926 6
    endloop
endfacet
facet normal 0.96784604 -0.25154281 -0.00050339
    outer loop
        vertex 155.20633 -38.87155 24.58763
        vertex 155.20134 -38.89141 24.91795
        vertex 154.53046 -41.477005 27.055338
    endloop
endfacet
facet normal 0.96762371 -0.25239292 -0.00146185
    outer loop
        vertex 155.21788 -38.825375 24.260786
        vertex 155.20633 -38.87155 24.58763
        vertex 154.53046 -41.477005 27.055338
    endloop
endfacet
facet normal 0.96125531 -0.27565926 -0.0004225
    outer loop
        vertex 154.39714 -41.970467 45.698044
        vertex 153.05295 -46.634747 30.644258
        vertex 154.53046 -41.477005 27.055338
    endloop
endfacet
facet normal 0.96730679 -0.25359496 -0.00268052
    outer loop
        vertex 154.53046 -41.477005 27.055338
        vertex 155.23593 -38.753117 23.938719
        vertex 155.21788 -38.825375 24.260786
    endloop
endfacet
facet normal 0.96941304 -0.2454322 -0.00113587
    outer loop
        vertex 154.44539 -41.7926 6
        vertex 155.26036 -38.655167 23.623558
        vertex 155.23593 -38.753117 23.938719
    endloop
endfacet
facet normal 0.96967661 -0.24438797 -0.00133389
    outer loop
        vertex 154.44539 -41.7926 6
        vertex 155.29085 -38.532536 23.318481
        vertex 155.26036 -38.655167 23.623558
    endloop
endfacet
facet normal 0.96835142 -0.24959059 -0.00028988
    outer loop
        vertex 154.44539 -41.7926 6
        vertex 155.40477 -38.07043 6
        vertex 155.29085 -38.532536 23.318481
    endloop
endfacet
facet normal 0.97069252 -0.24032445 -0.00002724
    outer loop
        vertex 155.29085 -38.532536 23.318481
        vertex 155.40477 -38.07043 6
        vertex 155.32727 -38.385387 23.02398
    endloop
endfacet
facet normal 0.96823031 -0.25005296 0.00193867
    outer loop
        vertex 155.21979 -38.817734 25.779955
        vertex 155.23988 -38.737293 26.118849
        vertex 154.53046 -41.477005 27.055338
    endloop
endfacet
facet normal 0.97119141 -0.23830073 0.0000014
    outer loop
        vertex 155.36916 -38.215477 22.743675
        vertex 155.40477 -38.07043 6
        vertex 155.41628 -38.023445 22.47853
    endloop
endfacet
facet normal 0.97150987 -0.23699908 -0.00000254
    outer loop
        vertex 155.41628 -38.023445 22.47853
        vertex 155.40477 -38.07043 6
        vertex 155.46815 -37.810776 22.230682
    endloop
endfacet
facet normal 0.97219807 -0.23415996 -0.00007282
    outer loop
        vertex 155.40477 -38.07043 6
        vertex 155.58447 -37.329243 21.793276
        vertex 155.52438 -37.57879 22.001677
    endloop
endfacet
facet normal 0.97134787 -0.23766214 -0.00000066
    outer loop
        vertex 155.38753 -38.14079 27.364956
        vertex 155.43944 -37.928627 27.6371
        vertex 155.43834 -37.933186 52.36825
    endloop
endfacet
facet normal 0.9678216 -0.2516368 -0.00037962
    outer loop
        vertex 154.39714 -41.970467 45.698044
        vertex 155.20505 -38.876663 54.64204
        vertex 155.20114 -38.892227 55
    endloop
endfacet
facet normal 0.97168279 -0.23628914 0.00000006
    outer loop
        vertex 155.43944 -37.928627 27.6371
        vertex 155.49649 -37.69401 27.889328
        vertex 155.49695 -37.692123 52.10882
    endloop
endfacet
facet normal 0.97296578 -0.23094943 -0.00026225
    outer loop
        vertex 155.40477 -38.07043 6
        vertex 155.71432 -36.783844 21.443377
        vertex 155.64795 -37.063663 21.606745
    endloop
endfacet
facet normal 0.97243971 -0.23315427 -0.00000054
    outer loop
        vertex 155.55812 -37.438904 28.119473
        vertex 155.62376 -37.16512 28.325886
        vertex 155.56046 -37.429222 51.872566
    endloop
endfacet
facet normal 0.9504301 -0.31093675 -0.00095406
    outer loop
        vertex 151.18091 -52.386375 40.234734
        vertex 153.05295 -46.634747 30.644258
        vertex 152.56393 -48.210453 57.02815
    endloop
endfacet
facet normal 0.97381842 -0.22732654 -0.00061944
    outer loop
        vertex 155.40477 -38.07043 6
        vertex 155.85362 -36.189034 21.19044
        vertex 155.78299 -36.49192 21.304401
    endloop
endfacet
facet normal 0.96835077 -0.24956369 0.003869
    outer loop
        vertex 154.53046 -41.477005 27.055338
        vertex 155.26701 -38.62843 26.44938
        vertex 155.3009 -38.491978 26.76889
    endloop
endfacet
facet normal 0.96884584 -0.24765696 -0.00192479
    outer loop
        vertex 154.39714 -41.970467 45.698044
        vertex 155.26294 -38.644794 53.594757
        vertex 155.23608 -38.75251 53.936455
    endloop
endfacet
facet normal 0.96827531 -0.24988577 0.00030991
    outer loop
        vertex 154.39714 -41.970467 45.698044
        vertex 154.53046 -41.477005 27.055338
        vertex 155.3009 -38.491978 26.76889
    endloop
endfacet
facet normal 0.9691267 -0.24655145 -0.00242121
    outer loop
        vertex 155.26294 -38.644794 53.594757
        vertex 154.39714 -41.970467 45.698044
        vertex 155.29692 -38.507984 53.264935
    endloop
endfacet
facet normal 0.97688061 -0.21378535 0.00000234
    outer loop
        vertex 156.27446 -34.326286 6
        vertex 156.33667 -34.041855 21.12224
        vertex 156.26758 -34.357567 21.054514
    endloop
endfacet
facet normal 0.970034 -0.24296319 0.001666
    outer loop
        vertex 155.3412 -38.328987 27.07491
        vertex 154.39714 -41.970467 45.698044
        vertex 155.3009 -38.491978 26.76889
    endloop
endfacet
facet normal 0.97813779 -0.20795785 -0.00023035
    outer loop
        vertex 156.27446 -34.326286 6
        vertex 156.53033 -33.13992 21.482086
        vertex 156.46844 -33.43086 21.336712
    endloop
endfacet
facet normal 0.96970528 -0.24425165 -0.00359834
    outer loop
        vertex 155.38506 -38.15074 52.64909
        vertex 155.33783 -38.342644 52.94844
        vertex 154.39714 -41.970467 45.698044
    endloop
endfacet
facet normal 0.97922164 -0.20279169 -0.00070116
    outer loop
        vertex 156.27446 -34.326286 6
        vertex 157.05396 -30.562332 6
        vertex 156.58891 -32.862 21.651314
    endloop
endfacet
facet normal 0.96814525 -0.25038925 -0.00000391
    outer loop
        vertex 155.38753 -38.14079 27.364956
        vertex 155.38506 -38.15074 52.64909
        vertex 154.39714 -41.970467 45.698044
    endloop
endfacet
facet normal 0.97929806 -0.20242237 -0.00067405
    outer loop
        vertex 156.64395 -32.598644 21.843382
        vertex 157.05396 -30.562332 6
        vertex 156.69519 -32.351467 22.057148
    endloop
endfacet
facet normal 0.97959334 -0.2009894 -0.00050779
    outer loop
        vertex 156.69519 -32.351467 22.057148
        vertex 157.05396 -30.562332 6
        vertex 156.74231 -32.122406 22.290983
    endloop
endfacet
facet normal 0.97129285 -0.23788677 0.00000132
    outer loop
        vertex 155.38753 -38.14079 27.364956
        vertex 155.43834 -37.933186 52.36825
        vertex 155.38506 -38.15074 52.64909
    endloop
endfacet
facet normal 0.98049617 -0.19653822 -0.00014617
    outer loop
        vertex 156.88536 -31.416357 23.393538
        vertex 156.8568 -31.55864 23.096684
        vertex 157.05396 -30.562332 6
    endloop
endfacet
facet normal 0.98030156 -0.19750625 -0.00020483
    outer loop
        vertex 157.05396 -30.562332 6
        vertex 156.8568 -31.55864 23.096684
        vertex 156.82327 -31.724735 22.81234
    endloop
endfacet
facet normal 0.98066533 -0.19569257 -0.00010301
    outer loop
        vertex 156.90894 -31.29838 23.70193
        vertex 156.88536 -31.416357 23.393538
        vertex 157.05396 -30.562332 6
    endloop
endfacet
facet normal 0.9838112 -0.17920785 0.00044429
    outer loop
        vertex 156.94055 -31.139418 24.342236
        vertex 157.05396 -30.562332 6
        vertex 157.7428 -26.780739 6
    endloop
endfacet
facet normal 0.98090392 -0.19449283 -0.00005459
    outer loop
        vertex 156.94055 -31.139418 24.342236
        vertex 156.92734 -31.20597 24.018503
        vertex 157.05396 -30.562332 6
    endloop
endfacet
facet normal 0.97889143 -0.20438103 0.00000272
    outer loop
        vertex 156.6515 -32.56229 51.87263
        vertex 156.59215 -32.846584 51.66166
        vertex 156.61073 -32.75788 28.27673
    endloop
endfacet
facet normal 0.97924012 -0.20270403 0.00000272
    outer loop
        vertex 156.70631 -32.29751 52.10884
        vertex 156.6515 -32.56229 51.87263
        vertex 156.66719 -32.48683 28.06433
    endloop
endfacet
facet normal 0.9881624 -0.15341055 -0.0004886
    outer loop
        vertex 158.29808 -23.274866 72.07385
        vertex 157.68196 -27.136694 38.54737
        vertex 158.49432 -21.898651 36.859352
    endloop
endfacet
facet normal 0.98327339 -0.18213567 -0.00004329
    outer loop
        vertex 157.66397 -27.240967 68.6355
        vertex 156.95114 -31.08599 55
        vertex 157.68196 -27.136694 38.54737
    endloop
endfacet
facet normal 0.98745286 -0.1579137 0.00004315
    outer loop
        vertex 157.66397 -27.240967 68.6355
        vertex 157.68196 -27.136694 38.54737
        vertex 158.29808 -23.274866 72.07385
    endloop
endfacet
facet normal 0.98171097 -0.19036633 -0.00206598
    outer loop
        vertex 156.88866 -31.399817 83.43256
        vertex 157.66397 -27.240967 68.6355
        vertex 156.91586 -31.263613 83.81022
    endloop
endfacet
facet normal 0.98197824 -0.18898331 0.00205329
    outer loop
        vertex 156.90659 -31.310097 56.332382
        vertex 156.92606 -31.21246 56.00728
        vertex 157.66397 -27.240967 68.6355
    endloop
endfacet
facet normal 0.98176473 -0.19008465 0.00243069
    outer loop
        vertex 156.88179 -31.434137 56.647175
        vertex 156.90659 -31.310097 56.332382
        vertex 157.66397 -27.240967 68.6355
    endloop
endfacet
facet normal 0.98113275 -0.19331247 -0.00295416
    outer loop
        vertex 156.85399 -31.572525 83.07075
        vertex 156.81203 -31.780258 82.72799
        vertex 157.66397 -27.240967 68.6355
    endloop
endfacet
facet normal 0.98126167 -0.19265018 0.00339153
    outer loop
        vertex 156.81639 -31.758722 57.239834
        vertex 156.85165 -31.5842 56.950726
        vertex 157.66397 -27.240967 68.6355
    endloop
endfacet
facet normal 0.9828468 -0.18442413 0.00001245
    outer loop
        vertex 156.81203 -31.780258 82.72799
        vertex 156.81639 -31.758722 57.239834
        vertex 157.66397 -27.240967 68.6355
    endloop
endfacet
facet normal 0.97993034 -0.19934054 0.00000156
    outer loop
        vertex 156.76317 -32.020443 82.408585
        vertex 156.77618 -31.956654 57.51287
        vertex 156.81203 -31.780258 82.72799
    endloop
endfacet
facet normal 0.97959137 -0.20099936 0.00000211
    outer loop
        vertex 156.70767 -32.290913 82.11529
        vertex 156.73122 -32.176422 57.76771
        vertex 156.76317 -32.020443 82.408585
    endloop
endfacet
facet normal 0.97942364 -0.20181532 -0.00000189
    outer loop
        vertex 156.70767 -32.290913 82.11529
        vertex 156.68172 -32.41665 58.00275
        vertex 156.73122 -32.176422 57.76771
    endloop
endfacet
facet normal 0.97909623 -0.20339771 -0.00000198
    outer loop
        vertex 156.64601 -32.588757 81.851265
        vertex 156.62798 -32.675346 58.216057
        vertex 156.68172 -32.41665 58.00275
    endloop
endfacet
facet normal 0.97882986 -0.20467559 0.00000291
    outer loop
        vertex 156.64601 -32.588757 81.851265
        vertex 156.57866 -32.910862 81.619225
        vertex 156.62798 -32.675346 58.216057
    endloop
endfacet
facet normal 0.97838551 -0.20678897 0.00000123
    outer loop
        vertex 156.57866 -32.910862 81.619225
        vertex 156.50609 -33.25422 81.42133
        vertex 156.57024 -32.95085 58.406273
    endloop
endfacet
facet normal 0.97796655 -0.20876183 -0.00000013
    outer loop
        vertex 156.50609 -33.25422 81.42133
        vertex 156.44435 -33.54342 58.71164
        vertex 156.50893 -33.24091 58.571846
    endloop
endfacet
facet normal 0.97758019 -0.21056332 -0.00000276
    outer loop
        vertex 156.42905 -33.61477 81.25988
        vertex 156.37683 -33.856895 58.82489
        vertex 156.44435 -33.54342 58.71164
    endloop
endfacet
facet normal 0.9771257 -0.21266225 -0.00000417
    outer loop
        vertex 156.34802 -33.9897 81.13614
        vertex 156.30702 -34.17765 58.91031
        vertex 156.37683 -33.856895 58.82489
    endloop
endfacet
facet normal 0.9769057 -0.213671 0.00000477
    outer loop
        vertex 156.34802 -33.9897 81.13614
        vertex 156.26398 -34.37396 81.05175
        vertex 156.30702 -34.17765 58.91031
    endloop
endfacet
facet normal 0.97621775 -0.21679188 0
    outer loop
        vertex 156.26398 -34.37396 81.05175
        vertex 156.12494 -35.00005 81
        vertex 156.12494 -35.00005 59
    endloop
endfacet
facet normal 0.97541863 -0.22035997 0
    outer loop
        vertex 156.12494 -35.00005 59
        vertex 156.12494 -35.00005 81
        vertex 156.01012 -35.50831 81.03408
    endloop
endfacet
facet normal 0.97482353 -0.22297752 0.00000142
    outer loop
        vertex 156.0037 -35.536533 58.962006
        vertex 156.01012 -35.50831 81.03408
        vertex 155.9304 -35.856796 81.09768
    endloop
endfacet
facet normal 0.97429329 -0.22528322 0.00000196
    outer loop
        vertex 155.92003 -35.901863 58.89163
        vertex 155.9304 -35.856796 81.09768
        vertex 155.84312 -36.23426 81.20562
    endloop
endfacet
facet normal 0.97426909 -0.22538801 0.00000032
    outer loop
        vertex 155.84624 -36.220837 58.798954
        vertex 155.92003 -35.901863 58.89163
        vertex 155.84312 -36.23426 81.20562
    endloop
endfacet
facet normal 0.9738161 -0.22733754 -0.00000091
    outer loop
        vertex 155.77406 -36.53 58.679153
        vertex 155.84624 -36.220837 58.798954
        vertex 155.84312 -36.23426 81.20562
    endloop
endfacet
facet normal 0.97336578 -0.22925745 -0.00000225
    outer loop
        vertex 155.70378 -36.828396 58.53269
        vertex 155.77406 -36.53 58.679153
        vertex 155.75764 -36.59993 81.352325
    endloop
endfacet
facet normal 0.97323233 -0.22982334 0.00000373
    outer loop
        vertex 155.67532 -36.948532 81.53569
        vertex 155.70378 -36.828396 58.53269
        vertex 155.75764 -36.59993 81.352325
    endloop
endfacet
facet normal 0.9727245 -0.23196338 0.00000403
    outer loop
        vertex 155.59682 -37.27774 81.75446
        vertex 155.63611 -37.11338 58.360817
        vertex 155.67532 -36.948532 81.53569
    endloop
endfacet
facet normal 0.97252321 -0.23280624 -0.00000223
    outer loop
        vertex 155.59682 -37.27774 81.75446
        vertex 155.57156 -37.383007 58.16475
        vertex 155.63611 -37.11338 58.360817
    endloop
endfacet
facet normal 0.96992964 -0.24336061 0.00347699
    outer loop
        vertex 155.40205 -38.081505 57.446026
        vertex 154.39212 -41.988934 65.685974
        vertex 155.35529 -38.271862 57.16889
    endloop
endfacet
facet normal 0.97031569 -0.24183279 -0.00207754
    outer loop
        vertex 155.39418 -38.11361 82.59734
        vertex 155.34038 -38.332348 82.93079
        vertex 154.39212 -41.988934 65.685974
    endloop
endfacet
facet normal 0.96793956 -0.25117728 -0.0017504
    outer loop
        vertex 155.22934 -38.77952 84.04307
        vertex 155.21078 -38.853775 84.43831
        vertex 154.52916 -41.481823 84.62901
    endloop
endfacet
facet normal 0.9675355 -0.25273484 0.0000095
    outer loop
        vertex 154.39212 -41.988934 65.685974
        vertex 154.39714 -41.970467 45.698044
        vertex 155.20135 -38.89137 55.084446
    endloop
endfacet
facet normal 0.94786513 -0.31867164 0.00013408
    outer loop
        vertex 151.03491 -52.805862 110
        vertex 151.18091 -52.386375 74.901405
        vertex 152.25983 -49.162445 110
    endloop
endfacet
facet normal 0.95997298 -0.28009063 0.00106502
    outer loop
        vertex 154.39714 -41.970467 45.698044
        vertex 152.56393 -48.210453 57.02815
        vertex 153.05295 -46.634747 30.644258
    endloop
endfacet
facet normal 0.96814638 -0.2503818 0.00120768
    outer loop
        vertex 155.2069 -38.869255 25.434639
        vertex 155.21979 -38.817734 25.779955
        vertex 154.53046 -41.477005 27.055338
    endloop
endfacet
facet normal 0.97093046 -0.23936214 -0.00000835
    outer loop
        vertex 155.36916 -38.215477 22.743675
        vertex 155.32727 -38.385387 23.02398
        vertex 155.40477 -38.07043 6
    endloop
endfacet
facet normal 0.97258091 -0.23256506 -0.00015203
    outer loop
        vertex 155.58447 -37.329243 21.793276
        vertex 155.40477 -38.07043 6
        vertex 155.64795 -37.063663 21.606745
    endloop
endfacet
facet normal 0.96744967 -0.2530638 0.00012478
    outer loop
        vertex 155.20114 -38.892227 55
        vertex 155.20135 -38.89137 55.084446
        vertex 154.39714 -41.970467 45.698044
    endloop
endfacet
facet normal 0.9733898 -0.22915515 -0.00042023
    outer loop
        vertex 155.71432 -36.783844 21.443377
        vertex 155.40477 -38.07043 6
        vertex 155.78299 -36.49192 21.304401
    endloop
endfacet
facet normal 0.97406751 -0.22625642 -0.00075932
    outer loop
        vertex 155.85362 -36.189034 21.19044
        vertex 155.40477 -38.07043 6
        vertex 156.27446 -34.326286 6
    endloop
endfacet
facet normal 0.97426397 -0.22540921 -0.00064999
    outer loop
        vertex 155.92531 -35.87894 21.102863
        vertex 155.85362 -36.189034 21.19044
        vertex 156.27446 -34.326286 6
    endloop
endfacet
facet normal 0.97541261 -0.22038649 -0.00017625
    outer loop
        vertex 156.12494 -35.00005 21
        vertex 156.0071 -35.521645 21.035904
        vertex 156.27446 -34.326286 6
    endloop
endfacet
facet normal 0.96807086 -0.25067601 0.00065193
    outer loop
        vertex 155.20135 -38.89137 55.084446
        vertex 155.21184 -38.849567 55.591465
        vertex 154.39212 -41.988934 65.685974
    endloop
endfacet
facet normal 0.97477072 -0.22320783 -0.00041196
    outer loop
        vertex 155.92531 -35.87894 21.102863
        vertex 156.27446 -34.326286 6
        vertex 156.0071 -35.521645 21.035904
    endloop
endfacet
facet normal 0.97139961 -0.2374507 0.000001
    outer loop
        vertex 155.40205 -38.081505 57.446026
        vertex 155.45543 -37.863045 82.28785
        vertex 155.39418 -38.11361 82.59734
    endloop
endfacet
facet normal 0.9762305 -0.21673496 -0.00000408
    outer loop
        vertex 156.27446 -34.326286 6
        vertex 156.26758 -34.357567 21.054514
        vertex 156.12494 -35.00005 21
    endloop
endfacet
facet normal 0.97175574 -0.23598868 -0.00000052
    outer loop
        vertex 155.454 -37.868896 57.705605
        vertex 155.51067 -37.635536 57.945747
        vertex 155.45543 -37.863045 82.28785
    endloop
endfacet
facet normal 0.96795869 -0.25110829 -0.00073133
    outer loop
        vertex 155.21078 -38.853775 84.43831
        vertex 155.20192 -38.88912 84.83986
        vertex 154.52916 -41.481823 84.62901
    endloop
endfacet
facet normal 0.97181112 -0.23576079 0.00000173
    outer loop
        vertex 155.51067 -37.635536 57.945747
        vertex 155.52325 -37.58347 82.00594
        vertex 155.45543 -37.863045 82.28785
    endloop
endfacet
facet normal 0.97774708 -0.20978686 -0.00011862
    outer loop
        vertex 156.27446 -34.326286 6
        vertex 156.46844 -33.43086 21.336712
        vertex 156.40387 -33.731754 21.216663
    endloop
endfacet
facet normal 0.97225225 -0.23393482 0.00000309
    outer loop
        vertex 155.57156 -37.383007 58.16475
        vertex 155.59682 -37.27774 81.75446
        vertex 155.52325 -37.58347 82.00594
    endloop
endfacet
facet normal 0.97897983 -0.20395505 -0.00087929
    outer loop
        vertex 157.05396 -30.562332 6
        vertex 156.64395 -32.598644 21.843382
        vertex 156.58891 -32.862 21.651314
    endloop
endfacet
facet normal 0.97987145 -0.19962969 -0.00037227
    outer loop
        vertex 157.05396 -30.562332 6
        vertex 156.78506 -31.913015 22.543295
        vertex 156.74231 -32.122406 22.290983
    endloop
endfacet
facet normal 0.96794796 -0.25115103 -0.00017203
    outer loop
        vertex 154.52916 -41.481823 84.62901
        vertex 155.20192 -38.88912 84.83986
        vertex 155.20114 -38.892227 85
    endloop
endfacet
facet normal 0.98079246 -0.19505398 -0.00007542
    outer loop
        vertex 157.05396 -30.562332 6
        vertex 156.92734 -31.20597 24.018503
        vertex 156.90894 -31.29838 23.70193
    endloop
endfacet
facet normal 0.96881819 -0.24776757 0.0016357
    outer loop
        vertex 155.22748 -38.786964 55.925243
        vertex 155.24985 -38.697342 56.251514
        vertex 154.39212 -41.988934 65.685974
    endloop
endfacet
facet normal 0.97289783 -0.23123528 0.00000124
    outer loop
        vertex 155.62811 -37.14687 51.66166
        vertex 155.6928 -36.87485 28.506922
        vertex 155.69945 -36.846737 51.477383
    endloop
endfacet
facet normal 0.97382486 -0.22729948 0.00000195
    outer loop
        vertex 155.83864 -36.253517 28.78773
        vertex 155.85005 -36.204426 51.19554
        vertex 155.77356 -36.532143 51.32178
    endloop
endfacet
facet normal 0.96909696 -0.24667209 0.00204323
    outer loop
        vertex 155.24985 -38.697342 56.251514
        vertex 155.27884 -38.580807 56.569744
        vertex 154.39212 -41.988934 65.685974
    endloop
endfacet
facet normal 0.97539717 -0.22045498 0
    outer loop
        vertex 156.12494 -35.00005 51
        vertex 156.00034 -35.551353 28.959867
        vertex 156.12494 -35.00005 29
    endloop
endfacet
facet normal 0.96787554 -0.25141269 -0.00291246
    outer loop
        vertex 154.52916 -41.481823 84.62901
        vertex 155.2574 -38.667023 83.65738
        vertex 155.22934 -38.77952 84.04307
    endloop
endfacet
facet normal 0.97674471 -0.21440539 -0.00001032
    outer loop
        vertex 156.34805 -33.9895 28.863808
        vertex 156.31708 -34.13168 51.10012
        vertex 156.21004 -34.618248 28.980831
    endloop
endfacet
facet normal 0.977395 -0.21142158 -0.00000366
    outer loop
        vertex 156.41837 -33.664444 28.759003
        vertex 156.39063 -33.793076 51.19571
        vertex 156.34805 -33.9895 28.863808
    endloop
endfacet
facet normal 0.97782624 -0.20941833 -0.00000351
    outer loop
        vertex 156.48595 -33.34889 28.625387
        vertex 156.46121 -33.46476 51.3217
        vertex 156.41837 -33.664444 28.759003
    endloop
endfacet
facet normal 0.96934521 -0.24569108 0.00243419
    outer loop
        vertex 154.39212 -41.988934 65.685974
        vertex 155.27884 -38.580807 56.569744
        vertex 155.31409 -38.438705 56.87609
    endloop
endfacet
facet normal 0.98312235 -0.18294835 -0.00049193
    outer loop
        vertex 157.7428 -26.780739 6
        vertex 156.95114 -31.08599 25
        vertex 156.94849 -31.099371 24.66992
    endloop
endfacet
facet normal 0.97956479 -0.20112891 0.00000168
    outer loop
        vertex 156.70631 -32.29751 52.10884
        vertex 156.71925 -32.23469 27.828463
        vertex 156.75623 -32.05442 52.36836
    endloop
endfacet
facet normal 0.98134822 -0.19221917 -0.00276012
    outer loop
        vertex 156.8737 -31.474472 53.264687
        vertex 156.84016 -31.641163 52.948727
        vertex 157.68196 -27.136694 38.54737
    endloop
endfacet
facet normal 0.98127717 -0.19256759 0.00359572
    outer loop
        vertex 156.84612 -31.61158 26.999903
        vertex 157.68196 -27.136694 38.54737
        vertex 156.80898 -31.795341 27.294142
    endloop
endfacet
facet normal 0.98259002 -0.1857834 0.00117333
    outer loop
        vertex 156.9482 -31.100864 25.347965
        vertex 157.68196 -27.136694 38.54737
        vertex 156.93933 -31.145565 25.694311
    endloop
endfacet
facet normal 0.98201632 -0.18878366 0.00216355
    outer loop
        vertex 156.9041 -31.322569 26.36785
        vertex 156.92464 -31.219551 26.034649
        vertex 157.68196 -27.136694 38.54737
    endloop
endfacet
facet normal 0.99128348 -0.13174631 -0.000305
    outer loop
        vertex 158.84703 -19.173378 6
        vertex 158.49432 -21.898651 36.859352
        vertex 158.34062 -22.98369 6
    endloop
endfacet
facet normal 0.98229063 -0.18735659 0.00168131
    outer loop
        vertex 156.92464 -31.219551 26.034649
        vertex 156.93933 -31.145565 25.694311
        vertex 157.68196 -27.136694 38.54737
    endloop
endfacet
facet normal 0.98356539 -0.18054168 0.00194637
    outer loop
        vertex 156.94803 -31.101732 85.35794
        vertex 157.67958 -27.150473 82.19192
        vertex 156.93864 -31.149017 85.71399
    endloop
endfacet
facet normal 0.98747003 -0.15780653 -0.00008362
    outer loop
        vertex 158.29808 -23.274866 72.07385
        vertex 157.67958 -27.150473 82.19192
        vertex 157.66397 -27.240967 68.6355
    endloop
endfacet
facet normal 0.98383039 -0.17906502 0.00367857
    outer loop
        vertex 156.93864 -31.149017 85.71399
        vertex 157.67958 -27.150473 82.19192
        vertex 156.9231 -31.227264 86.063576
    endloop
endfacet
facet normal 0.98381114 -0.17920786 -0.00040022
    outer loop
        vertex 156.9231 -31.227264 86.063576
        vertex 157.7428 -26.780739 110
        vertex 157.05396 -30.562332 110
    endloop
endfacet
facet normal 0.98072606 -0.19538791 0.00006611
    outer loop
        vertex 156.90138 -31.336136 86.40527
        vertex 156.9231 -31.227264 86.063576
        vertex 157.05396 -30.562332 110
    endloop
endfacet
facet normal 0.9804008 -0.19701339 0.00012823
    outer loop
        vertex 156.87372 -31.47439 86.73514
        vertex 157.05396 -30.562332 110
        vertex 156.84013 -31.641312 87.05153
    endloop
endfacet
facet normal 0.98017156 -0.19815058 0.00018383
    outer loop
        vertex 156.84013 -31.641312 87.05153
        vertex 157.05396 -30.562332 110
        vertex 156.8009 -31.83509 87.351006
    endloop
endfacet
facet normal 0.97993642 -0.19931047 0.00025164
    outer loop
        vertex 156.8009 -31.83509 87.351006
        vertex 157.05396 -30.562332 110
        vertex 156.7562 -32.05455 87.6318
    endloop
endfacet
facet normal 0.97964299 -0.20074759 0.00035142
    outer loop
        vertex 156.7562 -32.05455 87.6318
        vertex 157.05396 -30.562332 110
        vertex 156.7063 -32.29759 87.89124
    endloop
endfacet
facet normal 0.97933245 -0.20225638 0.00047473
    outer loop
        vertex 156.7063 -32.29759 87.89124
        vertex 157.05396 -30.562332 110
        vertex 156.65149 -32.562424 88.12748
    endloop
endfacet
facet normal 0.9789784 -0.20396271 0.00063727
    outer loop
        vertex 156.65149 -32.562424 88.12748
        vertex 157.05396 -30.562332 110
        vertex 156.59213 -32.846664 88.338394
    endloop
endfacet
facet normal 0.97922176 -0.20279171 0.0005086
    outer loop
        vertex 156.59213 -32.846664 88.338394
        vertex 157.05396 -30.562332 110
        vertex 156.27446 -34.326286 110
    endloop
endfacet
facet normal 0.97854012 -0.20605628 0.00027561
    outer loop
        vertex 156.52852 -33.148514 88.52265
        vertex 156.59213 -32.846664 88.338394
        vertex 156.27446 -34.326286 110
    endloop
endfacet
facet normal 0.97810704 -0.20810282 0.00015826
    outer loop
        vertex 156.46123 -33.464672 88.67825
        vertex 156.52852 -33.148514 88.52265
        vertex 156.27446 -34.326286 110
    endloop
endfacet
facet normal 0.97766948 -0.21014839 0.00007176
    outer loop
        vertex 156.3905 -33.79366 88.80449
        vertex 156.46123 -33.464672 88.67825
        vertex 156.27446 -34.326286 110
    endloop
endfacet
facet normal 0.97720891 -0.2122802 0.00001567
    outer loop
        vertex 156.31712 -34.131447 88.89982
        vertex 156.3905 -33.79366 88.80449
        vertex 156.27446 -34.326286 110
    endloop
endfacet
facet normal 0.97537816 -0.22053909 0.00013104
    outer loop
        vertex 156.12494 -35.00005 89
        vertex 156.27446 -34.326286 110
        vertex 155.99675 -35.567017 88.95754
    endloop
endfacet
facet normal 0.97476482 -0.22323403 0.00029803
    outer loop
        vertex 155.99675 -35.567017 88.95754
        vertex 156.27446 -34.326286 110
        vertex 155.92796 -35.867455 88.89985
    endloop
endfacet
facet normal 0.97406757 -0.22625643 0.00053024
    outer loop
        vertex 155.92796 -35.867455 88.89985
        vertex 156.27446 -34.326286 110
        vertex 155.40477 -38.07043 110
    endloop
endfacet
facet normal 0.97425872 -0.2254324 0.00062101
    outer loop
        vertex 155.8499 -36.20509 88.80424
        vertex 155.92796 -35.867455 88.89985
        vertex 155.40477 -38.07043 110
    endloop
endfacet
facet normal 0.9737854 -0.22746815 0.00043192
    outer loop
        vertex 155.77351 -36.532333 88.67814
        vertex 155.8499 -36.20509 88.80424
        vertex 155.40477 -38.07043 110
    endloop
endfacet
facet normal 0.97332817 -0.22941671 0.00028345
    outer loop
        vertex 155.69936 -36.84715 88.52239
        vertex 155.77351 -36.532333 88.67814
        vertex 155.40477 -38.07043 110
    endloop
endfacet
facet normal 0.97287005 -0.23135211 0.00016693
    outer loop
        vertex 155.6281 -37.146935 88.33831
        vertex 155.69936 -36.84715 88.52239
        vertex 155.40477 -38.07043 110
    endloop
endfacet
facet normal 0.97245759 -0.23308015 0.00008901
    outer loop
        vertex 155.56042 -37.42936 88.12732
        vertex 155.6281 -37.146935 88.33831
        vertex 155.40477 -38.07043 110
    endloop
endfacet
facet normal 0.97202694 -0.23486938 0.0000335
    outer loop
        vertex 155.49692 -37.692223 87.89108
        vertex 155.56042 -37.42936 88.12732
        vertex 155.40477 -38.07043 110
    endloop
endfacet
facet normal 0.97169679 -0.23623186 0.00000882
    outer loop
        vertex 155.40477 -38.07043 110
        vertex 155.4383 -37.933372 87.63152
        vertex 155.49692 -37.692223 87.89108
    endloop
endfacet
facet normal 0.97072673 -0.24018665 0.00001759
    outer loop
        vertex 155.40477 -38.07043 110
        vertex 155.29697 -38.507828 86.73539
        vertex 155.33781 -38.342716 87.05142
    endloop
endfacet
facet normal 0.96207714 -0.27277753 -0.0001647
    outer loop
        vertex 153.39688 -45.49065 110
        vertex 154.52916 -41.481823 84.62901
        vertex 154.44539 -41.7926 110
    endloop
endfacet
facet normal 0.96135628 -0.27530664 -0.0005965
    outer loop
        vertex 153.39688 -45.49065 110
        vertex 153.05107 -46.640846 83.52912
        vertex 154.52916 -41.481823 84.62901
    endloop
endfacet
facet normal 0.95130366 -0.30825388 -0.00092853
    outer loop
        vertex 152.25983 -49.162445 110
        vertex 151.18091 -52.386375 74.901405
        vertex 153.05107 -46.640846 83.52912
    endloop
endfacet
facet normal 0.97731811 -0.21177639 -0.00003724
    outer loop
        vertex 156.27446 -34.326286 6
        vertex 156.40387 -33.731754 21.216663
        vertex 156.33667 -34.041855 21.12224
    endloop
endfacet
facet normal 0.97169316 -0.23624641 -0.00000038
    outer loop
        vertex 155.43944 -37.928627 27.6371
        vertex 155.49695 -37.692123 52.10882
        vertex 155.43834 -37.933186 52.36825
    endloop
endfacet
facet normal 0.98010105 -0.1984989 -0.00027621
    outer loop
        vertex 156.78506 -31.913015 22.543295
        vertex 157.05396 -30.562332 6
        vertex 156.82327 -31.724735 22.81234
    endloop
endfacet
facet normal 0.97204161 -0.23480858 0.00000017
    outer loop
        vertex 155.55812 -37.438904 28.119473
        vertex 155.56046 -37.429222 51.872566
        vertex 155.49695 -37.692123 52.10882
    endloop
endfacet
facet normal 0.97476929 -0.22321475 -0.00000009
    outer loop
        vertex 156.00034 -35.551353 28.959867
        vertex 155.99692 -35.566288 51.04235
        vertex 155.9279 -35.867676 51.100204
    endloop
endfacet
facet normal 0.98263264 -0.18555805 -0.00111626
    outer loop
        vertex 156.94055 -31.139418 24.342236
        vertex 157.7428 -26.780739 6
        vertex 156.94849 -31.099371 24.66992
    endloop
endfacet
facet normal 0.97824216 -0.20746589 -0.00000339
    outer loop
        vertex 156.48595 -33.34889 28.625387
        vertex 156.55014 -33.0462 28.464369
        vertex 156.52861 -33.148094 51.47758
    endloop
endfacet
facet normal 0.97992653 -0.19935918 -0.00000075
    outer loop
        vertex 156.8009 -31.835114 52.64897
        vertex 156.76659 -32.0037 27.5712
        vertex 156.80898 -31.795341 27.294142
    endloop
endfacet
facet normal 0.96777397 -0.25181097 0.00217928
    outer loop
        vertex 154.52916 -41.481823 84.62901
        vertex 155.21674 -38.829903 85.71393
        vertex 155.2361 -38.752457 86.06375
    endloop
endfacet
facet normal 0.98783135 -0.15552853 0.00014549
    outer loop
        vertex 157.68196 -27.136694 38.54737
        vertex 157.7428 -26.780739 6
        vertex 158.34062 -22.98369 6
    endloop
endfacet
facet normal 0.96760017 -0.25246331 0.0035058
    outer loop
        vertex 154.52916 -41.481823 84.62901
        vertex 155.2361 -38.752457 86.06375
        vertex 155.26294 -38.644848 86.4051
    endloop
endfacet
facet normal 0.96961796 -0.24461994 -0.00146815
    outer loop
        vertex 154.39212 -41.988934 65.685974
        vertex 155.29451 -38.5177 83.28589
        vertex 155.2574 -38.667023 83.65738
    endloop
endfacet
facet normal 0.96988863 -0.24354634 0.00111505
    outer loop
        vertex 154.44539 -41.7926 110
        vertex 155.26294 -38.644848 86.4051
        vertex 155.29697 -38.507828 86.73539
    endloop
endfacet
facet normal 0.96993726 -0.24334866 -0.00173536
    outer loop
        vertex 154.39212 -41.988934 65.685974
        vertex 155.34038 -38.332348 82.93079
        vertex 155.29451 -38.5177 83.28589
    endloop
endfacet
facet normal 0.97854805 -0.20601842 -0.00038575
    outer loop
        vertex 156.53033 -33.13992 21.482086
        vertex 156.27446 -34.326286 6
        vertex 156.58891 -32.862 21.651314
    endloop
endfacet
facet normal 0.97100681 -0.23905189 0.00000331
    outer loop
        vertex 155.33781 -38.342716 87.05142
        vertex 155.38507 -38.15076 87.35089
        vertex 155.40477 -38.07043 110
    endloop
endfacet
facet normal 0.96817505 -0.25027388 -0.00001638
    outer loop
        vertex 154.39212 -41.988934 65.685974
        vertex 155.40205 -38.081505 57.446026
        vertex 155.39418 -38.11361 82.59734
    endloop
endfacet
facet normal 0.97131342 -0.2378027 -0.00000138
    outer loop
        vertex 155.38507 -38.15076 87.35089
        vertex 155.4383 -37.933372 87.63152
        vertex 155.40477 -38.07043 110
    endloop
endfacet
facet normal 0.97143072 -0.23732351 -0.00000019
    outer loop
        vertex 155.45543 -37.863045 82.28785
        vertex 155.40205 -38.081505 57.446026
        vertex 155.454 -37.868896 57.705605
    endloop
endfacet
facet normal 0.97213286 -0.23443033 -0.00000132
    outer loop
        vertex 155.52325 -37.58347 82.00594
        vertex 155.51067 -37.635536 57.945747
        vertex 155.57156 -37.383007 58.16475
    endloop
endfacet
facet normal 0.97294551 -0.23103485 -0.00000295
    outer loop
        vertex 155.63611 -37.11338 58.360817
        vertex 155.70378 -36.828396 58.53269
        vertex 155.67532 -36.948532 81.53569
    endloop
endfacet
facet normal 0.97374898 -0.2276247 0.00000306
    outer loop
        vertex 155.77406 -36.53 58.679153
        vertex 155.84312 -36.23426 81.20562
        vertex 155.75764 -36.59993 81.352325
    endloop
endfacet
facet normal 0.97476584 -0.22323008 -0.00000243
    outer loop
        vertex 156.0037 -35.536533 58.962006
        vertex 155.9304 -35.856796 81.09768
        vertex 155.92003 -35.901863 58.89163
    endloop
endfacet
facet normal 0.97540003 -0.22044209 -0.00000199
    outer loop
        vertex 156.12494 -35.00005 59
        vertex 156.01012 -35.50831 81.03408
        vertex 156.0037 -35.536533 58.962006
    endloop
endfacet
facet normal 0.95047975 -0.31078508 0.00093569
    outer loop
        vertex 153.05107 -46.640846 83.52912
        vertex 151.18091 -52.386375 74.901405
        vertex 152.56393 -48.210453 57.02815
    endloop
endfacet
facet normal 0.97635537 -0.21617179 -0.00001847
    outer loop
        vertex 156.26398 -34.37396 81.05175
        vertex 156.12494 -35.00005 59
        vertex 156.30702 -34.17765 58.91031
    endloop
endfacet
facet normal 0.97743648 -0.21122952 0.00000476
    outer loop
        vertex 156.34802 -33.9897 81.13614
        vertex 156.37683 -33.856895 58.82489
        vertex 156.42905 -33.61477 81.25988
    endloop
endfacet
facet normal 0.97792375 -0.20896201 0.00000254
    outer loop
        vertex 156.50609 -33.25422 81.42133
        vertex 156.42905 -33.61477 81.25988
        vertex 156.44435 -33.54342 58.71164
    endloop
endfacet
facet normal 0.97838306 -0.20680098 0.00000107
    outer loop
        vertex 156.57024 -32.95085 58.406273
        vertex 156.50609 -33.25422 81.42133
        vertex 156.50893 -33.24091 58.571846
    endloop
endfacet
facet normal 0.97873664 -0.20512094 -0.00000177
    outer loop
        vertex 156.62798 -32.675346 58.216057
        vertex 156.57866 -32.910862 81.619225
        vertex 156.57024 -32.95085 58.406273
    endloop
endfacet
facet normal 0.97923523 -0.20272766 0.00000307
    outer loop
        vertex 156.70767 -32.290913 82.11529
        vertex 156.64601 -32.588757 81.851265
        vertex 156.68172 -32.41665 58.00275
    endloop
endfacet
facet normal 0.98152679 -0.19130328 0.00287246
    outer loop
        vertex 156.88179 -31.434137 56.647175
        vertex 157.66397 -27.240967 68.6355
        vertex 156.85165 -31.5842 56.950726
    endloop
endfacet
facet normal 0.98337001 -0.18161245 0.00056491
    outer loop
        vertex 156.95114 -31.08599 85
        vertex 157.67958 -27.150473 82.19192
        vertex 156.94803 -31.101732 85.35794
    endloop
endfacet
facet normal 0.98143089 -0.19180031 -0.00248368
    outer loop
        vertex 157.66397 -27.240967 68.6355
        vertex 156.88866 -31.399817 83.43256
        vertex 156.85399 -31.572525 83.07075
    endloop
endfacet
facet normal 0.94067699 -0.33930326 0.0000579
    outer loop
        vertex 151.18091 -52.386375 74.901405
        vertex 149.77495 -56.280235 98.30046
        vertex 149.83995 -56.106956 57.676052
    endloop
endfacet
facet normal 0.97185439 -0.23558271 -0.00002654
    outer loop
        vertex 155.52438 -37.57879 22.001677
        vertex 155.46815 -37.810776 22.230682
        vertex 155.40477 -38.07043 6
    endloop
endfacet
facet normal 0.96963048 -0.2445571 0.00292084
    outer loop
        vertex 154.39212 -41.988934 65.685974
        vertex 155.31409 -38.438705 56.87609
        vertex 155.35529 -38.271862 57.16889
    endloop
endfacet
facet normal 0.97970152 -0.20046203 -0.00000144
    outer loop
        vertex 156.76317 -32.020443 82.408585
        vertex 156.73122 -32.176422 57.76771
        vertex 156.77618 -31.956654 57.51287
    endloop
endfacet
facet normal 0.97998524 -0.19907054 -0.00000041
    outer loop
        vertex 156.81203 -31.780258 82.72799
        vertex 156.77618 -31.956654 57.51287
        vertex 156.81639 -31.758722 57.239834
    endloop
endfacet
facet normal 0.99577403 -0.09183606 0.00059658
    outer loop
        vertex 159.5683 -11.74556 49.54467
        vertex 159.02054 -17.676666 50.811565
        vertex 159.26178 -15.351997 6
    endloop
endfacet
facet normal 0.96812087 -0.25048354 0.00012833
    outer loop
        vertex 155.26294 -38.644848 86.4051
        vertex 154.44539 -41.7926 110
        vertex 154.52916 -41.481823 84.62901
    endloop
endfacet
facet normal 0.98060244 -0.19600709 0.00008722
    outer loop
        vertex 156.87372 -31.47439 86.73514
        vertex 156.90138 -31.336136 86.40527
        vertex 157.05396 -30.562332 110
    endloop
endfacet
facet normal 0.98225266 -0.18755555 0.00158822
    outer loop
        vertex 156.92606 -31.21246 56.00728
        vertex 156.93997 -31.142387 55.6757
        vertex 157.66397 -27.240967 68.6355
    endloop
endfacet
facet normal 0.98297977 -0.18368961 -0.00297974
    outer loop
        vertex 156.93542 -31.165257 84.20012
        vertex 156.91586 -31.263613 83.81022
        vertex 157.67958 -27.150473 82.19192
    endloop
endfacet
facet normal 0.98309416 -0.18309245 -0.00174347
    outer loop
        vertex 156.93542 -31.165257 84.20012
        vertex 157.67958 -27.150473 82.19192
        vertex 156.9472 -31.1058 84.59859
    endloop
endfacet
facet normal 0.99416012 -0.10790002 0.00183381
    outer loop
        vertex 159.26178 -15.351997 6
        vertex 158.49432 -21.898651 36.859352
        vertex 158.84703 -19.173378 6
    endloop
endfacet
facet normal 0.99646688 -0.08398682 -0.00005839
    outer loop
        vertex 159.58461 -11.521758 6
        vertex 159.5683 -11.74556 49.54467
        vertex 159.26178 -15.351997 6
    endloop
endfacet
facet normal 0.9997375 -0.02291232 0.00000003
    outer loop
        vertex 159.95656 -3.7281747 56.449394
        vertex 159.95978 -3.5876634 83.231186
        vertex 159.95656 -3.7281446 83.550545
    endloop
endfacet
facet normal 0.99983126 0.01837219 -0.00000006
    outer loop
        vertex 159.97066 3.0643542 82.42907
        vertex 159.97499 2.8285205 82.17166
        vertex 159.97066 3.0642729 57.571037
    endloop
endfacet
facet normal 0.99928081 0.03791636 0.0005521
    outer loop
        vertex 159.8046 7.90501 19.960205
        vertex 159.95042 3.9829686 25.368723
        vertex 159.94998 4 25
    endloop
endfacet
facet normal 0.9993434 -0.0361664 0.00218132
    outer loop
        vertex 159.95094 -3.9617298 85.55198
        vertex 159.9526 -3.893855 85.91537
        vertex 159.8093 -7.809748 86.645515
    endloop
endfacet
facet normal 0.99998879 -0.00473577 0.0000817
    outer loop
        vertex 160 -0 110
        vertex 159.99739 -0.91507375 88.89393
        vertex 159.99889 -0.59826446 88.95501
    endloop
endfacet
facet normal 0.999156 0.04107224 0.00065251
    outer loop
        vertex 159.74052 9.108662 54.166965
        vertex 159.95038 3.9848173 55.348175
        vertex 159.94998 4 55
    endloop
endfacet
facet normal 0.99818766 0.06017483 0.00063294
    outer loop
        vertex 159.80946 7.806094 69.28305
        vertex 159.74052 9.108662 54.166965
        vertex 159.57515 11.652041 73.16985
    endloop
endfacet
facet normal 0.99934834 0.0360627 -0.00152646
    outer loop
        vertex 159.95149 3.9392974 84.3058
        vertex 159.80952 7.804769 82.68381
        vertex 159.95038 3.9848065 84.65171
    endloop
endfacet
facet normal 0.99916834 0.04071975 -0.00214038
    outer loop
        vertex 159.95149 3.939292 54.305775
        vertex 159.74052 9.108662 54.166965
        vertex 159.95038 3.984808 54.65171
    endloop
endfacet
facet normal 0.99128234 0.13175431 0.00002443
    outer loop
        vertex 158.34062 22.98369 6
        vertex 158.33037 23.054134 42.15729
        vertex 158.85248 19.128298 29.361393
    endloop
endfacet
facet normal 0.97335523 0.22930263 0.00000031
    outer loop
        vertex 155.77356 36.532135 28.678219
        vertex 155.69945 36.84673 28.522621
        vertex 155.77354 36.53217 51.321796
    endloop
endfacet
facet normal 0.9720642 0.23471509 0.00000218
    outer loop
        vertex 155.49535 37.698776 82.11537
        vertex 155.56674 37.403095 81.851326
        vertex 155.52554 37.57394 58.00271
    endloop
endfacet
facet normal 0.93184298 0.36286184 -0
    outer loop
        vertex 148.3243 59.99919 6
        vertex 148.3243 59.99919 110
        vertex 149.8399 56.107048 57.666668
    endloop
endfacet
facet normal 0.94026256 0.34045017 -0.00015775
    outer loop
        vertex 151.03491 52.805862 110
        vertex 151.18086 52.386505 74.88889
        vertex 149.77493 56.280277 98.2963
    endloop
endfacet
facet normal 0.94067448 0.3393102 -0.0000581
    outer loop
        vertex 149.8399 56.107048 57.666668
        vertex 151.18086 52.386505 40.222225
        vertex 149.77493 56.280277 17.407408
    endloop
endfacet
facet normal 0.94786519 0.31867167 0.00013397
    outer loop
        vertex 151.03491 52.805862 110
        vertex 152.25983 49.162445 110
        vertex 151.18086 52.386505 74.88889
    endloop
endfacet
facet normal 0.95524573 0.29581347 0.00037324
    outer loop
        vertex 153.05283 46.63511 83.50473
        vertex 152.25983 49.162445 110
        vertex 153.39688 45.49065 110
    endloop
endfacet
facet normal 0.95983398 0.28056675 -0.00102903
    outer loop
        vertex 154.39688 41.971447 65.62531
        vertex 152.56384 48.210735 57
        vertex 153.05283 46.63511 83.50473
    endloop
endfacet
facet normal 0.96130645 0.27548087 0.00040825
    outer loop
        vertex 154.52968 41.479893 84.6209
        vertex 154.39688 41.971447 65.62531
        vertex 153.05283 46.63511 83.50473
    endloop
endfacet
facet normal 0.96795547 0.25111839 -0.0013078
    outer loop
        vertex 154.52968 41.479893 84.6209
        vertex 155.20605 38.87263 84.59854
        vertex 155.22076 38.813858 84.20024
    endloop
endfacet
facet normal 0.96783966 0.25156769 0.00035413
    outer loop
        vertex 155.20464 38.878307 55.338562
        vertex 155.20114 38.892227 55
        vertex 154.39688 41.971447 65.62531
    endloop
endfacet
facet normal 0.96812344 0.25047344 0.00012917
    outer loop
        vertex 154.44539 41.7926 110
        vertex 155.26294 38.64479 86.40526
        vertex 154.52968 41.479893 84.6209
    endloop
endfacet
facet normal 0.96862638 0.24851769 0.0013518
    outer loop
        vertex 154.39688 41.971447 65.62531
        vertex 155.23242 38.76715 56.00726
        vertex 155.2151 38.836456 55.675682
    endloop
endfacet
facet normal 0.97810102 0.2081306 0.00015702
    outer loop
        vertex 156.52863 33.14805 88.5224
        vertex 156.46121 33.464737 88.67829
        vertex 156.27446 34.326286 110
    endloop
endfacet
facet normal 0.98380744 0.17922823 -0.0003026
    outer loop
        vertex 156.94803 31.101728 85.35788
        vertex 157.7428 26.780739 110
        vertex 157.88124 25.95208 69.292946
    endloop
endfacet
facet normal 0.96827686 0.24987765 -0.00103086
    outer loop
        vertex 154.39603 41.974598 45.666676
        vertex 155.20505 38.876663 54.64207
        vertex 155.21674 38.829903 54.28606
    endloop
endfacet
facet normal 0.98442519 0.17580159 0.00083158
    outer loop
        vertex 157.88124 25.95208 69.292946
        vertex 156.95114 31.08599 85
        vertex 156.94803 31.101728 85.35788
    endloop
endfacet
facet normal 0.97846711 0.20640296 -0.00000222
    outer loop
        vertex 156.52461 33.166965 58.53273
        vertex 156.55013 33.04627 81.53559
        vertex 156.58507 32.88037 58.360867
    endloop
endfacet
facet normal 0.99930751 0.03720667 0.00051929
    outer loop
        vertex 159.80952 7.804769 82.68381
        vertex 159.95042 3.9829686 85.36872
        vertex 159.94998 4 85
    endloop
endfacet
facet normal 0.99932945 0.03661202 -0.00045882
    outer loop
        vertex 159.94998 4 85
        vertex 159.95038 3.9848065 84.65171
        vertex 159.80952 7.804769 82.68381
    endloop
endfacet
facet normal 0.99933243 -0.03652099 0.00093213
    outer loop
        vertex 159.95094 -3.9617298 85.55198
        vertex 159.8093 -7.809748 86.645515
        vertex 159.95001 -3.998944 85.09181
    endloop
endfacet
facet normal 0.99935073 -0.03602894 -0.00006591
    outer loop
        vertex 159.95383 -3.8435433 110
        vertex 159.81534 -7.6848683 110
        vertex 159.8093 -7.809748 86.645515
    endloop
endfacet
facet normal 0.98297536 -0.18373705 0.00042386
    outer loop
        vertex 156.95114 -31.08599 55
        vertex 157.66397 -27.240967 68.6355
        vertex 156.94836 -31.100067 55.338547
    endloop
endfacet
facet normal 0.93184215 -0.36286396 0
    outer loop
        vertex 148.3243 -59.99919 6
        vertex 149.83995 -56.106956 57.676052
        vertex 148.3243 -59.99919 110
    endloop
endfacet
facet normal 0.98321623 -0.18244308 -0.00063901
    outer loop
        vertex 157.67958 -27.150473 82.19192
        vertex 156.95114 -31.08599 85
        vertex 156.9472 -31.1058 84.59859
    endloop
endfacet
facet normal 0.97638565 -0.21603456 -0.00002066
    outer loop
        vertex 156.12494 -35.00005 89
        vertex 156.31712 -34.131447 88.89982
        vertex 156.27446 -34.326286 110
    endloop
endfacet
facet normal 0.96786791 -0.25145584 0.00125151
    outer loop
        vertex 155.20505 -38.876663 85.35792
        vertex 155.21674 -38.829903 85.71393
        vertex 154.52916 -41.481823 84.62901
    endloop
endfacet
facet normal 0.94026256 -0.34045005 0.00016182
    outer loop
        vertex 151.03491 -52.805862 6
        vertex 151.18091 -52.386375 40.234734
        vertex 149.77495 -56.280235 17.411577
    endloop
endfacet
facet normal 0.96835136 -0.24959058 0.0002054
    outer loop
        vertex 155.40477 -38.07043 110
        vertex 154.44539 -41.7926 110
        vertex 155.29697 -38.507828 86.73539
    endloop
endfacet
facet normal 0.94786513 -0.31867164 -0.00013746
    outer loop
        vertex 151.18091 -52.386375 40.234734
        vertex 151.03491 -52.805862 6
        vertex 152.25983 -49.162445 6
    endloop
endfacet
facet normal -0.99828672 -0.05849975 0.00117523
    outer loop
        vertex 156.62929 10.7826605 48.82421
        vertex 156.8322 7.2568545 45.680126
        vertex 156.66788 10.20666 52.93191
    endloop
endfacet
facet normal -0.9967255 -0.0808548 0.00087147
    outer loop
        vertex 156.62929 10.7826605 48.82421
        vertex 156.38452 13.888101 57
        vertex 156.33391 14.446729 50.94137
    endloop
endfacet
facet normal -0.99715149 -0.07541525 -0.0012074
    outer loop
        vertex 156.62929 10.7826605 48.82421
        vertex 156.66788 10.20666 52.93191
        vertex 156.38452 13.888101 57
    endloop
endfacet
facet normal -0.99388647 -0.11039002 -0.0018755
    outer loop
        vertex 156.33391 14.446729 50.94137
        vertex 156.38452 13.888101 57
        vertex 155.81749 19.23301 42.892193
    endloop
endfacet
facet normal -0.99845189 -0.05562157 0.00000073
    outer loop
        vertex 156.66788 10.20666 52.93191
        vertex 156.8322 7.2568545 45.680126
        vertex 156.83208 7.259309 65.66668
    endloop
endfacet
facet normal -0.99736446 -0.07244787 -0.00390759
    outer loop
        vertex 156.66788 10.20666 52.93191
        vertex 156.83208 7.259309 65.66668
        vertex 156.38452 13.888101 57
    endloop
endfacet
facet normal -0.96207672 -0.27277914 0.00006628
    outer loop
        vertex 150.51096 44.6705 103.89787
        vertex 151.54953 41.00899 110
        vertex 150.52068 44.637703 110
    endloop
endfacet
facet normal -0.95524657 -0.29581067 -0.0000684
    outer loop
        vertex 150.51096 44.6705 103.89787
        vertex 150.52068 44.637703 110
        vertex 149.40495 48.24065 110
    endloop
endfacet
facet normal -0.96707362 -0.25449637 0.00050838
    outer loop
        vertex 151.52942 41.083294 96.27021
        vertex 152.2778 38.21616 84.59851
        vertex 152.27286 38.23575 85
    endloop
endfacet
facet normal -0.96788555 -0.25139081 -0.00032969
    outer loop
        vertex 151.52942 41.083294 96.27021
        vertex 152.27286 38.23575 85
        vertex 152.27678 38.22018 85.35797
    endloop
endfacet
facet normal -0.95524663 0.2958107 -0.0000684
    outer loop
        vertex 150.51096 -44.6705 103.897865
        vertex 149.40495 -48.24065 110
        vertex 150.52068 -44.637703 110
    endloop
endfacet
facet normal -0.96201771 0.27298665 -0.00006828
    outer loop
        vertex 150.51096 -44.6705 103.897865
        vertex 151.54953 -41.00899 110
        vertex 151.52942 -41.083298 96.270195
    endloop
endfacet
facet normal -0.96788353 0.25139904 -0.00032741
    outer loop
        vertex 151.52942 -41.083298 96.270195
        vertex 152.27678 -38.220184 85.35794
        vertex 152.27286 -38.23575 85
    endloop
endfacet
facet normal -0.955293 0.2956607 -0.00016456
    outer loop
        vertex 149.69582 -47.33034 57.028145
        vertex 149.40495 -48.24065 110
        vertex 150.51096 -44.6705 103.897865
    endloop
endfacet
facet normal -0.9984532 0.05559962 -0.00000586
    outer loop
        vertex 156.6681 -10.203035 59.60233
        vertex 156.8326 -7.2485023 65.67631
        vertex 156.832 -7.261306 45.600204
    endloop
endfacet
facet normal -0.99724841 0.07403137 0.00388059
    outer loop
        vertex 156.6681 -10.203035 59.60233
        vertex 156.832 -7.261306 45.600204
        vertex 156.38455 -13.887789 57.028877
    endloop
endfacet
facet normal -0.96799415 -0.25097284 0.00030375
    outer loop
        vertex 151.68404 40.508686 26.547203
        vertex 152.27618 38.22252 24.66992
        vertex 152.27286 38.23575 25
    endloop
endfacet
facet normal -0.96809274 -0.25059181 -0.00029364
    outer loop
        vertex 151.68404 40.508686 26.547203
        vertex 152.27286 38.23575 25
        vertex 152.27657 38.221016 25.348242
    endloop
endfacet
facet normal -0.99700737 0.07730272 -0.00082999
    outer loop
        vertex 156.31018 -14.701171 70.60993
        vertex 156.6681 -10.203035 59.60233
        vertex 156.38455 -13.887789 57.028877
    endloop
endfacet
facet normal -0.99414414 0.10806274 0
    outer loop
        vertex 156.31018 -14.701171 70.60993
        vertex 155.81818 -19.22746 42.894737
        vertex 155.81818 -19.22746 77.5614
    endloop
endfacet
facet normal -0.9967342 0.08075046 0.00058778
    outer loop
        vertex 156.61577 -10.977439 77.239525
        vertex 156.6681 -10.203035 59.60233
        vertex 156.31018 -14.701171 70.60993
    endloop
endfacet
facet normal -0.99422681 0.10729712 -0.00050437
    outer loop
        vertex 156.31018 -14.701171 70.60993
        vertex 155.81818 -19.22746 77.5614
        vertex 156.37694 -13.973322 93.855415
    endloop
endfacet
facet normal -0.96751374 0.25281829 -0.00039305
    outer loop
        vertex 151.51688 -41.12952 24.55188
        vertex 152.27678 -38.220184 25.357935
        vertex 152.27286 -38.23575 25
    endloop
endfacet
facet normal -0.96187925 0.27347419 0.00008369
    outer loop
        vertex 151.51688 -41.12952 24.55188
        vertex 151.54953 -41.00899 6
        vertex 150.49 -44.74101 23.633791
    endloop
endfacet
facet normal -0.94957966 0.31352529 -0.00074727
    outer loop
        vertex 148.52739 -50.878426 53.147087
        vertex 149.69582 -47.33034 57.028145
        vertex 148.75581 -50.20664 44.737076
    endloop
endfacet
facet normal -0.94082898 0.33887824 0.00151559
    outer loop
        vertex 148.52739 -50.878426 53.147087
        vertex 148.75581 -50.20664 44.737076
        vertex 147.02753 -55.062756 57.67605
    endloop
endfacet
facet normal -0.9497391 0.31304249 -0.00025784
    outer loop
        vertex 148.52739 -50.878426 53.147087
        vertex 148.203 -51.815754 110
        vertex 149.69582 -47.33034 57.028145
    endloop
endfacet
facet normal -0.95472133 0.2974982 -0.00140524
    outer loop
        vertex 148.75581 -50.20664 44.737076
        vertex 150.49 -44.74101 23.633791
        vertex 149.42285 -48.185177 19.507034
    endloop
endfacet
facet normal -0.94202346 0.33554733 0.00010593
    outer loop
        vertex 146.9155 -55.36096 6
        vertex 147.02753 -55.062756 57.67605
        vertex 148.75581 -50.20664 44.737076
    endloop
endfacet
facet normal -0.95192248 0.30633724 0.00111403
    outer loop
        vertex 148.75581 -50.20664 44.737076
        vertex 149.69582 -47.33034 57.028145
        vertex 150.49 -44.74101 23.633791
    endloop
endfacet
facet normal -0.96207666 0.27277914 -0.00007527
    outer loop
        vertex 150.49 -44.74101 23.633791
        vertex 151.54953 -41.00899 6
        vertex 150.52068 -44.637703 6
    endloop
endfacet
facet normal -0.95522386 0.29588386 0.000072
    outer loop
        vertex 150.49 -44.74101 23.633791
        vertex 150.52068 -44.637703 6
        vertex 149.42285 -48.185177 19.507034
    endloop
endfacet
facet normal -0.99416089 0.1079027 0.00105246
    outer loop
        vertex 156.37694 -13.973322 93.855415
        vertex 155.86865 -18.813879 110
        vertex 156.27563 -15.064149 110
    endloop
endfacet
facet normal -0.99763536 0.06870241 0.00196192
    outer loop
        vertex 156.37694 -13.973322 93.855415
        vertex 156.59239 -11.305726 110
        vertex 156.81549 -7.609314 94.00484
    endloop
endfacet
facet normal -0.99933207 0.0365433 -0.00013797
    outer loop
        vertex 156.81549 -7.609314 94.00484
        vertex 156.94965 -3.9762738 84.56499
        vertex 156.8326 -7.2485023 65.67631
    endloop
endfacet
facet normal -0.99646717 0.08398154 -0.00057827
    outer loop
        vertex 156.37694 -13.973322 93.855415
        vertex 156.27563 -15.064149 110
        vertex 156.59239 -11.305726 110
    endloop
endfacet
facet normal -0.99794823 -0.06401337 0.00124119
    outer loop
        vertex 156.48299 12.730896 95.53721
        vertex 156.81425 7.6346927 99.05277
        vertex 156.59239 11.305726 110
    endloop
endfacet
facet normal -0.99487621 -0.10109969 0.00026283
    outer loop
        vertex 156.48299 12.730896 95.53721
        vertex 155.86865 18.813879 110
        vertex 155.81749 19.23301 77.55886
    endloop
endfacet
facet normal -0.99935067 -0.03602964 0.000106
    outer loop
        vertex 156.81425 7.6346927 99.05277
        vertex 156.9547 3.7714772 110
        vertex 156.8188 7.5407777 110
    endloop
endfacet
facet normal -0.99819672 -0.06002782 -0.00010035
    outer loop
        vertex 156.81425 7.6346927 99.05277
        vertex 156.8188 7.5407777 110
        vertex 156.59239 11.305726 110
    endloop
endfacet
facet normal -0.94039232 -0.34004682 0.00551861
    outer loop
        vertex 148.64548 50.532387 54.21778
        vertex 147.0275 55.06285 57.666668
        vertex 149.10309 49.16575 47.98668
    endloop
endfacet
facet normal -0.9498781 -0.31261793 -0.00119388
    outer loop
        vertex 148.64548 50.532387 54.21778
        vertex 149.10309 49.16575 47.98668
        vertex 149.69572 47.330624 57
    endloop
endfacet
facet normal -0.95281726 -0.30354348 0.00084694
    outer loop
        vertex 149.10309 49.16575 47.98668
        vertex 150.40038 45.04143 29.293365
        vertex 149.69572 47.330624 57
    endloop
endfacet
facet normal -0.94167894 -0.33651263 0.0002725
    outer loop
        vertex 148.64548 50.532387 54.21778
        vertex 148.203 51.815754 110
        vertex 147.0275 55.06285 57.666668
    endloop
endfacet
facet normal -0.9600175 -0.27993688 -0.00128662
    outer loop
        vertex 150.40038 45.04143 29.293365
        vertex 151.48569 41.244232 45.660072
        vertex 149.69572 47.330624 57
    endloop
endfacet
facet normal -0.94786 -0.31867057 -0.00326169
    outer loop
        vertex 150.40038 45.04143 29.293365
        vertex 148.203 51.815754 6
        vertex 149.40495 48.24065 6
    endloop
endfacet
facet normal -0.99128288 0.13175133 -0.00016597
    outer loop
        vertex 155.31392 -22.9474 37.937634
        vertex 155.86865 -18.813879 6
        vertex 155.37172 -22.55275 6
    endloop
endfacet
facet normal -0.98741168 0.15817137 -0.00014918
    outer loop
        vertex 155.31392 -22.9474 37.937634
        vertex 154.78513 -26.278605 6
        vertex 154.70393 -26.752481 40.96494
    endloop
endfacet
facet normal -0.98783219 -0.15552297 0.00013578
    outer loop
        vertex 155.31317 22.952518 37.945892
        vertex 154.78513 26.278605 6
        vertex 155.37172 22.55275 6
    endloop
endfacet
facet normal -0.99095935 -0.13416214 0.00014993
    outer loop
        vertex 155.31317 22.952518 37.945892
        vertex 155.86865 18.813879 6
        vertex 155.81749 19.23301 42.892193
    endloop
endfacet
facet normal -0.96845931 0.2491688 -0.00125637
    outer loop
        vertex 151.48209 -41.257427 65.685974
        vertex 152.29926 -38.130505 55.92522
        vertex 152.28358 -38.193096 55.591457
    endloop
endfacet
facet normal -0.95936608 0.28216428 0.00001475
    outer loop
        vertex 151.48209 -41.257427 65.685974
        vertex 151.48602 -41.242996 45.67603
        vertex 149.69582 -47.33034 57.028145
    endloop
endfacet
facet normal -0.96849185 -0.24904053 0.00148116
    outer loop
        vertex 151.48569 41.244232 45.660072
        vertex 152.30789 38.095997 53.936245
        vertex 152.28851 38.17344 54.28608
    endloop
endfacet
facet normal -0.95937419 -0.28213686 -0.0000043
    outer loop
        vertex 151.48569 41.244232 45.660072
        vertex 151.48686 41.239933 65.62524
        vertex 149.69572 47.330624 57
    endloop
endfacet
facet normal -0.96814531 0.2503871 0.00096959
    outer loop
        vertex 151.48602 -41.242996 45.67603
        vertex 152.27678 -38.22018 54.64203
        vertex 152.28851 -38.17343 54.28603
    endloop
endfacet
facet normal -0.96763682 0.2523472 -0.00005773
    outer loop
        vertex 151.48602 -41.242996 45.67603
        vertex 152.30789 -38.09599 26.063759
        vertex 151.51688 -41.12952 24.55188
    endloop
endfacet
facet normal -0.96822172 -0.25009182 -0.00093447
    outer loop
        vertex 151.48686 41.239933 65.62524
        vertex 152.27637 38.22183 55.338573
        vertex 152.28685 38.179985 55.675674
    endloop
endfacet
facet normal -0.96909523 -0.24668448 0.00109583
    outer loop
        vertex 151.48686 41.239933 65.62524
        vertex 152.31686 38.06007 83.81018
        vertex 152.29254 38.157352 84.200035
    endloop
endfacet
facet normal -0.99128282 0.13175133 -0.0001373
    outer loop
        vertex 155.81818 -19.22746 77.5614
        vertex 155.37172 -22.55275 110
        vertex 155.86865 -18.813879 110
    endloop
endfacet
facet normal -0.99828804 0.05848857 0.00014217
    outer loop
        vertex 156.81549 -7.609314 94.00484
        vertex 156.8326 -7.2485023 65.67631
        vertex 156.61577 -10.977439 77.239525
    endloop
endfacet
facet normal -0.9822278 0.18768631 0.00155798
    outer loop
        vertex 154.70393 -26.752481 40.96494
        vertex 153.99489 -30.570839 53.93627
        vertex 154.0104 -30.49253 54.286083
    endloop
endfacet
facet normal -0.98733693 0.15863696 0.0004511
    outer loop
        vertex 154.70393 -26.752481 40.96494
        vertex 155.00385 -24.95608 65.655334
        vertex 155.31392 -22.9474 37.937634
    endloop
endfacet
facet normal -0.99416149 0.10790277 -0.00015056
    outer loop
        vertex 155.81818 -19.22746 42.894737
        vertex 156.27563 -15.064149 6
        vertex 155.86865 -18.813879 6
    endloop
endfacet
facet normal -0.98396778 0.17834377 -0.00102363
    outer loop
        vertex 154.70393 -26.752481 40.96494
        vertex 154.02287 -30.42951 55
        vertex 155.00385 -24.95608 65.655334
    endloop
endfacet
facet normal -0.99415648 -0.10790222 0.00315452
    outer loop
        vertex 156.48299 12.730896 95.53721
        vertex 156.27563 15.064149 110
        vertex 155.86865 18.813879 110
    endloop
endfacet
facet normal -0.990228 -0.1394565 0.00066413
    outer loop
        vertex 155.81749 19.23301 77.55886
        vertex 155.37172 22.55275 110
        vertex 155.00124 24.972332 65.67657
    endloop
endfacet
facet normal -0.98253006 -0.18610124 0.00109248
    outer loop
        vertex 154.7029 26.758446 40.98607
        vertex 154.01976 30.445253 54.642063
        vertex 154.0104 30.492546 54.286007
    endloop
endfacet
facet normal -0.98209518 -0.18837893 -0.00152952
    outer loop
        vertex 154.7029 26.758446 40.98607
        vertex 153.99184 30.586193 26.118887
        vertex 154.00797 30.50486 25.780006
    endloop
endfacet
facet normal -0.99128276 -0.13175131 -0.00016802
    outer loop
        vertex 155.31317 22.952518 37.945892
        vertex 155.37172 22.55275 6
        vertex 155.86865 18.813879 6
    endloop
endfacet
facet normal -0.99834007 -0.05759452 0.00015666
    outer loop
        vertex 156.8322 7.2568545 45.680126
        vertex 156.62929 10.7826605 48.82421
        vertex 156.59239 11.305726 6
    endloop
endfacet
facet normal -0.99946791 0.03259762 0.00117108
    outer loop
        vertex 156.832 -7.261306 45.600204
        vertex 156.94965 -3.9762728 54.56498
        vertex 156.95097 -3.923168 54.219757
    endloop
endfacet
facet normal -0.99954933 0.03000417 -0.00094558
    outer loop
        vertex 156.832 -7.261306 45.600204
        vertex 156.9517 -3.8938532 25.915384
        vertex 156.95001 -3.9617298 25.551987
    endloop
endfacet
facet normal -0.99946523 -0.03268187 -0.0009944
    outer loop
        vertex 156.83208 7.259309 65.66668
        vertex 156.94942 3.9848173 55.348175
        vertex 156.95056 3.9392896 55.69424
    endloop
endfacet
facet normal -0.99955595 -0.02977925 0.00104965
    outer loop
        vertex 156.83208 7.259309 65.66668
        vertex 156.95245 3.8637776 83.965004
        vertex 156.95056 3.9392993 84.30581
    endloop
endfacet
facet normal -0.99949372 -0.0317838 0.00149061
    outer loop
        vertex 156.8322 7.2568545 45.680126
        vertex 156.95245 3.8638031 53.9651
        vertex 156.95056 3.9392753 54.30567
    endloop
endfacet
facet normal -0.99646729 -0.08398156 -0.00016725
    outer loop
        vertex 156.62929 10.7826605 48.82421
        vertex 156.27563 15.064149 6
        vertex 156.59239 11.305726 6
    endloop
endfacet
facet normal -0.99951881 0.03097699 -0.00154743
    outer loop
        vertex 156.8326 -7.2485023 65.67631
        vertex 156.95302 -3.8403196 56.118893
        vertex 156.95097 -3.9232252 55.77996
    endloop
endfacet
facet normal -0.9983986 0.05656907 -0.0004789
    outer loop
        vertex 156.8326 -7.2485023 65.67631
        vertex 156.6681 -10.203035 59.60233
        vertex 156.61577 -10.977439 77.239525
    endloop
endfacet
facet normal -0.95238739 -0.30488861 0.00117355
    outer loop
        vertex 148.203 51.815754 6
        vertex 150.40038 45.04143 29.293365
        vertex 149.10309 49.16575 47.98668
    endloop
endfacet
facet normal -0.93146449 -0.36383206 0.00007906
    outer loop
        vertex 147.0275 55.06285 57.666668
        vertex 146.9155 55.36096 110
        vertex 145.54321 58.87421 110
    endloop
endfacet
facet normal -0.94128495 0.33761284 0.00019548
    outer loop
        vertex 147.02753 -55.062756 57.67605
        vertex 148.203 -51.815754 110
        vertex 148.52739 -50.878426 53.147087
    endloop
endfacet
facet normal -0.93146455 0.36383209 -0.00008018
    outer loop
        vertex 147.02753 -55.062756 57.67605
        vertex 146.9155 -55.36096 6
        vertex 145.54321 -58.87421 6
    endloop
endfacet
facet normal -0.94321227 -0.33219066 0.00012795
    outer loop
        vertex 147.0275 55.06285 57.666668
        vertex 146.9155 55.36096 6
        vertex 149.10309 49.16575 47.98668
    endloop
endfacet
facet normal -0.96743441 -0.25312185 0.00000243
    outer loop
        vertex 151.48569 41.244232 45.660072
        vertex 152.27286 38.23575 55
        vertex 151.48686 41.239933 65.62524
    endloop
endfacet
facet normal -0.95524657 0.2958107 0.00005093
    outer loop
        vertex 150.52068 -44.637703 6
        vertex 149.40495 -48.24065 6
        vertex 149.42285 -48.185177 19.507034
    endloop
endfacet
facet normal -0.93993461 0.34135455 -0.00006705
    outer loop
        vertex 147.02753 -55.062756 57.67605
        vertex 146.9155 -55.36096 110
        vertex 148.203 -51.815754 110
    endloop
endfacet
facet normal -0.98345411 -0.18113953 -0.00255293
    outer loop
        vertex 155.00124 24.972332 65.67657
        vertex 154.0018 30.535961 55.925243
        vertex 154.01433 30.47265 55.591446
    endloop
endfacet
facet normal -0.99003744 -0.14080437 0
    outer loop
        vertex 155.00124 24.972332 65.67657
        vertex 155.81749 19.23301 42.892193
        vertex 155.81749 19.23301 77.55886
    endloop
endfacet
facet normal -0.98740578 -0.15820864 -0.00015089
    outer loop
        vertex 154.78513 26.278605 6
        vertex 155.31317 22.952518 37.945892
        vertex 154.7029 26.758446 40.98607
    endloop
endfacet
facet normal -0.99939919 -0.03465866 0.0004172
    outer loop
        vertex 156.8322 7.2568545 45.680126
        vertex 156.94942 3.9848075 54.651695
        vertex 156.94904 4 55
    endloop
endfacet
facet normal -0.98407108 0.1777738 -0.00072131
    outer loop
        vertex 155.00385 -24.95608 65.655334
        vertex 154.02287 -30.42951 55
        vertex 154.02008 -30.443594 55.338535
    endloop
endfacet
facet normal -0.98321944 0.18241844 0.00177917
    outer loop
        vertex 155.00385 -24.95608 65.655334
        vertex 154.0072 -30.508764 84.20025
        vertex 154.01895 -30.449322 84.59859
    endloop
endfacet
facet normal -0.99432987 0.10633907 -0.0003291
    outer loop
        vertex 156.38455 -13.887789 57.028877
        vertex 156.27563 -15.064149 6
        vertex 155.81818 -19.22746 42.894737
    endloop
endfacet
facet normal -0.99023718 0.13939132 0.00066027
    outer loop
        vertex 155.00385 -24.95608 65.655334
        vertex 155.37172 -22.55275 110
        vertex 155.81818 -19.22746 77.5614
    endloop
endfacet
facet normal -0.97679347 -0.21418351 0.00000086
    outer loop
        vertex 153.3202 33.792236 28.959898
        vertex 153.38979 33.475002 51.100216
        vertex 153.32356 33.777016 51.042362
    endloop
endfacet
facet normal -0.97617245 -0.21699622 0
    outer loop
        vertex 153.3202 33.792236 28.959898
        vertex 153.1976 34.34378 51
        vertex 153.1976 34.34378 29
    endloop
endfacet
facet normal -0.9768213 -0.21405655 0.00000277
    outer loop
        vertex 153.40259 33.416294 28.885582
        vertex 153.38979 33.475002 51.100216
        vertex 153.3202 33.792236 28.959898
    endloop
endfacet
facet normal -0.97731978 -0.21176873 0.00000202
    outer loop
        vertex 153.47368 33.088207 28.787788
        vertex 153.4631 33.137222 51.195557
        vertex 153.40259 33.416294 28.885582
    endloop
endfacet
facet normal -0.97770244 -0.20999509 -0.00000204
    outer loop
        vertex 153.53377 32.808224 51.3218
        vertex 153.4631 33.137222 51.195557
        vertex 153.47368 33.088207 28.787788
    endloop
endfacet
facet normal -0.97813034 -0.20799284 -0.0000021
    outer loop
        vertex 153.601 32.492058 51.47743
        vertex 153.53377 32.808224 51.3218
        vertex 153.54184 32.770493 28.661469
    endloop
endfacet
facet normal -0.97818804 -0.20772167 0.00000136
    outer loop
        vertex 153.601 32.492058 51.47743
        vertex 153.54184 32.770493 28.661469
        vertex 153.60692 32.464027 28.507011
    endloop
endfacet
facet normal -0.97854644 -0.20602588 -0.0000008
    outer loop
        vertex 153.601 32.492058 51.47743
        vertex 153.60692 32.464027 28.507011
        vertex 153.66455 32.190205 51.66169
    endloop
endfacet
facet normal -0.9789592 -0.20405596 -0.00000064
    outer loop
        vertex 153.66455 32.190205 51.66169
        vertex 153.66835 32.17205 28.325994
        vertex 153.7238 31.905952 51.872623
    endloop
endfacet
facet normal -0.97897148 -0.203997 0.00000005
    outer loop
        vertex 153.66835 32.17205 28.325994
        vertex 153.72578 31.896427 28.119596
        vertex 153.7238 31.905952 51.872623
    endloop
endfacet
facet normal -0.97929817 -0.20242324 -0.00000061
    outer loop
        vertex 153.72578 31.896427 28.119596
        vertex 153.77853 31.64116 52.10881
        vertex 153.7238 31.905952 51.872623
    endloop
endfacet
facet normal -0.97965068 -0.20071055 -0.00000033
    outer loop
        vertex 153.7789 31.639412 27.889486
        vertex 153.82736 31.402874 27.63729
        vertex 153.77853 31.64116 52.10881
    endloop
endfacet
facet normal -0.9796381 -0.20077132 0.00000028
    outer loop
        vertex 153.82736 31.402874 27.63729
        vertex 153.82834 31.398144 52.368225
        vertex 153.77853 31.64116 52.10881
    endloop
endfacet
facet normal -0.979927 -0.19935644 0.00000056
    outer loop
        vertex 153.87091 31.188812 27.365145
        vertex 153.82834 31.398144 52.368225
        vertex 153.82736 31.402874 27.63729
    endloop
endfacet
facet normal -0.97994208 -0.19928265 -0.00000008
    outer loop
        vertex 153.87297 31.178673 52.64902
        vertex 153.82834 31.398144 52.368225
        vertex 153.87091 31.188812 27.365145
    endloop
endfacet
facet normal -0.98146027 -0.19164494 0.00282952
    outer loop
        vertex 153.94562 30.817942 53.264874
        vertex 153.91211 30.984875 52.948498
        vertex 154.7029 26.758446 40.98607
    endloop
endfacet
facet normal -0.98106837 -0.19363746 -0.00305782
    outer loop
        vertex 153.87091 31.188812 27.365145
        vertex 153.90935 30.998655 27.074837
        vertex 154.7029 26.758446 40.98607
    endloop
endfacet
facet normal -0.98221397 -0.18775843 0.00157413
    outer loop
        vertex 153.99489 30.570795 53.93643
        vertex 154.7029 26.758446 40.98607
        vertex 154.0104 30.492546 54.286007
    endloop
endfacet
facet normal -0.98317325 -0.18267514 -0.00012708
    outer loop
        vertex 154.02287 30.42951 25
        vertex 154.7029 26.758446 40.98607
        vertex 154.02269 30.430435 25.086857
    endloop
endfacet
facet normal -0.98341 -0.1813965 0.00017653
    outer loop
        vertex 154.78513 26.278605 6
        vertex 154.7029 26.758446 40.98607
        vertex 154.0227 30.430347 24.917435
    endloop
endfacet
facet normal -0.98339611 -0.18147165 0.00015877
    outer loop
        vertex 154.0227 30.430347 24.917435
        vertex 154.7029 26.758446 40.98607
        vertex 154.02287 30.42951 25
    endloop
endfacet
facet normal -0.9829877 -0.18366988 0.00069248
    outer loop
        vertex 154.01872 30.450418 24.58768
        vertex 154.78513 26.278605 6
        vertex 154.0227 30.430347 24.917435
    endloop
endfacet
facet normal -0.98279601 -0.18469337 -0.0006095
    outer loop
        vertex 154.7029 26.758446 40.98607
        vertex 154.01828 30.452753 25.434656
        vertex 154.02269 30.430435 25.086857
    endloop
endfacet
facet normal -0.98381084 -0.17920975 -0.00038694
    outer loop
        vertex 154.78513 26.278605 6
        vertex 154.0095 30.497108 24.26086
        vertex 154.10919 29.98929 6
    endloop
endfacet
facet normal -0.98095423 -0.19423871 0.0000466
    outer loop
        vertex 154.0095 30.497108 24.26086
        vertex 153.99503 30.570162 23.93879
        vertex 154.10919 29.98929 6
    endloop
endfacet
facet normal -0.9808175 -0.19492853 0.0000698
    outer loop
        vertex 153.99503 30.570162 23.93879
        vertex 153.97533 30.669168 23.623636
        vertex 154.10919 29.98929 6
    endloop
endfacet
facet normal -0.98069966 -0.19552021 0.00009352
    outer loop
        vertex 153.97533 30.669168 23.623636
        vertex 153.95059 30.793087 23.318521
        vertex 154.10919 29.98929 6
    endloop
endfacet
facet normal -0.98032504 -0.19739014 0.00019466
    outer loop
        vertex 154.10919 29.98929 6
        vertex 153.9208 30.94168 23.024097
        vertex 153.8862 31.113277 22.743702
    endloop
endfacet
facet normal -0.98733032 -0.15867761 0.00045134
    outer loop
        vertex 155.31317 22.952518 37.945892
        vertex 155.00124 24.972332 65.67657
        vertex 154.7029 26.758446 40.98607
    endloop
endfacet
facet normal -0.9798649 -0.19966166 0.00037049
    outer loop
        vertex 154.10919 29.98929 6
        vertex 153.84691 31.307056 22.478567
        vertex 153.80312 31.521515 22.230722
    endloop
endfacet
facet normal -0.97956437 -0.20113026 0.0005148
    outer loop
        vertex 154.10919 29.98929 6
        vertex 153.80312 31.521515 22.230722
        vertex 153.75499 31.755318 22.001722
    endloop
endfacet
facet normal -0.97928381 -0.2024916 0.00067125
    outer loop
        vertex 154.10919 29.98929 6
        vertex 153.75499 31.755318 22.001722
        vertex 153.70288 32.006634 21.793325
    endloop
endfacet
facet normal -0.9829551 -0.18384518 0.0004621
    outer loop
        vertex 154.7029 26.758446 40.98607
        vertex 154.02287 30.42951 55
        vertex 154.01976 30.445253 54.642063
    endloop
endfacet
facet normal -0.97922176 -0.20279105 0.00068477
    outer loop
        vertex 154.10919 29.98929 6
        vertex 153.64697 32.27392 21.606777
        vertex 153.34431 33.68267 6
    endloop
endfacet
facet normal -0.99071121 -0.13597703 -0.00124013
    outer loop
        vertex 155.81749 19.23301 42.892193
        vertex 155.00124 24.972332 65.67657
        vertex 155.31317 22.952518 37.945892
    endloop
endfacet
facet normal -0.97807348 -0.20826027 0.00020594
    outer loop
        vertex 153.58762 32.5553 21.443409
        vertex 153.52513 32.848618 21.30443
        vertex 153.34431 33.68267 6
    endloop
endfacet
facet normal -0.98119086 -0.19301173 0.00333023
    outer loop
        vertex 153.87297 31.178673 52.64902
        vertex 154.7029 26.758446 40.98607
        vertex 153.91211 30.984875 52.948498
    endloop
endfacet
facet normal -0.97675872 -0.21434154 -0.00000738
    outer loop
        vertex 153.34431 33.68267 6
        vertex 153.39226 33.463673 21.102882
        vertex 153.31369 33.82171 21.035913
    endloop
endfacet
facet normal -0.9761585 -0.21705912 0.00001897
    outer loop
        vertex 153.34431 33.68267 6
        vertex 153.31369 33.82171 21.035913
        vertex 153.1976 34.34378 21
    endloop
endfacet
facet normal -0.97406781 -0.22625512 0.0007376
    outer loop
        vertex 152.97998 35.30049 21.122202
        vertex 152.49094 37.356613 6
        vertex 153.34431 33.68267 6
    endloop
endfacet
facet normal -0.97532046 -0.22079411 0.00019178
    outer loop
        vertex 153.34431 33.68267 6
        vertex 153.1976 34.34378 21
        vertex 153.05232 34.985573 21.054495
    endloop
endfacet
facet normal -0.97411644 -0.22604549 0.00076767
    outer loop
        vertex 152.9083 35.609734 21.216658
        vertex 152.49094 37.356613 6
        vertex 152.97998 35.30049 21.122202
    endloop
endfacet
facet normal -0.97366357 -0.22798927 0.0005321
    outer loop
        vertex 152.8382 35.90938 21.336693
        vertex 152.49094 37.356613 6
        vertex 152.9083 35.609734 21.216658
    endloop
endfacet
facet normal -0.9732402 -0.22979033 0.00035256
    outer loop
        vertex 152.7699 36.19887 21.482073
        vertex 152.49094 37.356613 6
        vertex 152.8382 35.90938 21.336693
    endloop
endfacet
facet normal -0.9728145 -0.23158585 0.00021062
    outer loop
        vertex 152.70415 36.47522 21.651314
        vertex 152.49094 37.356613 6
        vertex 152.7699 36.19887 21.482073
    endloop
endfacet
facet normal -0.97203058 -0.23485433 0.00004623
    outer loop
        vertex 152.49094 37.356613 6
        vertex 152.64143 36.736843 21.84338
        vertex 152.58215 36.98224 22.05716
    endloop
endfacet
facet normal -0.97134966 -0.23765479 -0.00000198
    outer loop
        vertex 152.49094 37.356613 6
        vertex 152.5269 37.20948 22.290998
        vertex 152.4761 37.417095 22.543346
    endloop
endfacet
facet normal -0.96835053 -0.2495939 0.00033344
    outer loop
        vertex 152.35457 37.908916 23.393473
        vertex 151.54953 41.00899 6
        vertex 152.49094 37.356613 6
    endloop
endfacet
facet normal -0.96955091 -0.24488693 0.00122793
    outer loop
        vertex 151.54953 41.00899 6
        vertex 152.35457 37.908916 23.393473
        vertex 152.32547 38.02567 23.701868
    endloop
endfacet
facet normal -0.96207666 -0.27277911 -0.00034396
    outer loop
        vertex 151.68404 40.508686 26.547203
        vertex 150.52068 44.637703 6
        vertex 151.54953 41.00899 6
    endloop
endfacet
facet normal -0.96761614 -0.25241843 0.00202674
    outer loop
        vertex 151.68404 40.508686 26.547203
        vertex 152.30263 38.117085 24.018446
        vertex 152.28613 38.182915 24.342182
    endloop
endfacet
facet normal -0.96220058 -0.27234164 -0.00024904
    outer loop
        vertex 150.52068 44.637703 6
        vertex 151.68404 40.508686 26.547203
        vertex 150.40038 45.04143 29.293365
    endloop
endfacet
facet normal -0.95524657 -0.29581067 0.00019365
    outer loop
        vertex 149.40495 48.24065 6
        vertex 150.52068 44.637703 6
        vertex 150.40038 45.04143 29.293365
    endloop
endfacet
facet normal -0.96207941 -0.27276906 0.0005131
    outer loop
        vertex 151.68404 40.508686 26.547203
        vertex 151.48569 41.244232 45.660072
        vertex 150.40038 45.04143 29.293365
    endloop
endfacet
facet normal -0.96876132 -0.2479876 0.0019087
    outer loop
        vertex 152.30789 38.095997 53.936245
        vertex 151.48569 41.244232 45.660072
        vertex 152.33476 37.9884 53.59492
    endloop
endfacet
facet normal -0.96823668 -0.2500298 -0.00165359
    outer loop
        vertex 151.68404 40.508686 26.547203
        vertex 152.28764 38.17687 25.694141
        vertex 152.30595 38.10371 26.034492
    endloop
endfacet
facet normal -0.96902651 -0.24694566 0.0023646
    outer loop
        vertex 152.33476 37.9884 53.59492
        vertex 151.48569 41.244232 45.660072
        vertex 152.36887 37.851414 53.264652
    endloop
endfacet
facet normal -0.96828985 -0.2498052 -0.00348607
    outer loop
        vertex 151.68404 40.508686 26.547203
        vertex 152.33142 38.001812 26.367691
        vertex 152.36366 37.87234 26.689842
    endloop
endfacet
facet normal -0.96931779 -0.24579346 0.00291243
    outer loop
        vertex 151.48569 41.244232 45.660072
        vertex 152.40977 37.68634 52.948654
        vertex 152.36887 37.851414 53.264652
    endloop
endfacet
facet normal -0.9698531 -0.24368535 -0.0015723
    outer loop
        vertex 152.36366 37.87234 26.689842
        vertex 152.40251 37.715725 26.999815
        vertex 151.48569 41.244232 45.660072
    endloop
endfacet
facet normal -0.96961004 -0.24463028 0.00351734
    outer loop
        vertex 152.45714 37.494305 52.649044
        vertex 152.40977 37.68634 52.948654
        vertex 151.48569 41.244232 45.660072
    endloop
endfacet
facet normal -0.97017425 -0.24240154 -0.00183083
    outer loop
        vertex 152.44742 37.53377 27.293974
        vertex 151.48569 41.244232 45.660072
        vertex 152.40251 37.715725 26.999815
    endloop
endfacet
facet normal -0.9705013 -0.24108662 -0.00211361
    outer loop
        vertex 152.49811 37.32729 27.571043
        vertex 151.48569 41.244232 45.660072
        vertex 152.44742 37.53377 27.293974
    endloop
endfacet
facet normal -0.96807951 -0.25064296 0.00023433
    outer loop
        vertex 151.68404 40.508686 26.547203
        vertex 151.54953 41.00899 6
        vertex 152.30263 38.117085 24.018446
    endloop
endfacet
facet normal -0.97124654 -0.238076 -0.00000118
    outer loop
        vertex 152.51042 37.27693 52.368416
        vertex 152.45714 37.494305 52.649044
        vertex 152.49811 37.32729 27.571043
    endloop
endfacet
facet normal -0.9681741 -0.25027618 -0.00093596
    outer loop
        vertex 152.27657 38.221016 25.348242
        vertex 152.28764 38.17687 25.694141
        vertex 151.68404 40.508686 26.547203
    endloop
endfacet
facet normal -0.97151172 -0.23699145 0.00000116
    outer loop
        vertex 152.51042 37.27693 52.368416
        vertex 152.49811 37.32729 27.571043
        vertex 152.55399 37.09823 27.82833
    endloop
endfacet
facet normal -0.97187018 -0.23551719 0.0000016
    outer loop
        vertex 152.56915 37.035805 52.10886
        vertex 152.55399 37.09823 27.82833
        vertex 152.61462 36.848003 28.064219
    endloop
endfacet
facet normal -0.97076714 -0.2400233 0.00001972
    outer loop
        vertex 152.38956 37.768044 23.096577
        vertex 152.49094 37.356613 6
        vertex 152.4302 37.603615 22.812344
    endloop
endfacet
facet normal -0.97227138 -0.23385513 0.00000189
    outer loop
        vertex 152.63272 36.772957 51.87264
        vertex 152.61462 36.848003 28.064219
        vertex 152.67937 36.57883 28.276623
    endloop
endfacet
facet normal -0.97103083 -0.23895405 0.00000306
    outer loop
        vertex 152.4302 37.603615 22.812344
        vertex 152.49094 37.356613 6
        vertex 152.4761 37.417095 22.543346
    endloop
endfacet
facet normal -0.97238815 -0.23336931 -0.00000233
    outer loop
        vertex 152.63272 36.772957 51.87264
        vertex 152.67937 36.57883 28.276623
        vertex 152.7005 36.49054 51.66165
    endloop
endfacet
facet normal -0.97168732 -0.23627011 0.00001127
    outer loop
        vertex 152.5269 37.20948 22.290998
        vertex 152.49094 37.356613 6
        vertex 152.58215 36.98224 22.05716
    endloop
endfacet
facet normal -0.97618216 -0.21695282 -0.00000114
    outer loop
        vertex 153.3202 33.792236 28.959898
        vertex 153.32356 33.777016 51.042362
        vertex 153.1976 34.34378 51
    endloop
endfacet
facet normal -0.97550386 -0.21998233 0
    outer loop
        vertex 153.1976 34.34378 29
        vertex 153.1976 34.34378 51
        vertex 153.11151 34.725544 28.980812
    endloop
endfacet
facet normal -0.97674614 -0.21439897 -0.00000076
    outer loop
        vertex 153.31693 33.80707 58.962036
        vertex 153.38737 33.486042 81.09766
        vertex 153.31073 33.835217 81.03407
    endloop
endfacet
facet normal -0.97616583 -0.21702616 0.00000275
    outer loop
        vertex 153.31693 33.80707 58.962036
        vertex 153.31073 33.835217 81.03407
        vertex 153.1976 34.34378 59
    endloop
endfacet
facet normal -0.97679466 -0.21417783 0.0000026
    outer loop
        vertex 153.3972 33.440956 58.89167
        vertex 153.38737 33.486042 81.09766
        vertex 153.31693 33.80707 58.962036
    endloop
endfacet
facet normal -0.97727501 -0.21197529 -0.00000035
    outer loop
        vertex 153.4666 33.121014 58.799015
        vertex 153.46954 33.1074 81.2056
        vertex 153.3972 33.440956 58.89167
    endloop
endfacet
facet normal -0.97770536 -0.20998153 0.00000091
    outer loop
        vertex 153.53326 32.810608 58.679234
        vertex 153.46954 33.1074 81.2056
        vertex 153.4666 33.121014 58.799015
    endloop
endfacet
facet normal -0.97811544 -0.20806302 0.00000208
    outer loop
        vertex 153.59705 32.510765 58.532795
        vertex 153.54828 32.74025 81.352295
        vertex 153.53326 32.810608 58.679234
    endloop
endfacet
facet normal -0.97823864 -0.20748276 -0.00000402
    outer loop
        vertex 153.6226 32.389816 81.535675
        vertex 153.54828 32.74025 81.352295
        vertex 153.59705 32.510765 58.532795
    endloop
endfacet
facet normal -0.97852284 -0.20613845 0.00000336
    outer loop
        vertex 153.6226 32.389816 81.535675
        vertex 153.59705 32.510765 58.532795
        vertex 153.65742 32.224148 58.360947
    endloop
endfacet
facet normal -0.97888851 -0.20439477 0.00000226
    outer loop
        vertex 153.69205 32.058594 81.75443
        vertex 153.65742 32.224148 58.360947
        vertex 153.7141 31.952736 58.164886
    endloop
endfacet
facet normal -0.97912514 -0.20325857 -0.00000306
    outer loop
        vertex 153.69205 32.058594 81.75443
        vertex 153.7141 31.952736 58.164886
        vertex 153.75597 31.750683 82.00591
    endloop
endfacet
facet normal -0.97923583 -0.20272449 0.00000166
    outer loop
        vertex 153.7141 31.952736 58.164886
        vertex 153.76675 31.698376 57.94593
        vertex 153.75597 31.750683 82.00591
    endloop
endfacet
facet normal -0.97952151 -0.20133968 -0.00000148
    outer loop
        vertex 153.76675 31.698376 57.94593
        vertex 153.81389 31.468887 82.28782
        vertex 153.75597 31.750683 82.00591
    endloop
endfacet
facet normal -0.97985667 -0.19970222 -0.00000001
    outer loop
        vertex 153.81506 31.463123 57.7058
        vertex 153.85878 31.248625 57.4462
        vertex 153.81389 31.468887 82.28782
    endloop
endfacet
facet normal -0.97987777 -0.19959866 -0.00000096
    outer loop
        vertex 153.85878 31.248625 57.4462
        vertex 153.86537 31.216143 82.59728
        vertex 153.81389 31.468887 82.28782
    endloop
endfacet
facet normal -0.98010677 -0.19847094 0.00000055
    outer loop
        vertex 153.8977 31.0564 57.16894
        vertex 153.86537 31.216143 82.59728
        vertex 153.85878 31.248625 57.4462
    endloop
endfacet
facet normal -0.98017675 -0.19812512 -0.00000171
    outer loop
        vertex 153.86537 31.216143 82.59728
        vertex 153.8977 31.0564 57.16894
        vertex 153.91002 30.995258 82.93087
    endloop
endfacet
facet normal -0.98300338 -0.18357533 0.00211334
    outer loop
        vertex 154.0003 30.54352 84.042915
        vertex 155.00124 24.972332 65.67657
        vertex 154.01518 30.468407 84.43826
    endloop
endfacet
facet normal -0.98386019 -0.1789339 -0.0013102
    outer loop
        vertex 155.00124 24.972332 65.67657
        vertex 154.01433 30.47265 55.591446
        vertex 154.02269 30.430386 55.084476
    endloop
endfacet
facet normal -0.98355067 -0.18062878 0.00122141
    outer loop
        vertex 154.01518 30.468407 84.43826
        vertex 155.00124 24.972332 65.67657
        vertex 154.02225 30.432653 84.83988
    endloop
endfacet
facet normal -0.98259777 -0.18574226 0.00117371
    outer loop
        vertex 154.78513 26.278605 6
        vertex 154.01872 30.450418 24.58768
        vertex 154.0095 30.497108 24.26086
    endloop
endfacet
facet normal -0.98238289 -0.18687595 -0.00114596
    outer loop
        vertex 154.7029 26.758446 40.98607
        vertex 154.00797 30.50486 25.780006
        vertex 154.01828 30.452753 25.434656
    endloop
endfacet
facet normal -0.98054618 -0.19628848 0.00013059
    outer loop
        vertex 153.95059 30.793087 23.318521
        vertex 153.9208 30.94168 23.024097
        vertex 154.10919 29.98929 6
    endloop
endfacet
facet normal -0.98012632 -0.19837388 0.00026335
    outer loop
        vertex 153.8862 31.113277 22.743702
        vertex 153.84691 31.307056 22.478567
        vertex 154.10919 29.98929 6
    endloop
endfacet
facet normal -0.97894037 -0.20414419 0.00089118
    outer loop
        vertex 153.70288 32.006634 21.793325
        vertex 153.64697 32.27392 21.606777
        vertex 154.10919 29.98929 6
    endloop
endfacet
facet normal -0.97850955 -0.20620175 0.00036309
    outer loop
        vertex 153.58762 32.5553 21.443409
        vertex 153.34431 33.68267 6
        vertex 153.64697 32.27392 21.606777
    endloop
endfacet
facet normal -0.9772374 -0.21214896 0.00002593
    outer loop
        vertex 153.39226 33.463673 21.102882
        vertex 153.34431 33.68267 6
        vertex 153.45978 33.15266 21.19047
    endloop
endfacet
facet normal -0.97767729 -0.21011214 0.00010034
    outer loop
        vertex 153.34431 33.68267 6
        vertex 153.52513 32.848618 21.30443
        vertex 153.45978 33.15266 21.19047
    endloop
endfacet
facet normal -0.9818359 -0.1897226 -0.00188781
    outer loop
        vertex 153.96994 30.69622 26.449411
        vertex 153.99184 30.586193 26.118887
        vertex 154.7029 26.758446 40.98607
    endloop
endfacet
facet normal -0.98420495 -0.17703252 -0.00029862
    outer loop
        vertex 154.02269 30.430386 55.084476
        vertex 154.02287 30.42951 55
        vertex 155.00124 24.972332 65.67657
    endloop
endfacet
facet normal -0.98196197 -0.18906815 0.00197344
    outer loop
        vertex 154.7029 26.758446 40.98607
        vertex 153.99489 30.570795 53.93643
        vertex 153.97324 30.679684 53.594734
    endloop
endfacet
facet normal -0.98159629 -0.19095492 -0.00223376
    outer loop
        vertex 154.7029 26.758446 40.98607
        vertex 153.9424 30.834063 26.768866
        vertex 153.96994 30.69622 26.449411
    endloop
endfacet
facet normal -0.99441969 -0.10549621 0
    outer loop
        vertex 155.81749 19.23301 42.892193
        vertex 156.38452 13.888101 57
        vertex 155.81749 19.23301 77.55886
    endloop
endfacet
facet normal -0.9745928 -0.22398348 0.00048192
    outer loop
        vertex 152.97998 35.30049 21.122202
        vertex 153.34431 33.68267 6
        vertex 153.05232 34.985573 21.054495
    endloop
endfacet
facet normal -0.98282361 -0.18454733 0.00000606
    outer loop
        vertex 153.87297 31.178673 52.64902
        vertex 153.87091 31.188812 27.365145
        vertex 154.7029 26.758446 40.98607
    endloop
endfacet
facet normal -0.9803713 -0.19716015 0.00000067
    outer loop
        vertex 153.8977 31.0564 57.16894
        vertex 153.93161 30.887808 56.87592
        vertex 153.91002 30.995258 82.93087
    endloop
endfacet
facet normal -0.97049016 -0.24114086 0.00004825
    outer loop
        vertex 152.49094 37.356613 6
        vertex 152.38956 37.768044 23.096577
        vertex 152.35457 37.908916 23.393473
    endloop
endfacet
facet normal -0.97775233 -0.20976277 0.00000098
    outer loop
        vertex 153.54184 32.770493 28.661469
        vertex 153.53377 32.808224 51.3218
        vertex 153.47368 33.088207 28.787788
    endloop
endfacet
facet normal -0.96785182 -0.25151914 0.00101396
    outer loop
        vertex 152.28613 38.182915 24.342182
        vertex 152.27618 38.22252 24.66992
        vertex 151.68404 40.508686 26.547203
    endloop
endfacet
facet normal -0.97515881 -0.22150682 -0.00002778
    outer loop
        vertex 153.1976 34.34378 51
        vertex 153.00061 35.211 51.100113
        vertex 153.11151 34.725544 28.980812
    endloop
endfacet
facet normal -0.97477657 -0.22318266 0.00001092
    outer loop
        vertex 153.00061 35.211 51.100113
        vertex 152.96785 35.352997 28.86377
        vertex 153.11151 34.725544 28.980812
    endloop
endfacet
facet normal -0.97427887 -0.22534569 -0.00000363
    outer loop
        vertex 152.92252 35.548637 51.1957
        vertex 152.96785 35.352997 28.86377
        vertex 153.00061 35.211 51.100113
    endloop
endfacet
facet normal -0.97378391 -0.22747496 -0.00000373
    outer loop
        vertex 152.84613 35.87563 51.32169
        vertex 152.89262 35.676968 28.758942
        vertex 152.92252 35.548637 51.1957
    endloop
endfacet
facet normal -0.97360748 -0.22822887 0.00000328
    outer loop
        vertex 152.81897 35.99117 28.625305
        vertex 152.89262 35.676968 28.758942
        vertex 152.84613 35.87563 51.32169
    endloop
endfacet
facet normal -0.97330308 -0.22952358 -0.00000368
    outer loop
        vertex 152.81897 35.99117 28.625305
        vertex 152.84613 35.87563 51.32169
        vertex 152.77182 36.190742 51.47756
    endloop
endfacet
facet normal -0.97314966 -0.23017333 0.00000231
    outer loop
        vertex 152.81897 35.99117 28.625305
        vertex 152.77182 36.190742 51.47756
        vertex 152.74776 36.292248 28.464289
    endloop
endfacet
facet normal -0.97243208 -0.23318592 0.00011531
    outer loop
        vertex 152.70415 36.47522 21.651314
        vertex 152.64143 36.736843 21.84338
        vertex 152.49094 37.356613 6
    endloop
endfacet
facet normal -0.97285104 -0.23143214 -0.00000355
    outer loop
        vertex 152.7005 36.49054 51.66165
        vertex 152.74776 36.292248 28.464289
        vertex 152.77182 36.190742 51.47756
    endloop
endfacet
facet normal -0.9726873 -0.23211946 0.00000266
    outer loop
        vertex 152.74776 36.292248 28.464289
        vertex 152.7005 36.49054 51.66165
        vertex 152.67937 36.57883 28.276623
    endloop
endfacet
facet normal -0.96930599 -0.24585524 0.001054
    outer loop
        vertex 152.30263 38.117085 24.018446
        vertex 151.54953 41.00899 6
        vertex 152.32547 38.02567 23.701868
    endloop
endfacet
facet normal -0.9682743 -0.24987821 -0.00241043
    outer loop
        vertex 151.68404 40.508686 26.547203
        vertex 152.30595 38.10371 26.034492
        vertex 152.33142 38.001812 26.367691
    endloop
endfacet
facet normal -0.96814388 -0.25039268 0.00096765
    outer loop
        vertex 152.28851 38.17344 54.28608
        vertex 152.27678 38.220184 54.642067
        vertex 151.48569 41.244232 45.660072
    endloop
endfacet
facet normal -0.96770501 -0.252085 0.00035922
    outer loop
        vertex 152.27678 38.220184 54.642067
        vertex 152.27286 38.23575 55
        vertex 151.48569 41.244232 45.660072
    endloop
endfacet
facet normal -0.96201301 -0.2730037 -0.00005948
    outer loop
        vertex 151.52942 41.083294 96.27021
        vertex 150.51096 44.6705 103.89787
        vertex 151.48686 41.239933 65.62524
    endloop
endfacet
facet normal -0.96772194 -0.25202024 -0.00033032
    outer loop
        vertex 152.27286 38.23575 55
        vertex 152.27637 38.22183 55.338573
        vertex 151.48686 41.239933 65.62524
    endloop
endfacet
facet normal -0.96868426 -0.24829432 0.00081089
    outer loop
        vertex 151.48686 41.239933 65.62524
        vertex 152.29254 38.157352 84.200035
        vertex 152.2778 38.21616 84.59851
    endloop
endfacet
facet normal -0.955293 -0.29566097 -0.00016439
    outer loop
        vertex 149.69572 47.330624 57
        vertex 150.51096 44.6705 103.89787
        vertex 149.40495 48.24065 110
    endloop
endfacet
facet normal -0.96851778 -0.24894091 -0.00131223
    outer loop
        vertex 152.28685 38.179985 55.675674
        vertex 152.30421 38.11068 56.007267
        vertex 151.48686 41.239933 65.62524
    endloop
endfacet
facet normal -0.96939951 -0.24548484 0.00131951
    outer loop
        vertex 152.35048 37.925297 83.432526
        vertex 152.31686 38.06007 83.81018
        vertex 151.48686 41.239933 65.62524
    endloop
endfacet
facet normal -0.96971548 -0.24423268 0.00156791
    outer loop
        vertex 152.39296 37.754307 83.070656
        vertex 152.35048 37.925297 83.432526
        vertex 151.48686 41.239933 65.62524
    endloop
endfacet
facet normal -0.96906888 -0.24678178 -0.00208626
    outer loop
        vertex 152.35893 37.891365 56.64713
        vertex 151.48686 41.239933 65.62524
        vertex 152.32835 38.014103 56.33236
    endloop
endfacet
facet normal -0.97008079 -0.24277484 0.00187816
    outer loop
        vertex 152.39296 37.754307 83.070656
        vertex 151.48686 41.239933 65.62524
        vertex 152.44377 37.548622 82.72801
    endloop
endfacet
facet normal -0.96933866 -0.24571551 -0.00251013
    outer loop
        vertex 151.48686 41.239933 65.62524
        vertex 152.35893 37.891365 56.64713
        vertex 152.39581 37.74277 56.950764
    endloop
endfacet
facet normal -0.97046667 -0.24122472 0.00223432
    outer loop
        vertex 152.44377 37.548622 82.72801
        vertex 151.48686 41.239933 65.62524
        vertex 152.5022 37.31061 82.40863
    endloop
endfacet
facet normal -0.96816427 -0.25031587 -0.00003338
    outer loop
        vertex 152.5022 37.31061 82.40863
        vertex 151.48686 41.239933 65.62524
        vertex 152.4867 37.373894 57.512764
    endloop
endfacet
facet normal -0.97143751 -0.23729567 0.00000175
    outer loop
        vertex 152.5022 37.31061 82.40863
        vertex 152.4867 37.373894 57.512764
        vertex 152.53992 37.156013 57.767582
    endloop
endfacet
facet normal -0.9715634 -0.23677953 -0.00000168
    outer loop
        vertex 152.5022 37.31061 82.40863
        vertex 152.53992 37.156013 57.767582
        vertex 152.56758 37.042328 82.11531
    endloop
endfacet
facet normal -0.97177732 -0.23590024 0.00000267
    outer loop
        vertex 152.53992 37.156013 57.767582
        vertex 152.59778 36.91766 58.00264
        vertex 152.56758 37.042328 82.11531
    endloop
endfacet
facet normal -0.94786501 -0.31867227 0.00027147
    outer loop
        vertex 149.69572 47.330624 57
        vertex 149.40495 48.24065 110
        vertex 148.203 51.815754 110
    endloop
endfacet
facet normal -0.97214878 -0.23436461 0.00000267
    outer loop
        vertex 152.59778 36.91766 58.00264
        vertex 152.6597 36.660816 58.215946
        vertex 152.63907 36.74666 81.85126
    endloop
endfacet
facet normal -0.97159523 -0.23664895 -0.00000149
    outer loop
        vertex 152.51042 37.27693 52.368416
        vertex 152.55399 37.09823 27.82833
        vertex 152.56915 37.035805 52.10886
    endloop
endfacet
facet normal -0.97533315 -0.22073811 0
    outer loop
        vertex 153.1976 34.34378 59
        vertex 153.1976 34.34378 81
        vertex 153.05605 34.969246 81.051735
    endloop
endfacet
facet normal -0.96808362 -0.25062713 0.00008758
    outer loop
        vertex 151.48569 41.244232 45.660072
        vertex 152.49811 37.32729 27.571043
        vertex 152.45714 37.494305 52.649044
    endloop
endfacet
facet normal -0.97679985 -0.21415477 0.00000327
    outer loop
        vertex 153.32367 33.776516 88.957565
        vertex 153.38968 33.475433 88.89988
        vertex 153.34431 33.68267 110
    endloop
endfacet
facet normal -0.97618383 -0.21694505 -0.00000978
    outer loop
        vertex 153.32367 33.776516 88.957565
        vertex 153.34431 33.68267 110
        vertex 153.1976 34.34378 89
    endloop
endfacet
facet normal -0.97723579 -0.21215576 -0.0000173
    outer loop
        vertex 153.38968 33.475433 88.89988
        vertex 153.4632 33.136806 88.8043
        vertex 153.34431 33.68267 110
    endloop
endfacet
facet normal -0.97770339 -0.20999081 -0.00007568
    outer loop
        vertex 153.4632 33.136806 88.8043
        vertex 153.53372 32.808487 88.67831
        vertex 153.34431 33.68267 110
    endloop
endfacet
facet normal -0.97815853 -0.2078601 -0.00016708
    outer loop
        vertex 153.53372 32.808487 88.67831
        vertex 153.60104 32.491806 88.52243
        vertex 153.34431 33.68267 110
    endloop
endfacet
facet normal -0.97857648 -0.20588323 -0.00028169
    outer loop
        vertex 153.60104 32.491806 88.52243
        vertex 153.66454 32.190277 88.33836
        vertex 153.34431 33.68267 110
    endloop
endfacet
facet normal -0.97922188 -0.20279109 -0.00050427
    outer loop
        vertex 153.66454 32.190277 88.33836
        vertex 154.10919 29.98929 110
        vertex 153.34431 33.68267 110
    endloop
endfacet
facet normal -0.97904593 -0.20363876 -0.00059401
    outer loop
        vertex 153.7238 31.90596 88.12738
        vertex 154.10919 29.98929 110
        vertex 153.66454 32.190277 88.33836
    endloop
endfacet
facet normal -0.97937995 -0.20202646 -0.00044684
    outer loop
        vertex 153.77853 31.641148 87.891174
        vertex 154.10919 29.98929 110
        vertex 153.7238 31.90596 88.12738
    endloop
endfacet
facet normal -0.97970992 -0.20042068 -0.00032193
    outer loop
        vertex 153.82835 31.398031 87.631645
        vertex 154.10919 29.98929 110
        vertex 153.77853 31.641148 87.891174
    endloop
endfacet
facet normal -0.97998685 -0.19906238 -0.00023291
    outer loop
        vertex 153.87297 31.17871 87.35102
        vertex 154.10919 29.98929 110
        vertex 153.82835 31.398031 87.631645
    endloop
endfacet
facet normal -0.98027521 -0.19763725 -0.00015506
    outer loop
        vertex 153.91212 30.984743 87.05127
        vertex 154.10919 29.98929 110
        vertex 153.87297 31.17871 87.35102
    endloop
endfacet
facet normal -0.98046851 -0.19667618 -0.00011171
    outer loop
        vertex 153.9456 30.81803 86.73531
        vertex 154.10919 29.98929 110
        vertex 153.91212 30.984743 87.05127
    endloop
endfacet
facet normal -0.9806636 -0.19570102 -0.0000756
    outer loop
        vertex 153.97325 30.679607 86.40507
        vertex 154.10919 29.98929 110
        vertex 153.9456 30.81803 86.73531
    endloop
endfacet
facet normal -0.982077 -0.18847536 -0.00137475
    outer loop
        vertex 154.0104 30.49253 85.71391
        vertex 154.78513 26.278605 110
        vertex 153.99489 30.570839 86.06373
    endloop
endfacet
facet normal -0.98081422 -0.19494517 -0.00005262
    outer loop
        vertex 154.10919 29.98929 110
        vertex 153.97325 30.679607 86.40507
        vertex 153.99489 30.570839 86.06373
    endloop
endfacet
facet normal -0.98783231 -0.15552302 -0.00023295
    outer loop
        vertex 155.00124 24.972332 65.67657
        vertex 155.37172 22.55275 110
        vertex 154.78513 26.278605 110
    endloop
endfacet
facet normal -0.98303282 -0.18342936 -0.00048314
    outer loop
        vertex 154.02287 30.42951 85
        vertex 154.78513 26.278605 110
        vertex 154.01976 30.44525 85.35787
    endloop
endfacet
facet normal -0.98395914 -0.17839089 -0.00101546
    outer loop
        vertex 155.00124 24.972332 65.67657
        vertex 154.02287 30.42951 55
        vertex 154.7029 26.758446 40.98607
    endloop
endfacet
facet normal -0.99128282 -0.13175133 -0.00013884
    outer loop
        vertex 155.86865 18.813879 110
        vertex 155.37172 22.55275 110
        vertex 155.81749 19.23301 77.55886
    endloop
endfacet
facet normal -0.98135018 -0.19221084 -0.0026069
    outer loop
        vertex 153.9424 30.834063 26.768866
        vertex 154.7029 26.758446 40.98607
        vertex 153.90935 30.998655 27.074837
    endloop
endfacet
facet normal -0.97857463 -0.20589241 0.00000085
    outer loop
        vertex 153.60692 32.464027 28.507011
        vertex 153.66835 32.17205 28.325994
        vertex 153.66455 32.190205 51.66169
    endloop
endfacet
facet normal -0.97930557 -0.20238723 -0.00000021
    outer loop
        vertex 153.77853 31.64116 52.10881
        vertex 153.72578 31.896427 28.119596
        vertex 153.7789 31.639412 27.889486
    endloop
endfacet
facet normal -0.98408639 -0.17769018 0.00035673
    outer loop
        vertex 154.02287 30.42951 85
        vertex 154.02225 30.432653 84.83988
        vertex 155.00124 24.972332 65.67657
    endloop
endfacet
facet normal -0.9831512 -0.18276043 -0.0035088
    outer loop
        vertex 155.00124 24.972332 65.67657
        vertex 153.9838 30.626556 56.251503
        vertex 154.0018 30.535961 55.925243
    endloop
endfacet
facet normal -0.98290443 -0.18406582 -0.00431832
    outer loop
        vertex 155.00124 24.972332 65.67657
        vertex 153.96034 30.744328 56.569717
        vertex 153.9838 30.626556 56.251503
    endloop
endfacet
facet normal -0.97724336 -0.21212104 -0.00000259
    outer loop
        vertex 153.4631 33.137222 51.195557
        vertex 153.38979 33.475002 51.100216
        vertex 153.40259 33.416294 28.885582
    endloop
endfacet
facet normal -0.98414242 -0.17738017 0.00006039
    outer loop
        vertex 153.9777 30.657207 83.65737
        vertex 153.96034 30.744328 56.569717
        vertex 155.00124 24.972332 65.67657
    endloop
endfacet
facet normal -0.98170662 -0.19038489 0.00239783
    outer loop
        vertex 154.7029 26.758446 40.98607
        vertex 153.97324 30.679684 53.594734
        vertex 153.94562 30.817942 53.264874
    endloop
endfacet
facet normal -0.98065597 -0.19573925 -0.00000089
    outer loop
        vertex 153.94759 30.808115 83.285835
        vertex 153.96034 30.744328 56.569717
        vertex 153.9777 30.657207 83.65737
    endloop
endfacet
facet normal -0.98053277 -0.19635557 0.00000064
    outer loop
        vertex 153.93161 30.887808 56.87592
        vertex 153.96034 30.744328 56.569717
        vertex 153.94759 30.808115 83.285835
    endloop
endfacet
facet normal -0.98044056 -0.1968151 -0.00000081
    outer loop
        vertex 153.93161 30.887808 56.87592
        vertex 153.94759 30.808115 83.285835
        vertex 153.91002 30.995258 82.93087
    endloop
endfacet
facet normal -0.97408539 -0.22618076 0.00000408
    outer loop
        vertex 152.92252 35.548637 51.1957
        vertex 152.89262 35.676968 28.758942
        vertex 152.96785 35.352997 28.86377
    endloop
endfacet
facet normal -0.9795596 -0.20115396 0.00000035
    outer loop
        vertex 153.76675 31.698376 57.94593
        vertex 153.81506 31.463123 57.7058
        vertex 153.81389 31.468887 82.28782
    endloop
endfacet
facet normal -0.97872072 -0.20519698 -0.00000366
    outer loop
        vertex 153.69205 32.058594 81.75443
        vertex 153.6226 32.389816 81.535675
        vertex 153.65742 32.224148 58.360947
    endloop
endfacet
facet normal -0.97776914 -0.20968431 -0.00000318
    outer loop
        vertex 153.53326 32.810608 58.679234
        vertex 153.54828 32.74025 81.352295
        vertex 153.46954 33.1074 81.2056
    endloop
endfacet
facet normal -0.9761405 -0.21713977 0
    outer loop
        vertex 153.31073 33.835217 81.03407
        vertex 153.1976 34.34378 81
        vertex 153.1976 34.34378 59
    endloop
endfacet
facet normal -0.98244029 -0.18657446 -0.00103337
    outer loop
        vertex 154.78513 26.278605 110
        vertex 154.0104 30.49253 85.71391
        vertex 154.01976 30.44525 85.35787
    endloop
endfacet
facet normal -0.96833545 -0.24965224 -0.00044146
    outer loop
        vertex 151.48569 41.244232 45.660072
        vertex 151.68404 40.508686 26.547203
        vertex 152.36366 37.87234 26.689842
    endloop
endfacet
facet normal -0.97459787 -0.22396228 -0.00000527
    outer loop
        vertex 153.05605 34.969246 81.051735
        vertex 152.96796 35.352573 81.136116
        vertex 153.0111 35.165382 58.910267
    endloop
endfacet
facet normal -0.97436786 -0.22496046 0.00000358
    outer loop
        vertex 152.96796 35.352573 81.136116
        vertex 152.93726 35.48519 58.82484
        vertex 153.0111 35.165382 58.910267
    endloop
endfacet
facet normal -0.97404653 -0.22634779 -0.0000051
    outer loop
        vertex 152.88112 35.72626 81.259865
        vertex 152.93726 35.48519 58.82484
        vertex 152.96796 35.352573 81.136116
    endloop
endfacet
facet normal -0.97388095 -0.22705938 0.00000296
    outer loop
        vertex 152.86444 35.7975 58.71157
        vertex 152.93726 35.48519 58.82484
        vertex 152.88112 35.72626 81.259865
    endloop
endfacet
facet normal -0.97348428 -0.22875443 -0.00000269
    outer loop
        vertex 152.86444 35.7975 58.71157
        vertex 152.88112 35.72626 81.259865
        vertex 152.79678 36.085155 81.4213
    endloop
endfacet
facet normal -0.97343266 -0.22897322 0.00000023
    outer loop
        vertex 152.86444 35.7975 58.71157
        vertex 152.79678 36.085155 81.4213
        vertex 152.79362 36.09856 58.571785
    endloop
endfacet
facet normal -0.97299695 -0.2308179 -0.00000091
    outer loop
        vertex 152.79678 36.085155 81.4213
        vertex 152.72519 36.387047 58.40618
        vertex 152.79362 36.09856 58.571785
    endloop
endfacet
facet normal -0.97297949 -0.23089159 -0.00000193
    outer loop
        vertex 152.71574 36.426655 81.619225
        vertex 152.72519 36.387047 58.40618
        vertex 152.79678 36.085155 81.4213
    endloop
endfacet
facet normal -0.97255975 -0.2326535 0.00000125
    outer loop
        vertex 152.72519 36.387047 58.40618
        vertex 152.71574 36.426655 81.619225
        vertex 152.6597 36.660816 58.215946
    endloop
endfacet
facet normal -0.97199351 -0.23500803 -0.00000222
    outer loop
        vertex 152.59778 36.91766 58.00264
        vertex 152.63907 36.74666 81.85126
        vertex 152.56758 37.042328 82.11531
    endloop
endfacet
facet normal -0.9724741 -0.23301078 -0.00000253
    outer loop
        vertex 152.71574 36.426655 81.619225
        vertex 152.63907 36.74666 81.85126
        vertex 152.6597 36.660816 58.215946
    endloop
endfacet
facet normal -0.9696306 -0.24455568 -0.00300834
    outer loop
        vertex 152.4385 37.56994 57.23985
        vertex 151.48686 41.239933 65.62524
        vertex 152.39581 37.74277 56.950764
    endloop
endfacet
facet normal -0.96992809 -0.24336559 -0.003563
    outer loop
        vertex 151.48686 41.239933 65.62524
        vertex 152.4385 37.56994 57.23985
        vertex 152.4867 37.373894 57.512764
    endloop
endfacet
facet normal -0.96201789 -0.27298656 -0.0000682
    outer loop
        vertex 151.54953 41.00899 110
        vertex 150.51096 44.6705 103.89787
        vertex 151.52942 41.083294 96.27021
    endloop
endfacet
facet normal -0.96753001 -0.25275609 0.00005167
    outer loop
        vertex 151.48686 41.239933 65.62524
        vertex 152.2778 38.21616 84.59851
        vertex 151.52942 41.083294 96.27021
    endloop
endfacet
facet normal -0.96835059 -0.24959391 0.00006767
    outer loop
        vertex 151.54953 41.00899 110
        vertex 151.52942 41.083294 96.27021
        vertex 152.49094 37.356613 110
    endloop
endfacet
facet normal -0.96836585 -0.24953297 -0.00085007
    outer loop
        vertex 151.52942 41.083294 96.27021
        vertex 152.27678 38.22018 85.35797
        vertex 152.28851 38.17343 85.71396
    endloop
endfacet
facet normal -0.96872896 -0.2481178 -0.00126642
    outer loop
        vertex 151.52942 41.083294 96.27021
        vertex 152.28851 38.17343 85.71396
        vertex 152.30788 38.096046 86.063545
    endloop
endfacet
facet normal -0.96899611 -0.247071 -0.00159305
    outer loop
        vertex 151.52942 41.083294 96.27021
        vertex 152.30788 38.096046 86.063545
        vertex 152.33478 37.98834 86.40524
    endloop
endfacet
facet normal -0.96926492 -0.2460116 -0.00194742
    outer loop
        vertex 152.33478 37.98834 86.40524
        vertex 152.36884 37.851543 86.73507
        vertex 151.52942 41.083294 96.27021
    endloop
endfacet
facet normal -0.96822268 -0.25008962 -0.00007584
    outer loop
        vertex 152.45714 37.49433 87.35092
        vertex 152.49094 37.356613 110
        vertex 151.52942 41.083294 96.27021
    endloop
endfacet
facet normal -0.96956116 -0.24483795 -0.00237128
    outer loop
        vertex 152.4098 37.686237 87.05154
        vertex 151.52942 41.083294 96.27021
        vertex 152.36884 37.851543 86.73507
    endloop
endfacet
facet normal -0.96986079 -0.24364288 -0.00284027
    outer loop
        vertex 152.45714 37.49433 87.35092
        vertex 151.52942 41.083294 96.27021
        vertex 152.4098 37.686237 87.05154
    endloop
endfacet
facet normal -0.97123986 -0.23810294 0.00000155
    outer loop
        vertex 152.51047 37.2768 87.631744
        vertex 152.49094 37.356613 110
        vertex 152.45714 37.49433 87.35092
    endloop
endfacet
facet normal -0.959656 -0.28117546 0.00073309
    outer loop
        vertex 151.48686 41.239933 65.62524
        vertex 150.51096 44.6705 103.89787
        vertex 149.69572 47.330624 57
    endloop
endfacet
facet normal -0.97237146 -0.23343898 -0.00007377
    outer loop
        vertex 152.63274 36.77287 88.12744
        vertex 152.7005 36.490536 88.33835
        vertex 152.49094 37.356613 110
    endloop
endfacet
facet normal -0.97281826 -0.23157002 -0.00015282
    outer loop
        vertex 152.7005 36.490536 88.33835
        vertex 152.77191 36.19042 88.52261
        vertex 152.49094 37.356613 110
    endloop
endfacet
facet normal -0.97328424 -0.22960342 -0.0002657
    outer loop
        vertex 152.77191 36.19042 88.52261
        vertex 152.84605 35.87595 88.67818
        vertex 152.49094 37.356613 110
    endloop
endfacet
facet normal -0.97197956 -0.23506524 -0.00000214
    outer loop
        vertex 152.61462 36.848003 28.064219
        vertex 152.63272 36.772957 51.87264
        vertex 152.56915 37.035805 52.10886
    endloop
endfacet
facet normal -0.97515178 -0.22153804 -0.00016159
    outer loop
        vertex 153.1976 34.34378 89
        vertex 153.34431 33.68267 110
        vertex 153.0005 35.211426 88.89978
    endloop
endfacet
facet normal -0.99998856 0.00476826 -0.00000108
    outer loop
        vertex 156.99886 -0.5981545 28.955025
        vertex 156.99734 -0.91497207 28.893946
        vertex 156.999 -0.56433487 51.040005
    endloop
endfacet
facet normal -0.99999815 0.00191298 0.00000329
    outer loop
        vertex 156.99886 -0.5981545 28.955025
        vertex 156.999 -0.56433487 51.040005
        vertex 157 -0 29
    endloop
endfacet
facet normal -0.99998832 0.00482117 -0.00000192
    outer loop
        vertex 156.99734 -0.91497207 28.893946
        vertex 156.99713 -0.95042485 51.11455
        vertex 156.999 -0.56433487 51.040005
    endloop
endfacet
facet normal -0.99997473 0.00711364 0.00000039
    outer loop
        vertex 156.99484 -1.2709564 28.792713
        vertex 156.99475 -1.2850422 51.21204
        vertex 156.99713 -0.95042485 51.11455
    endloop
endfacet
facet normal -0.99995792 0.00917422 0.00000168
    outer loop
        vertex 156.99168 -1.6152052 28.659384
        vertex 156.99475 -1.2850422 51.21204
        vertex 156.99484 -1.2709564 28.792713
    endloop
endfacet
facet normal -0.999937 0.01122133 -0.00000013
    outer loop
        vertex 156.98822 -1.9235973 51.4929
        vertex 156.99173 -1.6108643 51.3387
        vertex 156.99168 -1.6152052 28.659384
    endloop
endfacet
facet normal -0.99993581 0.01133404 0.00000139
    outer loop
        vertex 156.98822 -1.9235973 51.4929
        vertex 156.99168 -1.6152052 28.659384
        vertex 156.98793 -1.9463484 28.49453
    endloop
endfacet
facet normal -0.99991244 0.01323104 -0.00000048
    outer loop
        vertex 156.98822 -1.9235973 51.4929
        vertex 156.98793 -1.9463484 28.49453
        vertex 156.98427 -2.222258 51.674107
    endloop
endfacet
facet normal -0.99988729 0.01501607 -0.00000165
    outer loop
        vertex 156.98427 -2.222258 51.674107
        vertex 156.98373 -2.260391 28.300093
        vertex 156.98004 -2.5036812 51.880447
    endloop
endfacet
facet normal -0.99988204 0.01535812 0.00000188
    outer loop
        vertex 156.98373 -2.260391 28.300093
        vertex 156.9792 -2.555408 28.077314
        vertex 156.98004 -2.5036812 51.880447
    endloop
endfacet
facet normal -0.99985898 0.01679922 -0.00000125
    outer loop
        vertex 156.9792 -2.555408 28.077314
        vertex 156.97563 -2.7661266 52.110615
        vertex 156.98004 -2.5036812 51.880447
    endloop
endfacet
facet normal -0.99983078 0.01839567 -0.00000135
    outer loop
        vertex 156.97452 -2.8284535 27.828402
        vertex 156.97119 -3.007445 52.362713
        vertex 156.97563 -2.7661266 52.110615
    endloop
endfacet
facet normal -0.99982315 0.01880798 0.00000166
    outer loop
        vertex 156.96983 -3.0774524 27.555244
        vertex 156.97119 -3.007445 52.362713
        vertex 156.97452 -2.8284535 27.828402
    endloop
endfacet
facet normal -0.99980211 0.01989231 -0.0000014
    outer loop
        vertex 156.96684 -3.2259974 52.63506
        vertex 156.97119 -3.007445 52.362713
        vertex 156.96983 -3.0774524 27.555244
    endloop
endfacet
facet normal -0.99979436 0.02028042 0.0000009
    outer loop
        vertex 156.96983 -3.0774524 27.555244
        vertex 156.96532 -3.300101 27.260386
        vertex 156.96684 -3.2259974 52.63506
    endloop
endfacet
facet normal -0.99950612 0.03138176 0.00164247
    outer loop
        vertex 156.95302 -3.8403203 53.8811
        vertex 156.832 -7.261306 45.600204
        vertex 156.95097 -3.923168 54.219757
    endloop
endfacet
facet normal -0.99940765 0.03441377 -0.0002297
    outer loop
        vertex 156.94904 -4 25
        vertex 156.832 -7.261306 45.600204
        vertex 156.94905 -3.998944 25.091816
    endloop
endfacet
facet normal -0.99933922 0.0363459 0.00007658
    outer loop
        vertex 156.8188 -7.5407777 6
        vertex 156.832 -7.261306 45.600204
        vertex 156.94904 -4 25
    endloop
endfacet
facet normal -0.99936485 0.03563316 0.00020958
    outer loop
        vertex 156.94905 -3.9990628 24.91341
        vertex 156.8188 -7.5407777 6
        vertex 156.94904 -4 25
    endloop
endfacet
facet normal -0.99942195 0.03399259 0.00051718
    outer loop
        vertex 156.94965 -3.9762635 24.564873
        vertex 156.8188 -7.5407777 6
        vertex 156.94905 -3.9990628 24.91341
    endloop
endfacet
facet normal -0.99950314 0.03150184 0.00099598
    outer loop
        vertex 156.8188 -7.5407777 6
        vertex 156.94965 -3.9762635 24.564873
        vertex 156.95097 -3.9232447 24.220152
    endloop
endfacet
facet normal -0.99947238 0.03247546 -0.00053839
    outer loop
        vertex 156.832 -7.261306 45.600204
        vertex 156.95001 -3.9617298 25.551987
        vertex 156.94905 -3.998944 25.091816
    endloop
endfacet
facet normal -0.99935067 0.03602964 0.00004494
    outer loop
        vertex 156.8188 -7.5407777 6
        vertex 156.95302 -3.8403358 23.881147
        vertex 156.9547 -3.7714772 6
    endloop
endfacet
facet normal -0.99970686 0.02420992 -0.00000061
    outer loop
        vertex 156.95302 -3.8403358 23.881147
        vertex 156.95573 -3.728189 23.550644
        vertex 156.9547 -3.7714772 6
    endloop
endfacet
facet normal -0.99972749 0.02334443 0.00000153
    outer loop
        vertex 156.95573 -3.728189 23.550644
        vertex 156.95901 -3.5876744 23.231213
        vertex 156.9547 -3.7714772 6
    endloop
endfacet
facet normal -0.99975163 0.02228577 0.00001282
    outer loop
        vertex 156.95901 -3.5876744 23.231213
        vertex 156.96275 -3.4197915 22.92514
        vertex 156.9547 -3.7714772 6
    endloop
endfacet
facet normal -0.99781018 0.0661391 -0.00071743
    outer loop
        vertex 156.832 -7.261306 45.600204
        vertex 156.59239 -11.305726 6
        vertex 156.38455 -13.887789 57.028877
    endloop
endfacet
facet normal -0.99982798 0.01854753 0.00014183
    outer loop
        vertex 156.9547 -3.7714772 6
        vertex 156.97119 -3.007425 22.362692
        vertex 156.97563 -2.7661371 22.110624
    endloop
endfacet
facet normal -0.99985534 0.01700897 0.00023787
    outer loop
        vertex 156.9547 -3.7714772 6
        vertex 156.97563 -2.7661371 22.110624
        vertex 156.98004 -2.503693 21.880457
    endloop
endfacet
facet normal -0.99941063 0.03432338 0.00053796
    outer loop
        vertex 156.832 -7.261306 45.600204
        vertex 156.94905 -3.9990623 54.91347
        vertex 156.94965 -3.9762728 54.56498
    endloop
endfacet
facet normal -0.99990785 0.01356261 0.00054597
    outer loop
        vertex 156.9547 -3.7714772 6
        vertex 156.98427 -2.222278 21.67412
        vertex 156.98822 -1.9236189 21.49291
    endloop
endfacet
facet normal -0.99958974 0.02861561 -0.00118337
    outer loop
        vertex 156.9517 -3.8938532 25.915384
        vertex 156.832 -7.261306 45.600204
        vertex 156.95418 -3.7928133 26.270649
    endloop
endfacet
facet normal -0.99992758 0.01201123 0.0007223
    outer loop
        vertex 156.9547 -3.7714772 6
        vertex 156.99173 -1.610896 21.338713
        vertex 157 0.000000000000048572257 6
    endloop
endfacet
facet normal -0.99943995 0.03346239 -0.00003762
    outer loop
        vertex 156.96532 -3.300101 27.260386
        vertex 156.832 -7.261306 45.600204
        vertex 156.96684 -3.2259974 52.63506
    endloop
endfacet
facet normal -0.99998826 0.00484383 0.00011481
    outer loop
        vertex 157 0.000000000000048572257 6
        vertex 156.99713 -0.95046663 21.114563
        vertex 156.999 -0.56438565 21.040014
    endloop
endfacet
facet normal -0.99999839 0.00178438 0
    outer loop
        vertex 157 0.000000000000048572257 6
        vertex 156.999 -0.56438565 21.040014
        vertex 157 -0 21
    endloop
endfacet
facet normal -0.99999917 -0.00124768 -0
    outer loop
        vertex 157 0.000000000000048572257 6
        vertex 157 -0 21
        vertex 156.99951 0.3913511 21.01919
    endloop
endfacet
facet normal -0.99995011 -0.00996714 0.00050415
    outer loop
        vertex 156.99405 1.3679382 21.241177
        vertex 156.9909 1.6900368 21.374569
        vertex 157 0.000000000000048572257 6
    endloop
endfacet
facet normal -0.99998969 -0.00454644 0.00008596
    outer loop
        vertex 157 0.000000000000048572257 6
        vertex 156.99951 0.3913511 21.01919
        vertex 156.9966 1.0345901 21.136112
    endloop
endfacet
facet normal -0.99992764 -0.01201123 0.00072886
    outer loop
        vertex 156.9909 1.6900368 21.374569
        vertex 156.9547 3.7714772 6
        vertex 157 0.000000000000048572257 6
    endloop
endfacet
facet normal -0.99992615 -0.01213703 0.00071182
    outer loop
        vertex 156.98726 1.9999474 21.535868
        vertex 156.9547 3.7714772 6
        vertex 156.9909 1.6900368 21.374569
    endloop
endfacet
facet normal -0.99990249 -0.01395876 0.00050404
    outer loop
        vertex 156.98325 2.2941816 21.7233
        vertex 156.9547 3.7714772 6
        vertex 156.98726 1.9999474 21.535868
    endloop
endfacet
facet normal -0.99987537 -0.01578512 0.0003324
    outer loop
        vertex 156.97894 2.571221 21.935879
        vertex 156.9547 3.7714772 6
        vertex 156.98325 2.2941816 21.7233
    endloop
endfacet
facet normal -0.99984872 -0.01739181 0.00021134
    outer loop
        vertex 156.9547 3.7714772 6
        vertex 156.97894 2.571221 21.935879
        vertex 156.97452 2.8284802 22.171627
    endloop
endfacet
facet normal -0.99974567 -0.02255538 0.00000793
    outer loop
        vertex 156.9547 3.7714772 6
        vertex 156.96176 3.46431 23.000366
        vertex 156.95813 3.6253855 23.309853
    endloop
endfacet
facet normal -0.99953502 -0.03046561 0.00120057
    outer loop
        vertex 156.95056 3.9393067 24.305826
        vertex 156.8188 7.5407777 6
        vertex 156.95245 3.8638022 23.965086
    endloop
endfacet
facet normal -0.99935067 -0.03602964 0.00006039
    outer loop
        vertex 156.8188 7.5407777 6
        vertex 156.9547 3.7714772 6
        vertex 156.95245 3.8638022 23.965086
    endloop
endfacet
facet normal -0.99819672 -0.06002783 -0.0000925
    outer loop
        vertex 156.8322 7.2568545 45.680126
        vertex 156.59239 11.305726 6
        vertex 156.8188 7.5407777 6
    endloop
endfacet
facet normal -0.99940294 -0.0345461 0.00041242
    outer loop
        vertex 156.94904 4 25
        vertex 156.8188 7.5407777 6
        vertex 156.94942 3.9848056 24.651651
    endloop
endfacet
facet normal -0.99952382 -0.03084458 -0.00079963
    outer loop
        vertex 156.8322 7.2568545 45.680126
        vertex 156.94948 3.9829686 25.36873
        vertex 156.95076 3.9319456 25.734715
    endloop
endfacet
facet normal -0.99675763 -0.0804619 0.00018703
    outer loop
        vertex 156.27563 15.064149 6
        vertex 156.62929 10.7826605 48.82421
        vertex 156.33391 14.446729 50.94137
    endloop
endfacet
facet normal -0.99956232 -0.0294794 0.00246692
    outer loop
        vertex 156.95499 3.7589526 53.632416
        vertex 156.8322 7.2568545 45.680126
        vertex 156.95813 3.6253786 53.30985
    endloop
endfacet
facet normal -0.99953222 -0.03052001 0.00200872
    outer loop
        vertex 156.8322 7.2568545 45.680126
        vertex 156.95499 3.7589526 53.632416
        vertex 156.95245 3.8638031 53.9651
    endloop
endfacet
facet normal -0.99960732 -0.02799445 -0.00128451
    outer loop
        vertex 156.8322 7.2568545 45.680126
        vertex 156.95285 3.8474061 26.09428
        vertex 156.95569 3.729984 26.44472
    endloop
endfacet
facet normal -0.99959415 -0.02832929 0.00301486
    outer loop
        vertex 156.8322 7.2568545 45.680126
        vertex 156.96176 3.4643016 53.000355
        vertex 156.95813 3.6253786 53.30985
    endloop
endfacet
facet normal -0.99964112 -0.02674453 -0.0015139
    outer loop
        vertex 156.95569 3.729984 26.44472
        vertex 156.95917 3.580821 26.782614
        vertex 156.8322 7.2568545 45.680126
    endloop
endfacet
facet normal -0.99962342 -0.02720089 0.00359999
    outer loop
        vertex 156.9658 3.276725 52.705856
        vertex 156.96176 3.4643016 53.000355
        vertex 156.8322 7.2568545 45.680126
    endloop
endfacet
facet normal -0.99967718 -0.02534521 -0.00178635
    outer loop
        vertex 156.96315 3.4009783 27.105558
        vertex 156.8322 7.2568545 45.680126
        vertex 156.95917 3.580821 26.782614
    endloop
endfacet
facet normal -0.99970889 -0.02404129 -0.00205725
    outer loop
        vertex 156.96754 3.1921523 27.410429
        vertex 156.8322 7.2568545 45.680126
        vertex 156.96315 3.4009783 27.105558
    endloop
endfacet
facet normal -0.99943489 -0.03361166 -0.0003531
    outer loop
        vertex 156.94948 3.9829686 25.36873
        vertex 156.8322 7.2568545 45.680126
        vertex 156.94904 4 25
    endloop
endfacet
facet normal -0.99979639 -0.02017907 -0.00000129
    outer loop
        vertex 156.9701 3.0643024 52.428993
        vertex 156.9658 3.276725 52.705856
        vertex 156.96754 3.1921523 27.410429
    endloop
endfacet
facet normal -0.99970841 -0.02414871 -0.00000072
    outer loop
        vertex 156.95245 3.8638022 23.965086
        vertex 156.9547 3.7714772 6
        vertex 156.95499 3.7589526 23.632416
    endloop
endfacet
facet normal -0.99980813 -0.01958914 0.00000173
    outer loop
        vertex 156.9701 3.0643024 52.428993
        vertex 156.96754 3.1921523 27.410429
        vertex 156.97217 2.9562035 27.694595
    endloop
endfacet
facet normal -0.99972314 -0.02352639 -0.00000027
    outer loop
        vertex 156.95499 3.7589526 23.632416
        vertex 156.9547 3.7714772 6
        vertex 156.95813 3.6253855 23.309853
    endloop
endfacet
facet normal -0.99983829 -0.01797988 0.00000215
    outer loop
        vertex 156.97452 2.8284602 52.171604
        vertex 156.97217 2.9562035 27.694595
        vertex 156.97687 2.69489 27.955938
    endloop
endfacet
facet normal -0.99976677 -0.02159191 0.00002534
    outer loop
        vertex 156.96176 3.46431 23.000366
        vertex 156.9547 3.7714772 6
        vertex 156.9658 3.276735 22.705877
    endloop
endfacet
facet normal -0.99985218 -0.01719554 -0.00000218
    outer loop
        vertex 156.97452 2.8284602 52.171604
        vertex 156.97687 2.69489 27.955938
        vertex 156.97894 2.571191 51.93586
    endloop
endfacet
facet normal -0.9997946 -0.02026514 0.00006465
    outer loop
        vertex 156.9658 3.276735 22.705877
        vertex 156.9547 3.7714772 6
        vertex 156.9701 3.0643141 22.429014
    endloop
endfacet
facet normal -0.99989551 -0.0144563 0.00000366
    outer loop
        vertex 156.98325 2.2941432 51.723278
        vertex 156.98148 2.41061 28.19201
        vertex 156.98589 2.1056519 28.400913
    endloop
endfacet
facet normal -0.99982148 -0.01889502 0.00012365
    outer loop
        vertex 156.9701 3.0643141 22.429014
        vertex 156.9547 3.7714772 6
        vertex 156.97452 2.8284802 22.171627
    endloop
endfacet
facet normal -0.99999923 -0.00124725 0
    outer loop
        vertex 157 -0 29
        vertex 157 -0 51
        vertex 156.99951 0.391485 51.019207
    endloop
endfacet
facet normal -0.99999833 0.00178454 0
    outer loop
        vertex 157 -0 29
        vertex 156.999 -0.56433487 51.040005
        vertex 157 -0 51
    endloop
endfacet
facet normal -0.99998832 0.00482165 0.00000051
    outer loop
        vertex 156.99898 -0.5652155 58.959866
        vertex 156.99713 -0.950455 81.11456
        vertex 156.999 -0.5643656 81.040016
    endloop
endfacet
facet normal -0.99999839 0.00180871 0.00000062
    outer loop
        vertex 156.99898 -0.5652155 58.959866
        vertex 156.999 -0.5643656 81.040016
        vertex 157 -0 59
    endloop
endfacet
facet normal -0.99998838 0.00480012 0.00000013
    outer loop
        vertex 156.99713 -0.9498483 58.885586
        vertex 156.99713 -0.950455 81.11456
        vertex 156.99898 -0.5652155 58.959866
    endloop
endfacet
facet normal -0.99997467 0.00713258 0.00000048
    outer loop
        vertex 156.99474 -1.2857045 58.787743
        vertex 156.99475 -1.2850722 81.21205
        vertex 156.99713 -0.9498483 58.885586
    endloop
endfacet
facet normal -0.99995703 0.00927248 0.00000042
    outer loop
        vertex 156.99173 -1.6108927 81.338715
        vertex 156.99475 -1.2850722 81.21205
        vertex 156.99474 -1.2857045 58.787743
    endloop
endfacet
facet normal -0.9999572 0.00925285 0.00000014
    outer loop
        vertex 156.99173 -1.6108927 81.338715
        vertex 156.99474 -1.2857045 58.787743
        vertex 156.99173 -1.6105596 58.661438
    endloop
endfacet
facet normal -0.99993706 0.01122129 -0.00000011
    outer loop
        vertex 156.98822 -1.9236273 81.492905
        vertex 156.99173 -1.6108927 81.338715
        vertex 156.98822 -1.9238452 58.50697
    endloop
endfacet
facet normal -0.99991256 0.0132292 -0.00000013
    outer loop
        vertex 156.98822 -1.9236273 81.492905
        vertex 156.98822 -1.9238452 58.50697
        vertex 156.98427 -2.2223346 81.67416
    endloop
endfacet
facet normal -0.99988729 0.0150124 0.0000001
    outer loop
        vertex 156.98427 -2.2223346 81.67416
        vertex 156.98427 -2.2221868 58.325935
        vertex 156.98004 -2.5037 58.119537
    endloop
endfacet
facet normal -0.99988717 0.01502279 -0.00000003
    outer loop
        vertex 156.98427 -2.2223346 81.67416
        vertex 156.98004 -2.5037 58.119537
        vertex 156.98004 -2.503654 81.880424
    endloop
endfacet
facet normal -0.99985892 0.01680058 -0.00000003
    outer loop
        vertex 156.98004 -2.5037 58.119537
        vertex 156.97563 -2.766095 82.11058
        vertex 156.98004 -2.503654 81.880424
    endloop
endfacet
facet normal -0.99983072 0.01839696 0
    outer loop
        vertex 156.97563 -2.7660935 57.889416
        vertex 156.97119 -3.007415 82.36268
        vertex 156.97563 -2.766095 82.11058
    endloop
endfacet
facet normal -0.99983084 0.01839288 -0.00000004
    outer loop
        vertex 156.97119 -3.0074677 57.637257
        vertex 156.97119 -3.007415 82.36268
        vertex 156.97563 -2.7660935 57.889416
    endloop
endfacet
facet normal -0.99980175 0.01990633 -0.00000004
    outer loop
        vertex 156.96684 -3.2258859 57.36509
        vertex 156.97119 -3.007415 82.36268
        vertex 156.97119 -3.0074677 57.637257
    endloop
endfacet
facet normal -0.99980205 0.01989414 0.00000006
    outer loop
        vertex 156.96684 -3.2259674 82.63502
        vertex 156.97119 -3.007415 82.36268
        vertex 156.96684 -3.2258859 57.36509
    endloop
endfacet
facet normal -0.9996497 0.02623927 -0.00344706
    outer loop
        vertex 156.96684 -3.2258859 57.36509
        vertex 156.96275 -3.4198115 57.07483
        vertex 156.8326 -7.2485023 65.67631
    endloop
endfacet
facet normal -0.99966955 0.02563786 0.00185256
    outer loop
        vertex 156.96275 -3.4197898 82.92514
        vertex 156.8326 -7.2485023 65.67631
        vertex 156.95901 -3.5876734 83.23121
    endloop
endfacet
facet normal -0.99957103 0.02926905 0.00113243
    outer loop
        vertex 156.95302 -3.8402846 83.88097
        vertex 156.8326 -7.2485023 65.67631
        vertex 156.95097 -3.9232335 84.22009
    endloop
endfacet
facet normal -0.99941796 0.03411082 -0.00052375
    outer loop
        vertex 156.8326 -7.2485023 65.67631
        vertex 156.94965 -3.9762785 55.43495
        vertex 156.94905 -3.9990623 55.086636
    endloop
endfacet
facet normal -0.99446005 0.10511507 0.00020725
    outer loop
        vertex 155.86865 -18.813879 110
        vertex 156.37694 -13.973322 93.855415
        vertex 155.81818 -19.22746 77.5614
    endloop
endfacet
facet normal -0.99646729 0.08398156 0.00019087
    outer loop
        vertex 156.38455 -13.887789 57.028877
        vertex 156.59239 -11.305726 6
        vertex 156.27563 -15.064149 6
    endloop
endfacet
facet normal -0.99954993 0.02996888 0.00130067
    outer loop
        vertex 156.8188 -7.5407777 6
        vertex 156.95097 -3.9232447 24.220152
        vertex 156.95302 -3.8403358 23.881147
    endloop
endfacet
facet normal -0.99933392 0.03649314 -0.00021897
    outer loop
        vertex 156.94904 -4 55
        vertex 156.832 -7.261306 45.600204
        vertex 156.94905 -3.9990623 55.086636
    endloop
endfacet
facet normal -0.99980026 0.01998768 0.00007455
    outer loop
        vertex 156.96684 -3.225969 22.635025
        vertex 156.97119 -3.007425 22.362692
        vertex 156.9547 -3.7714772 6
    endloop
endfacet
facet normal -0.99977636 0.02114834 0.00003647
    outer loop
        vertex 156.96684 -3.225969 22.635025
        vertex 156.9547 -3.7714772 6
        vertex 156.96275 -3.4197915 22.92514
    endloop
endfacet
facet normal -0.999883 0.01529256 0.00037494
    outer loop
        vertex 156.98004 -2.503693 21.880457
        vertex 156.98427 -2.222278 21.67412
        vertex 156.9547 -3.7714772 6
    endloop
endfacet
facet normal -0.99993235 0.01160601 0.00077939
    outer loop
        vertex 156.98822 -1.9236189 21.49291
        vertex 156.99173 -1.610896 21.338713
        vertex 156.9547 -3.7714772 6
    endloop
endfacet
facet normal -0.99995524 0.0094486 0.00045316
    outer loop
        vertex 156.99475 -1.2850806 21.212053
        vertex 157 0.000000000000048572257 6
        vertex 156.99173 -1.610896 21.338713
    endloop
endfacet
facet normal -0.99997413 0.00719004 0.00026235
    outer loop
        vertex 156.99713 -0.95046663 21.114563
        vertex 157 0.000000000000048572257 6
        vertex 156.99475 -1.2850806 21.212053
    endloop
endfacet
facet normal -0.99962604 0.02731034 -0.00141781
    outer loop
        vertex 156.95734 -3.659305 26.615381
        vertex 156.95418 -3.7928133 26.270649
        vertex 156.832 -7.261306 45.600204
    endloop
endfacet
facet normal -0.9993577 0.03583754 0.00000677
    outer loop
        vertex 156.832 -7.261306 45.600204
        vertex 156.8326 -7.2485023 65.67631
        vertex 156.94905 -3.9990623 55.086636
    endloop
endfacet
facet normal -0.99947882 0.03226171 -0.00111525
    outer loop
        vertex 156.95097 -3.9232252 55.77996
        vertex 156.94965 -3.9762785 55.43495
        vertex 156.8326 -7.2485023 65.67631
    endloop
endfacet
facet normal -0.9996562 0.02616991 -0.00163439
    outer loop
        vertex 156.832 -7.261306 45.600204
        vertex 156.9611 -3.4946842 26.946077
        vertex 156.95734 -3.659305 26.615381
    endloop
endfacet
facet normal -0.99957019 0.02920162 0.00257949
    outer loop
        vertex 156.95573 -3.7282088 53.5507
        vertex 156.95901 -3.5876944 53.23125
        vertex 156.832 -7.261306 45.600204
    endloop
endfacet
facet normal -0.99969202 0.02474259 -0.00192284
    outer loop
        vertex 156.96532 -3.300101 27.260386
        vertex 156.9611 -3.4946842 26.946077
        vertex 156.832 -7.261306 45.600204
    endloop
endfacet
facet normal -0.9992947 0.03754976 0.00023072
    outer loop
        vertex 156.81549 -7.609314 94.00484
        vertex 156.94904 -4 85
        vertex 156.94905 -3.9990623 84.913475
    endloop
endfacet
facet normal -0.9998529 0.01715209 0.00000184
    outer loop
        vertex 156.9792 -2.555408 28.077314
        vertex 156.97452 -2.8284535 27.828402
        vertex 156.97563 -2.7661266 52.110615
    endloop
endfacet
facet normal -0.99970227 0.02430756 0.00214809
    outer loop
        vertex 156.96684 -3.2259674 82.63502
        vertex 156.8326 -7.2485023 65.67631
        vertex 156.96275 -3.4197898 82.92514
    endloop
endfacet
facet normal -0.99991071 0.01335994 0.00000105
    outer loop
        vertex 156.98793 -1.9463484 28.49453
        vertex 156.98373 -2.260391 28.300093
        vertex 156.98427 -2.222258 51.674107
    endloop
endfacet
facet normal -0.99997526 0.00702901 0.0000016
    outer loop
        vertex 156.99734 -0.91497207 28.893946
        vertex 156.99484 -1.2709564 28.792713
        vertex 156.99713 -0.95042485 51.11455
    endloop
endfacet
facet normal -0.99998975 -0.00452961 -0.00001447
    outer loop
        vertex 156.99828 0.73491114 28.931908
        vertex 156.99951 0.391485 51.019207
        vertex 156.9966 1.0345215 51.136097
    endloop
endfacet
facet normal -0.99948794 -0.03198717 0.00090091
    outer loop
        vertex 156.8188 7.5407777 6
        vertex 156.95056 3.9393067 24.305826
        vertex 156.94942 3.9848056 24.651651
    endloop
endfacet
facet normal -0.9993394 -0.03634164 0.00007737
    outer loop
        vertex 156.8322 7.2568545 45.680126
        vertex 156.8188 7.5407777 6
        vertex 156.94904 4 25
    endloop
endfacet
facet normal -0.99998307 -0.00581895 0.00000293
    outer loop
        vertex 156.9966 1.0345215 51.136097
        vertex 156.99619 1.0941119 28.847454
        vertex 156.99828 0.73491114 28.931908
    endloop
endfacet
facet normal -0.99997079 -0.00764324 -0.00000195
    outer loop
        vertex 156.99405 1.3678797 51.241158
        vertex 156.99619 1.0941119 28.847454
        vertex 156.9966 1.0345215 51.136097
    endloop
endfacet
facet normal -0.99996728 -0.00809035 0.00000352
    outer loop
        vertex 156.99335 1.4448545 28.729929
        vertex 156.99619 1.0941119 28.847454
        vertex 156.99405 1.3678797 51.241158
    endloop
endfacet
facet normal -0.99994701 -0.01029011 0.00000358
    outer loop
        vertex 156.98987 1.7828767 28.58069
        vertex 156.99335 1.4448545 28.729929
        vertex 156.9909 1.689985 51.37454
    endloop
endfacet
facet normal -0.99993074 -0.01176496 -0.00000243
    outer loop
        vertex 156.98987 1.7828767 28.58069
        vertex 156.9909 1.689985 51.37454
        vertex 156.98726 1.9999058 51.535843
    endloop
endfacet
facet normal -0.99992388 -0.01233585 0.00000297
    outer loop
        vertex 156.98987 1.7828767 28.58069
        vertex 156.98726 1.9999058 51.535843
        vertex 156.98589 2.1056519 28.400913
    endloop
endfacet
facet normal -0.99990708 -0.0136357 -0.00000297
    outer loop
        vertex 156.98726 1.9999058 51.535843
        vertex 156.98325 2.2941432 51.723278
        vertex 156.98589 2.1056519 28.400913
    endloop
endfacet
facet normal -0.99986863 -0.01620535 0.00000293
    outer loop
        vertex 156.98148 2.41061 28.19201
        vertex 156.97894 2.571191 51.93586
        vertex 156.97687 2.69489 27.955938
    endloop
endfacet
facet normal -0.9994396 -0.0334732 0.00004319
    outer loop
        vertex 156.9658 3.276725 52.705856
        vertex 156.8322 7.2568545 45.680126
        vertex 156.96754 3.1921523 27.410429
    endloop
endfacet
facet normal -0.99957156 -0.02924991 -0.00106575
    outer loop
        vertex 156.8322 7.2568545 45.680126
        vertex 156.95076 3.9319456 25.734715
        vertex 156.95285 3.8474061 26.09428
    endloop
endfacet
facet normal -0.99945563 -0.0329718 0.00103315
    outer loop
        vertex 156.95056 3.9392753 54.30567
        vertex 156.94942 3.9848075 54.651695
        vertex 156.8322 7.2568545 45.680126
    endloop
endfacet
facet normal -0.99646705 -0.08398154 -0.00073768
    outer loop
        vertex 156.59239 11.305726 110
        vertex 156.27563 15.064149 110
        vertex 156.48299 12.730896 95.53721
    endloop
endfacet
facet normal -0.99464411 -0.10335732 -0.00056226
    outer loop
        vertex 155.81749 19.23301 77.55886
        vertex 156.38452 13.888101 57
        vertex 156.48299 12.730896 95.53721
    endloop
endfacet
facet normal -0.99935699 -0.03585584 -0.0000017
    outer loop
        vertex 156.94904 4 55
        vertex 156.83208 7.259309 65.66668
        vertex 156.8322 7.2568545 45.680126
    endloop
endfacet
facet normal -0.9995048 -0.0314333 -0.00141054
    outer loop
        vertex 156.83208 7.259309 65.66668
        vertex 156.95056 3.9392896 55.69424
        vertex 156.95245 3.863846 56.03474
    endloop
endfacet
facet normal -0.99959791 -0.02832476 0.00131982
    outer loop
        vertex 156.83208 7.259309 65.66668
        vertex 156.95499 3.758881 83.63221
        vertex 156.95245 3.8637776 83.965004
    endloop
endfacet
facet normal -0.99954516 -0.03009607 -0.00188246
    outer loop
        vertex 156.95245 3.863846 56.03474
        vertex 156.95499 3.758894 56.36773
        vertex 156.83208 7.259309 65.66668
    endloop
endfacet
facet normal -0.99962765 -0.02724293 0.00153081
    outer loop
        vertex 156.95813 3.6254356 83.30996
        vertex 156.95499 3.758881 83.63221
        vertex 156.83208 7.259309 65.66668
    endloop
endfacet
facet normal -0.99957556 -0.02904472 -0.00227862
    outer loop
        vertex 156.95813 3.62543 56.69005
        vertex 156.83208 7.259309 65.66668
        vertex 156.95499 3.758894 56.36773
    endloop
endfacet
facet normal -0.99966091 -0.02598 0.00179117
    outer loop
        vertex 156.95813 3.6254356 83.30996
        vertex 156.83208 7.259309 65.66668
        vertex 156.96176 3.46436 83.00045
    endloop
endfacet
facet normal -0.99960876 -0.0278363 -0.00276828
    outer loop
        vertex 156.83208 7.259309 65.66668
        vertex 156.95813 3.62543 56.69005
        vertex 156.96176 3.4642136 56.999805
    endloop
endfacet
facet normal -0.99963832 -0.02669236 -0.00326964
    outer loop
        vertex 156.83208 7.259309 65.66668
        vertex 156.96176 3.4642136 56.999805
        vertex 156.9658 3.2767265 57.294136
    endloop
endfacet
facet normal -0.99945933 -0.0328822 0.00000014
    outer loop
        vertex 156.83208 7.259309 65.66668
        vertex 156.9701 3.0642648 57.57104
        vertex 156.9701 3.0643742 82.429085
    endloop
endfacet
facet normal -0.99967211 -0.02529987 -0.00393254
    outer loop
        vertex 156.9658 3.2767265 57.294136
        vertex 156.9701 3.0642648 57.57104
        vertex 156.83208 7.259309 65.66668
    endloop
endfacet
facet normal -0.99982399 -0.0187602 0.00000008
    outer loop
        vertex 156.9701 3.0642648 57.57104
        vertex 156.97452 2.8285403 82.17168
        vertex 156.9701 3.0643742 82.429085
    endloop
endfacet
facet normal -0.99790263 -0.06473202 0.00019513
    outer loop
        vertex 156.48299 12.730896 95.53721
        vertex 156.83208 7.259309 65.66668
        vertex 156.81425 7.6346927 99.05277
    endloop
endfacet
facet normal -0.99985319 -0.0171389 -0
    outer loop
        vertex 156.97452 2.8285415 57.828312
        vertex 156.97893 2.571281 81.93593
        vertex 156.97452 2.8285403 82.17168
    endloop
endfacet
facet normal -0.9998523 -0.01718943 -0.00000054
    outer loop
        vertex 156.97894 2.5711436 58.064186
        vertex 156.97893 2.571281 81.93593
        vertex 156.97452 2.8285415 57.828312
    endloop
endfacet
facet normal -0.99982405 -0.01875737 -0.00000191
    outer loop
        vertex 156.9701 3.0643024 52.428993
        vertex 156.97217 2.9562035 27.694595
        vertex 156.97452 2.8284602 52.171604
    endloop
endfacet
facet normal -0.99999923 -0.00124868 0
    outer loop
        vertex 157 -0 59
        vertex 157 -0 81
        vertex 156.99951 0.39103863 58.980843
    endloop
endfacet
facet normal -0.99999839 0.00178444 0
    outer loop
        vertex 157 -0 59
        vertex 156.999 -0.5643656 81.040016
        vertex 157 -0 81
    endloop
endfacet
facet normal -0.99998862 0.00478381 -0.0000816
    outer loop
        vertex 156.99886 -0.5981944 88.95502
        vertex 156.99734 -0.9150104 88.893936
        vertex 157 -0.000000000000048572257 110
    endloop
endfacet
facet normal -0.99999815 0.0019131 0
    outer loop
        vertex 156.99886 -0.5981944 88.95502
        vertex 157 -0.000000000000048572257 110
        vertex 157 -0 89
    endloop
endfacet
facet normal -0.99997497 0.00708099 -0.00018119
    outer loop
        vertex 156.99734 -0.9150104 88.893936
        vertex 156.99484 -1.2709945 88.7927
        vertex 157 -0.000000000000048572257 110
    endloop
endfacet
facet normal -0.99995679 0.00929649 -0.00031397
    outer loop
        vertex 156.99484 -1.2709945 88.7927
        vertex 156.99168 -1.6152419 88.65938
        vertex 157 -0.000000000000048572257 110
    endloop
endfacet
facet normal -0.99992764 0.01201123 -0.00051946
    outer loop
        vertex 156.99168 -1.6152419 88.65938
        vertex 156.9547 -3.7714772 110
        vertex 157 -0.000000000000048572257 110
    endloop
endfacet
facet normal -0.99993241 0.01161363 -0.00055964
    outer loop
        vertex 156.98793 -1.9463768 88.49451
        vertex 156.9547 -3.7714772 110
        vertex 156.99168 -1.6152419 88.65938
    endloop
endfacet
facet normal -0.99990737 0.01360243 -0.00039082
    outer loop
        vertex 156.98373 -2.260421 88.30008
        vertex 156.9547 -3.7714772 110
        vertex 156.98793 -1.9463768 88.49451
    endloop
endfacet
facet normal -0.999879 0.01555258 -0.00025498
    outer loop
        vertex 156.9792 -2.5554278 88.07731
        vertex 156.9547 -3.7714772 110
        vertex 156.98373 -2.260421 88.30008
    endloop
endfacet
facet normal -0.99985033 0.01729788 -0.00015814
    outer loop
        vertex 156.97452 -2.8284736 87.828384
        vertex 156.9547 -3.7714772 110
        vertex 156.9792 -2.5554278 88.07731
    endloop
endfacet
facet normal -0.99979299 0.02034231 -0.00004526
    outer loop
        vertex 156.96983 -3.077471 87.55523
        vertex 156.96532 -3.300111 87.260376
        vertex 156.9547 -3.7714772 110
    endloop
endfacet
facet normal -0.99976522 0.02166772 -0.00001777
    outer loop
        vertex 156.96532 -3.300111 87.260376
        vertex 156.9611 -3.4946873 86.94605
        vertex 156.9547 -3.7714772 110
    endloop
endfacet
facet normal -0.99936521 0.03562421 0.0001499
    outer loop
        vertex 156.9611 -3.4946873 86.94605
        vertex 156.81549 -7.609314 94.00484
        vertex 156.9547 -3.7714772 110
    endloop
endfacet
facet normal -0.99955559 0.02962014 -0.00335385
    outer loop
        vertex 156.95734 -3.659315 86.61537
        vertex 156.81549 -7.609314 94.00484
        vertex 156.9611 -3.4946873 86.94605
    endloop
endfacet
facet normal -0.99935073 0.03602964 0.0000525
    outer loop
        vertex 156.81549 -7.609314 94.00484
        vertex 156.8188 -7.5407777 110
        vertex 156.9547 -3.7714772 110
    endloop
endfacet
facet normal -0.99952334 0.03074842 -0.00275009
    outer loop
        vertex 156.81549 -7.609314 94.00484
        vertex 156.95734 -3.659315 86.61537
        vertex 156.95418 -3.7928216 86.27064
    endloop
endfacet
facet normal -0.99948627 0.03198172 -0.00214087
    outer loop
        vertex 156.95418 -3.7928216 86.27064
        vertex 156.9517 -3.893855 85.915375
        vertex 156.81549 -7.609314 94.00484
    endloop
endfacet
facet normal -0.99938303 0.03511423 -0.00075198
    outer loop
        vertex 156.81549 -7.609314 94.00484
        vertex 156.95001 -3.9617298 85.55199
        vertex 156.94905 -3.998944 85.09181
    endloop
endfacet
facet normal -0.99819672 0.06002782 -0.00005057
    outer loop
        vertex 156.59239 -11.305726 110
        vertex 156.8188 -7.5407777 110
        vertex 156.81549 -7.609314 94.00484
    endloop
endfacet
facet normal -0.9966957 0.08122573 0.00031905
    outer loop
        vertex 156.37694 -13.973322 93.855415
        vertex 156.61577 -10.977439 77.239525
        vertex 156.31018 -14.701171 70.60993
    endloop
endfacet
facet normal -0.99762899 0.06879349 -0.00193592
    outer loop
        vertex 156.37694 -13.973322 93.855415
        vertex 156.81549 -7.609314 94.00484
        vertex 156.61577 -10.977439 77.239525
    endloop
endfacet
facet normal -0.99960262 0.02800936 0.00315398
    outer loop
        vertex 156.96275 -3.419813 52.925182
        vertex 156.832 -7.261306 45.600204
        vertex 156.95901 -3.5876944 53.23125
    endloop
endfacet
facet normal -0.99953771 0.0303334 0.00207603
    outer loop
        vertex 156.95302 -3.8403203 53.8811
        vertex 156.95573 -3.7282088 53.5507
        vertex 156.832 -7.261306 45.600204
    endloop
endfacet
facet normal -0.99996996 -0.00773998 0.00030425
    outer loop
        vertex 156.99405 1.3679382 21.241177
        vertex 157 0.000000000000048572257 6
        vertex 156.9966 1.0345901 21.136112
    endloop
endfacet
facet normal -0.99963421 0.02677924 0.00379967
    outer loop
        vertex 156.96684 -3.2259974 52.63506
        vertex 156.832 -7.261306 45.600204
        vertex 156.96275 -3.419813 52.925182
    endloop
endfacet
facet normal -0.99995703 0.00927236 0.00000024
    outer loop
        vertex 156.99173 -1.6108643 51.3387
        vertex 156.99475 -1.2850422 51.21204
        vertex 156.99168 -1.6152052 28.659384
    endloop
endfacet
facet normal -0.99952817 0.03070457 0.00087473
    outer loop
        vertex 156.94965 -3.9762738 84.56499
        vertex 156.95097 -3.9232335 84.22009
        vertex 156.8326 -7.2485023 65.67631
    endloop
endfacet
facet normal -0.9992345 0.03910977 0.00085115
    outer loop
        vertex 156.94965 -3.9762738 84.56499
        vertex 156.81549 -7.609314 94.00484
        vertex 156.94905 -3.9990623 84.913475
    endloop
endfacet
facet normal -0.999551 0.02989973 -0.00193195
    outer loop
        vertex 156.8326 -7.2485023 65.67631
        vertex 156.95573 -3.728166 56.449398
        vertex 156.95302 -3.8403196 56.118893
    endloop
endfacet
facet normal -0.99958414 0.02873628 -0.00237629
    outer loop
        vertex 156.95901 -3.587632 56.768867
        vertex 156.95573 -3.728166 56.449398
        vertex 156.8326 -7.2485023 65.67631
    endloop
endfacet
facet normal -0.99999732 -0.00234438 0.00001951
    outer loop
        vertex 156.99828 0.73491114 28.931908
        vertex 157 -0 29
        vertex 156.99951 0.391485 51.019207
    endloop
endfacet
facet normal -0.99960256 0.02816114 0.00134006
    outer loop
        vertex 156.8326 -7.2485023 65.67631
        vertex 156.95302 -3.8402846 83.88097
        vertex 156.95573 -3.728153 83.55056
    endloop
endfacet
facet normal -0.99963582 0.02693884 0.00158103
    outer loop
        vertex 156.8326 -7.2485023 65.67631
        vertex 156.95573 -3.728153 83.55056
        vertex 156.95901 -3.5876734 83.23121
    endloop
endfacet
facet normal -0.99944359 0.03335467 0.00000011
    outer loop
        vertex 156.96684 -3.2258859 57.36509
        vertex 156.8326 -7.2485023 65.67631
        vertex 156.96684 -3.2259674 82.63502
    endloop
endfacet
facet normal -0.99985886 0.01680365 0
    outer loop
        vertex 156.97563 -2.766095 82.11058
        vertex 156.98004 -2.5037 58.119537
        vertex 156.97563 -2.7660935 57.889416
    endloop
endfacet
facet normal -0.99995238 -0.00975727 -0.00000219
    outer loop
        vertex 156.9909 1.689985 51.37454
        vertex 156.99335 1.4448545 28.729929
        vertex 156.99405 1.3678797 51.241158
    endloop
endfacet
facet normal -0.99991232 0.01324543 0.00000008
    outer loop
        vertex 156.98427 -2.2223346 81.67416
        vertex 156.98822 -1.9238452 58.50697
        vertex 156.98427 -2.2221868 58.325935
    endloop
endfacet
facet normal -0.9999373 0.01120152 0.00000016
    outer loop
        vertex 156.98822 -1.9238452 58.50697
        vertex 156.99173 -1.6108927 81.338715
        vertex 156.99173 -1.6105596 58.661438
    endloop
endfacet
facet normal -0.99944556 0.03325848 -0.00155377
    outer loop
        vertex 156.9517 -3.893855 85.915375
        vertex 156.95001 -3.9617298 85.55199
        vertex 156.81549 -7.609314 94.00484
    endloop
endfacet
facet normal -0.99999899 -0.00140301 -0.00000274
    outer loop
        vertex 157 -0 81
        vertex 156.99939 0.43498412 81.02372
        vertex 156.99951 0.39103863 58.980843
    endloop
endfacet
facet normal -0.99997467 0.00711359 0.00000019
    outer loop
        vertex 156.99475 -1.2850722 81.21205
        vertex 156.99713 -0.950455 81.11456
        vertex 156.99713 -0.9498483 58.885586
    endloop
endfacet
facet normal -0.99419558 -0.10758704 -0.00018894
    outer loop
        vertex 156.33391 14.446729 50.94137
        vertex 155.81749 19.23301 42.892193
        vertex 156.27563 15.064149 6
    endloop
endfacet
facet normal -0.99998981 -0.00452523 0.00000348
    outer loop
        vertex 156.9966 1.0349818 58.863785
        vertex 156.99951 0.39103863 58.980843
        vertex 156.99939 0.43498412 81.02372
    endloop
endfacet
facet normal -0.99997079 -0.00764398 -0.00000012
    outer loop
        vertex 156.99405 1.3679898 81.241196
        vertex 156.9966 1.0349818 58.863785
        vertex 156.9966 1.0346385 81.13612
    endloop
endfacet
facet normal -0.99997061 -0.00765786 0.00000009
    outer loop
        vertex 156.99405 1.3677294 58.758896
        vertex 156.9966 1.0349818 58.863785
        vertex 156.99405 1.3679898 81.241196
    endloop
endfacet
facet normal -0.99995238 -0.00975828 0.00000011
    outer loop
        vertex 156.99405 1.3677294 58.758896
        vertex 156.99405 1.3679898 81.241196
        vertex 156.9909 1.6900934 81.374596
    endloop
endfacet
facet normal -0.99995261 -0.00974269 -0.00000011
    outer loop
        vertex 156.99405 1.3677294 58.758896
        vertex 156.9909 1.6900934 81.374596
        vertex 156.9909 1.6903483 58.62529
    endloop
endfacet
facet normal -0.99993056 -0.0117871 -0.00000013
    outer loop
        vertex 156.9909 1.6900934 81.374596
        vertex 156.98726 1.9997219 58.464264
        vertex 156.9909 1.6903483 58.62529
    endloop
endfacet
facet normal -0.99416149 -0.10790276 -0.00015284
    outer loop
        vertex 156.27563 15.064149 6
        vertex 155.81749 19.23301 42.892193
        vertex 155.86865 18.813879 6
    endloop
endfacet
facet normal -0.99990726 -0.01362109 0.00000017
    outer loop
        vertex 156.98325 2.2943134 58.2766
        vertex 156.98726 1.9997219 58.464264
        vertex 156.98726 2.0000057 81.5359
    endloop
endfacet
facet normal -0.99990702 -0.01363764 -0.00000004
    outer loop
        vertex 156.98325 2.2943134 58.2766
        vertex 156.98726 2.0000057 81.5359
        vertex 156.98325 2.2942414 81.72335
    endloop
endfacet
facet normal -0.99987918 -0.01554191 -0.00000005
    outer loop
        vertex 156.98325 2.2942414 81.72335
        vertex 156.97894 2.5711436 58.064186
        vertex 156.98325 2.2943134 58.2766
    endloop
endfacet
facet normal -0.99982393 -0.01876892 -0
    outer loop
        vertex 156.97452 2.8285415 57.828312
        vertex 156.97452 2.8285403 82.17168
        vertex 156.9701 3.0642648 57.57104
    endloop
endfacet
facet normal -0.99987859 -0.01558477 -0.00000055
    outer loop
        vertex 156.97893 2.571281 81.93593
        vertex 156.97894 2.5711436 58.064186
        vertex 156.98325 2.2942414 81.72335
    endloop
endfacet
facet normal -0.99969089 -0.02477722 0.00205472
    outer loop
        vertex 156.96176 3.46436 83.00045
        vertex 156.83208 7.259309 65.66668
        vertex 156.9658 3.2767918 82.70596
    endloop
endfacet
facet normal -0.99972552 -0.02330647 0.00239875
    outer loop
        vertex 156.83208 7.259309 65.66668
        vertex 156.9701 3.0643742 82.429085
        vertex 156.9658 3.2767918 82.70596
    endloop
endfacet
facet normal -0.99777627 -0.06665032 0.00054799
    outer loop
        vertex 156.83208 7.259309 65.66668
        vertex 156.48299 12.730896 95.53721
        vertex 156.38452 13.888101 57
    endloop
endfacet
facet normal -0.99937391 -0.03537771 -0.00043476
    outer loop
        vertex 156.81425 7.6346927 99.05277
        vertex 156.94904 4 85
        vertex 156.94948 3.9829686 85.36873
    endloop
endfacet
facet normal -0.99933064 -0.03658482 -0.00012212
    outer loop
        vertex 156.83208 7.259309 65.66668
        vertex 156.94904 4 85
        vertex 156.81425 7.6346927 99.05277
    endloop
endfacet
facet normal -0.99945712 -0.03292583 -0.00108985
    outer loop
        vertex 156.81425 7.6346927 99.05277
        vertex 156.94948 3.9829686 85.36873
        vertex 156.95076 3.9319475 85.73471
    endloop
endfacet
facet normal -0.99950922 -0.03128873 -0.00154555
    outer loop
        vertex 156.81425 7.6346927 99.05277
        vertex 156.95076 3.9319475 85.73471
        vertex 156.95285 3.8474076 86.09427
    endloop
endfacet
facet normal -0.99954975 -0.02994516 -0.00193867
    outer loop
        vertex 156.81425 7.6346927 99.05277
        vertex 156.95285 3.8474076 86.09427
        vertex 156.95569 3.7299843 86.44472
    endloop
endfacet
facet normal -0.99936122 -0.0357375 0.00020923
    outer loop
        vertex 156.96315 3.4010463 87.10544
        vertex 156.9547 3.7714772 110
        vertex 156.81425 7.6346927 99.05277
    endloop
endfacet
facet normal -0.99958748 -0.02862356 -0.0023484
    outer loop
        vertex 156.95917 3.5807579 86.782745
        vertex 156.81425 7.6346927 99.05277
        vertex 156.95569 3.7299843 86.44472
    endloop
endfacet
facet normal -0.99943364 -0.03365002 0.00037327
    outer loop
        vertex 156.94942 3.9848065 84.65171
        vertex 156.94904 4 85
        vertex 156.83208 7.259309 65.66668
    endloop
endfacet
facet normal -0.99980563 -0.01971728 -0.0000624
    outer loop
        vertex 156.96753 3.1922648 87.41027
        vertex 156.97217 2.9561512 87.69466
        vertex 156.9547 3.7714772 110
    endloop
endfacet
facet normal -0.99983609 -0.01810356 -0.00012141
    outer loop
        vertex 156.97217 2.9561512 87.69466
        vertex 156.97687 2.69484 87.955986
        vertex 156.9547 3.7714772 110
    endloop
endfacet
facet normal -0.999865 -0.01643011 -0.00020317
    outer loop
        vertex 156.97687 2.69484 87.955986
        vertex 156.98149 2.41056 88.192055
        vertex 156.9547 3.7714772 110
    endloop
endfacet
facet normal -0.99989307 -0.01462496 -0.00031586
    outer loop
        vertex 156.98149 2.41056 88.192055
        vertex 156.98589 2.1055987 88.400955
        vertex 156.9547 3.7714772 110
    endloop
endfacet
facet normal -0.99992043 -0.01260049 -0.00047204
    outer loop
        vertex 156.98589 2.1055987 88.400955
        vertex 156.98987 1.7828269 88.58072
        vertex 156.9547 3.7714772 110
    endloop
endfacet
facet normal -0.99994332 -0.01062609 -0.00065539
    outer loop
        vertex 156.98987 1.7828269 88.58072
        vertex 156.99336 1.4448029 88.72996
        vertex 156.9547 3.7714772 110
    endloop
endfacet
facet normal -0.99987942 -0.0155284 -0.00000165
    outer loop
        vertex 156.98148 2.41061 28.19201
        vertex 156.98325 2.2941432 51.723278
        vertex 156.97894 2.571191 51.93586
    endloop
endfacet
facet normal -0.99999726 -0.00234637 -0
    outer loop
        vertex 157 -0 89
        vertex 157 -0.000000000000048572257 110
        vertex 156.99828 0.73485464 88.931915
    endloop
endfacet
facet normal -0.99982125 0.0189082 -0.00008962
    outer loop
        vertex 156.96983 -3.077471 87.55523
        vertex 156.9547 -3.7714772 110
        vertex 156.97452 -2.8284736 87.828384
    endloop
endfacet
facet normal -0.97474724 0.22331117 -0.00000026
    outer loop
        vertex 153.06944 -34.910545 28.95757
        vertex 153.0005 -35.211437 51.100212
        vertex 153.06955 -34.910053 51.04236
    endloop
endfacet
facet normal -0.9753747 0.22055466 -0.0000002
    outer loop
        vertex 153.06944 -34.910545 28.95757
        vertex 153.06955 -34.910053 51.04236
        vertex 153.1976 -34.34378 29
    endloop
endfacet
facet normal -0.97474378 0.22332619 -0.00000005
    outer loop
        vertex 153.00061 -35.210976 28.89989
        vertex 153.0005 -35.211437 51.100212
        vertex 153.06944 -34.910545 28.95757
    endloop
endfacet
facet normal -0.97428089 0.22533672 0.00000016
    outer loop
        vertex 152.92252 -35.548615 28.804306
        vertex 152.92262 -35.54817 51.195545
        vertex 153.0005 -35.211437 51.100212
    endloop
endfacet
facet normal -0.97378343 0.22747725 0.00000011
    outer loop
        vertex 152.84607 -35.875877 51.3218
        vertex 152.92262 -35.54817 51.195545
        vertex 152.92252 -35.548615 28.804306
    endloop
endfacet
facet normal -0.97331059 0.22949164 -0.00000057
    outer loop
        vertex 152.7719 -36.190456 51.477406
        vertex 152.84607 -35.875877 51.3218
        vertex 152.84615 -35.87561 28.67832
    endloop
endfacet
facet normal -0.97330272 0.22952534 -0.00000008
    outer loop
        vertex 152.7719 -36.190456 51.477406
        vertex 152.84615 -35.87561 28.67832
        vertex 152.77184 -36.190723 28.522444
    endloop
endfacet
facet normal -0.97284138 0.23147281 -0.00000011
    outer loop
        vertex 152.7719 -36.190456 51.477406
        vertex 152.77184 -36.190723 28.522444
        vertex 152.70049 -36.490585 51.66169
    endloop
endfacet
facet normal -0.97238737 0.23337294 -0.00000003
    outer loop
        vertex 152.70049 -36.490585 51.66169
        vertex 152.7005 -36.490524 28.338352
        vertex 152.63274 -36.772873 51.872566
    endloop
endfacet
facet normal -0.97238773 0.23337099 -0.00000005
    outer loop
        vertex 152.7005 -36.490524 28.338352
        vertex 152.63272 -36.77294 28.127375
        vertex 152.63274 -36.772873 51.872566
    endloop
endfacet
facet normal -0.9719854 0.23504125 -0.00000006
    outer loop
        vertex 152.63272 -36.77294 28.127375
        vertex 152.56917 -37.03575 52.108814
        vertex 152.63274 -36.772873 51.872566
    endloop
endfacet
facet normal -0.97160417 0.23661232 0.0000002
    outer loop
        vertex 152.56915 -37.035793 27.891148
        vertex 152.51047 -37.276794 52.36825
        vertex 152.56917 -37.03575 52.108814
    endloop
endfacet
facet normal -0.97159487 0.23664983 0.00000059
    outer loop
        vertex 152.51042 -37.27692 27.63159
        vertex 152.51047 -37.276794 52.36825
        vertex 152.56915 -37.035793 27.891148
    endloop
endfacet
facet normal -0.97124016 0.23810159 0.00000059
    outer loop
        vertex 152.45714 -37.49433 52.649082
        vertex 152.51047 -37.276794 52.36825
        vertex 152.51042 -37.27692 27.63159
    endloop
endfacet
facet normal -0.97124726 0.23807308 0.00000032
    outer loop
        vertex 152.45714 -37.49433 52.649082
        vertex 152.51042 -37.27692 27.63159
        vertex 152.45714 -37.494297 27.350967
    endloop
endfacet
facet normal -0.96902424 0.24695386 0.00236314
    outer loop
        vertex 151.48602 -41.242996 45.67603
        vertex 152.33478 -37.98834 53.594757
        vertex 152.36884 -37.851543 53.264935
    endloop
endfacet
facet normal -0.96990973 0.24345918 -0.00161364
    outer loop
        vertex 151.48602 -41.242996 45.67603
        vertex 152.40977 -37.686337 27.051357
        vertex 152.36887 -37.851406 26.735352
    endloop
endfacet
facet normal -0.9677183 0.25203446 -0.00006588
    outer loop
        vertex 152.32922 -38.010643 23.657583
        vertex 151.54953 -41.00899 6
        vertex 151.51688 -41.12952 24.55188
    endloop
endfacet
facet normal -0.96187806 0.27347881 0.0000642
    outer loop
        vertex 150.49 -44.74101 23.633791
        vertex 151.48602 -41.242996 45.67603
        vertex 151.51688 -41.12952 24.55188
    endloop
endfacet
facet normal -0.96753359 0.25274238 0.00013068
    outer loop
        vertex 152.27365 -38.232628 24.83956
        vertex 151.51688 -41.12952 24.55188
        vertex 152.27286 -38.23575 25
    endloop
endfacet
facet normal -0.96755099 0.25267449 0.00085991
    outer loop
        vertex 152.28252 -38.197315 24.438442
        vertex 151.51688 -41.12952 24.55188
        vertex 152.27365 -38.232628 24.83956
    endloop
endfacet
facet normal -0.96733093 0.2535041 -0.00253908
    outer loop
        vertex 152.30789 -38.09599 26.063759
        vertex 152.28851 -38.17344 25.713923
        vertex 151.51688 -41.12952 24.55188
    endloop
endfacet
facet normal -0.96753961 0.25271213 0.00190934
    outer loop
        vertex 151.51688 -41.12952 24.55188
        vertex 152.28252 -38.197315 24.438442
        vertex 152.30112 -38.123116 24.043318
    endloop
endfacet
facet normal -0.96748072 0.25292385 0.00325178
    outer loop
        vertex 151.51688 -41.12952 24.55188
        vertex 152.30112 -38.123116 24.043318
        vertex 152.32922 -38.010643 23.657583
    endloop
endfacet
facet normal -0.96963125 0.24456838 0.00128631
    outer loop
        vertex 151.54953 -41.00899 6
        vertex 152.32922 -38.010643 23.657583
        vertex 152.36641 -37.86126 23.285883
    endloop
endfacet
facet normal -0.96835047 0.24959388 0.00031071
    outer loop
        vertex 151.54953 -41.00899 6
        vertex 152.36641 -37.86126 23.285883
        vertex 152.49094 -37.356613 6
    endloop
endfacet
facet normal -0.94786495 0.31867227 -0.00005274
    outer loop
        vertex 149.40495 -48.24065 6
        vertex 148.203 -51.815754 6
        vertex 149.42285 -48.185177 19.507034
    endloop
endfacet
facet normal -0.97094178 0.23931585 0.00000622
    outer loop
        vertex 152.41234 -37.675938 22.930817
        vertex 152.46625 -37.45721 22.597347
        vertex 152.49094 -37.356613 6
    endloop
endfacet
facet normal -0.97131425 0.23779972 -0.00000352
    outer loop
        vertex 152.46625 -37.45721 22.597347
        vertex 152.52759 -37.206665 22.287851
        vertex 152.49094 -37.356613 6
    endloop
endfacet
facet normal -0.9677074 0.25207603 0.00036147
    outer loop
        vertex 151.48602 -41.242996 45.67603
        vertex 152.27286 -38.23575 55
        vertex 152.27678 -38.22018 54.64203
    endloop
endfacet
facet normal -0.97263628 0.23233315 0.00016078
    outer loop
        vertex 152.49094 -37.356613 6
        vertex 152.66916 -36.621407 21.75447
        vertex 152.74776 -36.292213 21.5357
    endloop
endfacet
facet normal -0.96849269 0.24903753 0.00148305
    outer loop
        vertex 152.30788 -38.096046 53.93645
        vertex 151.48602 -41.242996 45.67603
        vertex 152.28851 -38.17343 54.28603
    endloop
endfacet
facet normal -0.97367132 0.22795556 0.00053345
    outer loop
        vertex 152.49094 -37.356613 6
        vertex 152.83015 -35.94363 21.35233
        vertex 152.91568 -35.57798 21.205622
    endloop
endfacet
facet normal -0.96804476 0.25077739 0.00000034
    outer loop
        vertex 152.45714 -37.494297 27.350967
        vertex 151.48602 -41.242996 45.67603
        vertex 152.45714 -37.49433 52.649082
    endloop
endfacet
facet normal -0.97406787 0.22625513 0.00072639
    outer loop
        vertex 152.49094 -37.356613 6
        vertex 153.003 -35.200535 21.09768
        vertex 153.34431 -33.68267 6
    endloop
endfacet
facet normal -0.9754172 0.22036619 0.00017198
    outer loop
        vertex 153.34431 -33.68267 6
        vertex 153.08278 -34.85205 21.03409
        vertex 153.1976 -34.34378 21
    endloop
endfacet
facet normal -0.9762271 0.21674997 0.00000467
    outer loop
        vertex 153.34431 -33.68267 6
        vertex 153.1976 -34.34378 21
        vertex 153.33661 -33.7177 21.051748
    endloop
endfacet
facet normal -0.97693819 0.21352257 -0.0000032
    outer loop
        vertex 153.34431 -33.68267 6
        vertex 153.33661 -33.7177 21.051748
        vertex 153.4206 -33.333443 21.136126
    endloop
endfacet
facet normal -0.97848189 0.20633231 0.00034997
    outer loop
        vertex 153.57857 -32.59794 21.421312
        vertex 153.65105 -32.25456 21.619205
        vertex 153.34431 -33.68267 6
    endloop
endfacet
facet normal -0.9774583 0.21112862 0.00005465
    outer loop
        vertex 153.34431 -33.68267 6
        vertex 153.4206 -33.333443 21.136126
        vertex 153.50159 -32.9585 21.259863
    endloop
endfacet
facet normal -0.97922188 0.20279108 0.00068829
    outer loop
        vertex 153.65105 -32.25456 21.619205
        vertex 154.10919 -29.98929 6
        vertex 153.34431 -33.68267 6
    endloop
endfacet
facet normal -0.97900873 0.20381674 0.00084329
    outer loop
        vertex 153.7183 -31.93244 21.851236
        vertex 154.10919 -29.98929 6
        vertex 153.65105 -32.25456 21.619205
    endloop
endfacet
facet normal -0.97939461 0.20195481 0.00060552
    outer loop
        vertex 153.77989 -31.634573 22.115255
        vertex 154.10919 -29.98929 6
        vertex 153.7183 -31.93244 21.851236
    endloop
endfacet
facet normal -0.97976083 0.20017126 0.00041595
    outer loop
        vertex 153.83528 -31.364073 22.408554
        vertex 154.10919 -29.98929 6
        vertex 153.77989 -31.634573 22.115255
    endloop
endfacet
facet normal -0.98381084 0.17920974 -0.00039827
    outer loop
        vertex 154.0072 -30.508738 24.200386
        vertex 154.78513 -26.278605 6
        vertex 154.10919 -29.98929 6
    endloop
endfacet
facet normal -0.98090082 0.19450827 0.00005467
    outer loop
        vertex 154.0072 -30.508738 24.200386
        vertex 154.10919 -29.98929 6
        vertex 153.9877 -30.60697 23.810827
    endloop
endfacet
facet normal -0.98341143 0.18138903 0.00017477
    outer loop
        vertex 154.02287 -30.42951 25
        vertex 154.70393 -26.752481 40.96494
        vertex 154.78513 -26.278605 6
    endloop
endfacet
facet normal -0.98308247 0.18316253 0.00057542
    outer loop
        vertex 154.02287 -30.42951 25
        vertex 154.78513 -26.278605 6
        vertex 154.01894 -30.449377 24.598057
    endloop
endfacet
facet normal -0.98246521 0.18644312 -0.00104538
    outer loop
        vertex 154.70393 -26.752481 40.96494
        vertex 154.01976 -30.445253 25.357939
        vertex 154.0104 -30.492546 25.713991
    endloop
endfacet
facet normal -0.98783225 0.155523 0.00013401
    outer loop
        vertex 155.37172 -22.55275 6
        vertex 154.78513 -26.278605 6
        vertex 155.31392 -22.9474 37.937634
    endloop
endfacet
facet normal -0.98195624 0.18909767 0.00198829
    outer loop
        vertex 153.99489 -30.570839 53.93627
        vertex 154.70393 -26.752481 40.96494
        vertex 153.97325 -30.679607 53.59493
    endloop
endfacet
facet normal -0.98213744 0.18815896 -0.0014811
    outer loop
        vertex 154.70393 -26.752481 40.96494
        vertex 154.0104 -30.492546 25.713991
        vertex 153.99489 -30.570795 26.063566
    endloop
endfacet
facet normal -0.98188126 0.18948886 -0.00183403
    outer loop
        vertex 154.70393 -26.752481 40.96494
        vertex 153.99489 -30.570795 26.063566
        vertex 153.97324 -30.679684 26.405273
    endloop
endfacet
facet normal -0.98162282 0.1908185 -0.0022057
    outer loop
        vertex 154.70393 -26.752481 40.96494
        vertex 153.97324 -30.679684 26.405273
        vertex 153.94562 -30.817947 26.735128
    endloop
endfacet
facet normal -0.98145121 0.19169109 0.0028509
    outer loop
        vertex 154.70393 -26.752481 40.96494
        vertex 153.91212 -30.984743 52.948727
        vertex 153.9456 -30.818037 53.264687
    endloop
endfacet
facet normal -0.9812035 0.19294749 0.00331101
    outer loop
        vertex 153.87297 -31.17871 52.64897
        vertex 153.91212 -30.984743 52.948727
        vertex 154.70393 -26.752481 40.96494
    endloop
endfacet
facet normal -0.98137367 0.19209115 -0.00258251
    outer loop
        vertex 153.91211 -30.984884 27.051514
        vertex 154.70393 -26.752481 40.96494
        vertex 153.94562 -30.817947 26.735128
    endloop
endfacet
facet normal -0.982921 0.18402743 -0.00045382
    outer loop
        vertex 154.01976 -30.445253 25.357939
        vertex 154.70393 -26.752481 40.96494
        vertex 154.02287 -30.42951 25
    endloop
endfacet
facet normal -0.98283005 0.18451333 0.00000024
    outer loop
        vertex 153.87297 -31.17871 52.64897
        vertex 154.70393 -26.752481 40.96494
        vertex 153.87297 -31.178679 27.35099
    endloop
endfacet
facet normal -0.97992873 0.19934823 0.00000026
    outer loop
        vertex 153.82835 -31.398031 52.36835
        vertex 153.87297 -31.17871 52.64897
        vertex 153.87297 -31.178679 27.35099
    endloop
endfacet
facet normal -0.98077261 0.19515407 0.00007794
    outer loop
        vertex 153.9877 -30.60697 23.810827
        vertex 154.10919 -29.98929 6
        vertex 153.96053 -30.743395 23.432518
    endloop
endfacet
facet normal -0.9799425 0.19928044 -0.00000036
    outer loop
        vertex 153.82835 -31.398031 52.36835
        vertex 153.87297 -31.178679 27.35099
        vertex 153.82834 -31.398151 27.631784
    endloop
endfacet
facet normal -0.98057771 0.19613098 0.00012186
    outer loop
        vertex 153.96053 -30.743395 23.432518
        vertex 154.10919 -29.98929 6
        vertex 153.92593 -30.916115 23.0707
    endloop
endfacet
facet normal -0.97963244 0.20079899 0.00000013
    outer loop
        vertex 153.77853 -31.641148 52.10882
        vertex 153.82834 -31.398151 27.631784
        vertex 153.77852 -31.641207 27.891228
    endloop
endfacet
facet normal -0.98035055 0.19726306 0.00018576
    outer loop
        vertex 153.92593 -30.916115 23.0707
        vertex 154.10919 -29.98929 6
        vertex 153.88406 -31.123877 22.727953
    endloop
endfacet
facet normal -0.97930235 0.20240305 0.00000012
    outer loop
        vertex 153.77853 -31.641148 52.10882
        vertex 153.77852 -31.641207 27.891228
        vertex 153.7238 -31.905968 51.87261
    endloop
endfacet
facet normal -0.98006713 0.1986668 0.00028479
    outer loop
        vertex 153.88406 -31.123877 22.727953
        vertex 154.10919 -29.98929 6
        vertex 153.83528 -31.364073 22.408554
    endloop
endfacet
facet normal -0.9789471 0.20411432 -0.00000011
    outer loop
        vertex 153.7238 -31.905968 51.87261
        vertex 153.72379 -31.906054 28.127466
        vertex 153.66452 -32.19028 51.66164
    endloop
endfacet
facet normal -0.97379416 0.22743094 -0.0000006
    outer loop
        vertex 152.84607 -35.875877 51.3218
        vertex 152.92252 -35.548615 28.804306
        vertex 152.84615 -35.87561 28.67832
    endloop
endfacet
facet normal -0.97427869 0.22534665 -0
    outer loop
        vertex 152.92252 -35.548615 28.804306
        vertex 153.0005 -35.211437 51.100212
        vertex 153.00061 -35.210976 28.89989
    endloop
endfacet
facet normal -0.9747963 0.22309691 -0.00000135
    outer loop
        vertex 153.07637 -34.880177 58.962017
        vertex 153.00304 -35.200466 81.097664
        vertex 153.0828 -34.851974 81.03408
    endloop
endfacet
facet normal -0.97539836 0.22045001 0.00000221
    outer loop
        vertex 153.07637 -34.880177 58.962017
        vertex 153.0828 -34.851974 81.03408
        vertex 153.1976 -34.34378 59
    endloop
endfacet
facet normal -0.97473621 0.22335936 0.00000265
    outer loop
        vertex 152.99266 -35.245483 58.891647
        vertex 153.00304 -35.200466 81.097664
        vertex 153.07637 -34.880177 58.962017
    endloop
endfacet
facet normal -0.97423834 0.22552076 -0.00000055
    outer loop
        vertex 152.91882 -35.564457 58.798985
        vertex 152.9157 -35.577915 81.2056
        vertex 152.99266 -35.245483 58.891647
    endloop
endfacet
facet normal -0.97378099 0.22748764 0.00000069
    outer loop
        vertex 152.8466 -35.8736 58.6792
        vertex 152.9157 -35.577915 81.2056
        vertex 152.91882 -35.564457 58.798985
    endloop
endfacet
facet normal -0.97331947 0.22945423 0.00000266
    outer loop
        vertex 152.77626 -36.171986 58.53274
        vertex 152.83017 -35.943573 81.3523
        vertex 152.8466 -35.8736 58.6792
    endloop
endfacet
facet normal -0.9731819 0.23003711 -0.0000035
    outer loop
        vertex 152.74777 -36.292156 81.53566
        vertex 152.83017 -35.943573 81.3523
        vertex 152.77626 -36.171986 58.53274
    endloop
endfacet
facet normal -0.97288483 0.23128991 0.00000341
    outer loop
        vertex 152.74777 -36.292156 81.53566
        vertex 152.77626 -36.171986 58.53274
        vertex 152.70851 -36.45696 58.360878
    endloop
endfacet
facet normal -0.97246879 0.23303305 0.00000236
    outer loop
        vertex 152.66917 -36.621353 81.75443
        vertex 152.70851 -36.45696 58.360878
        vertex 152.6439 -36.726563 58.16482
    endloop
endfacet
facet normal -0.972184 0.23421822 -0.00000323
    outer loop
        vertex 152.66917 -36.621353 81.75443
        vertex 152.6439 -36.726563 58.16482
        vertex 152.59552 -36.92707 82.0059
    endloop
endfacet
facet normal -0.97206271 0.23472133 0.00000124
    outer loop
        vertex 152.6439 -36.726563 58.16482
        vertex 152.58293 -36.979076 57.945827
        vertex 152.59552 -36.92707 82.0059
    endloop
endfacet
facet normal -0.97173381 0.23607948 -0.00000186
    outer loop
        vertex 152.58293 -36.979076 57.945827
        vertex 152.5276 -37.206623 82.28781
        vertex 152.59552 -36.92707 82.0059
    endloop
endfacet
facet normal -0.97133702 0.23770638 -0.00000003
    outer loop
        vertex 152.52618 -37.212425 57.705704
        vertex 152.47415 -37.425045 57.44611
        vertex 152.5276 -37.206623 82.28781
    endloop
endfacet
facet normal -0.97130239 0.23784776 -0.00000135
    outer loop
        vertex 152.47415 -37.425045 57.44611
        vertex 152.46625 -37.45718 82.5973
        vertex 152.5276 -37.206623 82.28781
    endloop
endfacet
facet normal -0.96808147 0.25063574 0.000016
    outer loop
        vertex 151.48209 -41.257427 65.685974
        vertex 152.46625 -37.45718 82.5973
        vertex 152.47415 -37.425045 57.44611
    endloop
endfacet
facet normal -0.97023004 0.24217643 0.00204198
    outer loop
        vertex 152.46625 -37.45718 82.5973
        vertex 151.48209 -41.257427 65.685974
        vertex 152.41235 -37.675907 82.93076
    endloop
endfacet
facet normal -0.96882039 0.24776238 0.0009219
    outer loop
        vertex 152.3011 -38.123154 84.04349
        vertex 151.48209 -41.257427 65.685974
        vertex 152.28252 -38.197296 84.43831
    endloop
endfacet
facet normal -0.96742725 0.25314924 -0.00000776
    outer loop
        vertex 151.48209 -41.257427 65.685974
        vertex 152.27309 -38.23489 55.08443
        vertex 151.48602 -41.242996 45.67603
    endloop
endfacet
facet normal -0.94786495 0.31867224 0.00027168
    outer loop
        vertex 148.203 -51.815754 110
        vertex 149.40495 -48.24065 110
        vertex 149.69582 -47.33034 57.028145
    endloop
endfacet
facet normal -0.95992577 0.28025207 -0.0010989
    outer loop
        vertex 151.48602 -41.242996 45.67603
        vertex 150.49 -44.74101 23.633791
        vertex 149.69582 -47.33034 57.028145
    endloop
endfacet
facet normal -0.96744859 0.25306401 -0.00134134
    outer loop
        vertex 152.27678 -38.220184 25.357935
        vertex 151.51688 -41.12952 24.55188
        vertex 152.28851 -38.17344 25.713923
    endloop
endfacet
facet normal -0.97062087 0.24061407 0.00003219
    outer loop
        vertex 152.41234 -37.675938 22.930817
        vertex 152.49094 -37.356613 6
        vertex 152.36641 -37.86126 23.285883
    endloop
endfacet
facet normal -0.97173029 0.23609373 0.00001312
    outer loop
        vertex 152.5955 -36.927113 22.00594
        vertex 152.49094 -37.356613 6
        vertex 152.52759 -37.206665 22.287851
    endloop
endfacet
facet normal -0.97216934 0.23427932 0.00006467
    outer loop
        vertex 152.66916 -36.621407 21.75447
        vertex 152.49094 -37.356613 6
        vertex 152.5955 -36.927113 22.00594
    endloop
endfacet
facet normal -0.97421277 0.22562939 0.00082067
    outer loop
        vertex 152.91568 -35.57798 21.205622
        vertex 153.003 -35.200535 21.09768
        vertex 152.49094 -37.356613 6
    endloop
endfacet
facet normal -0.9674722 0.25297728 0.00005098
    outer loop
        vertex 152.27286 -38.23575 55
        vertex 151.48602 -41.242996 45.67603
        vertex 152.27309 -38.23489 55.08443
    endloop
endfacet
facet normal -0.96931523 0.2458183 -0.00117575
    outer loop
        vertex 151.48602 -41.242996 45.67603
        vertex 152.33476 -37.9884 26.405088
        vertex 152.30789 -38.09599 26.063759
    endloop
endfacet
facet normal -0.97476965 0.22321248 0.00040463
    outer loop
        vertex 153.08278 -34.85205 21.03409
        vertex 153.34431 -33.68267 6
        vertex 153.003 -35.200535 21.09768
    endloop
endfacet
facet normal -0.96797705 0.25103778 -0.00065077
    outer loop
        vertex 152.27309 -38.23489 55.08443
        vertex 151.48209 -41.257427 65.685974
        vertex 152.28358 -38.193096 55.591457
    endloop
endfacet
facet normal -0.96959907 0.2446955 -0.00137786
    outer loop
        vertex 151.48602 -41.242996 45.67603
        vertex 152.36887 -37.851406 26.735352
        vertex 152.33476 -37.9884 26.405088
    endloop
endfacet
facet normal -0.96875817 0.24800023 0.00190464
    outer loop
        vertex 152.30788 -38.096046 53.93645
        vertex 152.33478 -37.98834 53.594757
        vertex 151.48602 -41.242996 45.67603
    endloop
endfacet
facet normal -0.96833736 0.24964452 0.00059414
    outer loop
        vertex 152.28252 -38.197296 84.43831
        vertex 151.48209 -41.257427 65.685974
        vertex 152.27365 -38.23264 84.83985
    endloop
endfacet
facet normal -0.97022331 0.24220471 -0.0018688
    outer loop
        vertex 152.45714 -37.494297 27.350967
        vertex 152.40977 -37.686337 27.051357
        vertex 151.48602 -41.242996 45.67603
    endloop
endfacet
facet normal -0.96931583 0.24580136 0.0029122
    outer loop
        vertex 152.4098 -37.68623 52.948467
        vertex 151.48602 -41.242996 45.67603
        vertex 152.36884 -37.851543 53.264935
    endloop
endfacet
facet normal -0.97197992 0.23506364 0.00000021
    outer loop
        vertex 152.63272 -36.77294 28.127375
        vertex 152.56915 -37.035793 27.891148
        vertex 152.56917 -37.03575 52.108814
    endloop
endfacet
facet normal -0.96984428 0.24370146 -0.00342139
    outer loop
        vertex 152.42729 -37.61542 57.168934
        vertex 151.48209 -41.257427 65.685974
        vertex 152.47415 -37.425045 57.44611
    endloop
endfacet
facet normal -0.98255199 0.18598379 0.00123006
    outer loop
        vertex 154.78513 -26.278605 6
        vertex 154.0072 -30.508738 24.200386
        vertex 154.01894 -30.449377 24.598057
    endloop
endfacet
facet normal -0.97537303 0.22056198 0
    outer loop
        vertex 153.06955 -34.910053 51.04236
        vertex 153.1976 -34.34378 51
        vertex 153.1976 -34.34378 29
    endloop
endfacet
facet normal -0.97724396 0.21211845 -0.00000022
    outer loop
        vertex 153.38979 -33.47497 28.899778
        vertex 153.38968 -33.47544 51.10012
        vertex 153.46318 -33.136814 51.1957
    endloop
endfacet
facet normal -0.97639775 0.21598023 0
    outer loop
        vertex 153.1976 -34.34378 51
        vertex 153.38968 -33.47544 51.10012
        vertex 153.1976 -34.34378 29
    endloop
endfacet
facet normal -0.97724098 0.21213198 -0.00000043
    outer loop
        vertex 153.38979 -33.47497 28.899778
        vertex 153.46318 -33.136814 51.1957
        vertex 153.46318 -33.13686 28.80432
    endloop
endfacet
facet normal -0.99071658 0.13593814 -0.00123167
    outer loop
        vertex 155.81818 -19.22746 42.894737
        vertex 155.31392 -22.9474 37.937634
        vertex 155.00385 -24.95608 65.655334
    endloop
endfacet
facet normal -0.97768903 0.21005751 -0.00000043
    outer loop
        vertex 153.53372 -32.808487 51.32169
        vertex 153.46318 -33.13686 28.80432
        vertex 153.46318 -33.136814 51.1957
    endloop
endfacet
facet normal -0.9776985 0.2100137 0.00000024
    outer loop
        vertex 153.53375 -32.80832 28.67824
        vertex 153.46318 -33.13686 28.80432
        vertex 153.53372 -32.808487 51.32169
    endloop
endfacet
facet normal -0.97812796 0.20800397 0.00000022
    outer loop
        vertex 153.53375 -32.80832 28.67824
        vertex 153.53372 -32.808487 51.32169
        vertex 153.60098 -32.492172 28.52264
    endloop
endfacet
facet normal -0.97855777 0.20597269 -0.00000068
    outer loop
        vertex 153.60098 -32.492172 28.52264
        vertex 153.60104 -32.491806 51.47756
        vertex 153.66452 -32.19031 28.33838
    endloop
endfacet
facet normal -0.97855133 0.20600316 -0.00000027
    outer loop
        vertex 153.60104 -32.491806 51.47756
        vertex 153.66452 -32.19028 51.66164
        vertex 153.66452 -32.19031 28.33838
    endloop
endfacet
facet normal -0.97894973 0.20410174 -0.00000027
    outer loop
        vertex 153.66452 -32.19028 51.66164
        vertex 153.72379 -31.906054 28.127466
        vertex 153.66452 -32.19031 28.33838
    endloop
endfacet
facet normal -0.98110014 0.19347732 -0.00301968
    outer loop
        vertex 154.70393 -26.752481 40.96494
        vertex 153.91211 -30.984884 27.051514
        vertex 153.87297 -31.178679 27.35099
    endloop
endfacet
facet normal -0.99462831 0.10350779 0.00075249
    outer loop
        vertex 155.81818 -19.22746 42.894737
        vertex 156.31018 -14.701171 70.60993
        vertex 156.38455 -13.887789 57.028877
    endloop
endfacet
facet normal -0.98171073 0.19036388 0.0023961
    outer loop
        vertex 154.70393 -26.752481 40.96494
        vertex 153.9456 -30.818037 53.264687
        vertex 153.97325 -30.679607 53.59493
    endloop
endfacet
facet normal -0.99096322 0.13413325 0.00014786
    outer loop
        vertex 155.31392 -22.9474 37.937634
        vertex 155.81818 -19.22746 42.894737
        vertex 155.86865 -18.813879 6
    endloop
endfacet
facet normal -0.98295671 0.1838368 0.00046455
    outer loop
        vertex 154.01976 -30.44525 54.64212
        vertex 154.02287 -30.42951 55
        vertex 154.70393 -26.752481 40.96494
    endloop
endfacet
facet normal -0.98370343 0.17978939 -0.00182844
    outer loop
        vertex 155.00385 -24.95608 65.655334
        vertex 154.02008 -30.443594 55.338535
        vertex 154.01172 -30.485916 55.675694
    endloop
endfacet
facet normal -0.9900471 0.14073656 0
    outer loop
        vertex 155.81818 -19.22746 42.894737
        vertex 155.00385 -24.95608 65.655334
        vertex 155.81818 -19.22746 77.5614
    endloop
endfacet
facet normal -0.98273641 0.18499354 0.00257625
    outer loop
        vertex 155.00385 -24.95608 65.655334
        vertex 153.98766 -30.607168 83.81016
        vertex 154.0072 -30.508764 84.20025
    endloop
endfacet
facet normal -0.98337299 0.18157502 -0.00285078
    outer loop
        vertex 154.01172 -30.485916 55.675694
        vertex 153.99782 -30.555994 56.007263
        vertex 155.00385 -24.95608 65.655334
    endloop
endfacet
facet normal -0.98238271 0.18685308 0.0031747
    outer loop
        vertex 153.96053 -30.74339 83.432526
        vertex 153.98766 -30.607168 83.81016
        vertex 155.00385 -24.95608 65.655334
    endloop
endfacet
facet normal -0.98412257 0.17748992 0.00002445
    outer loop
        vertex 153.95367 -30.777687 56.647152
        vertex 153.96053 -30.74339 83.432526
        vertex 155.00385 -24.95608 65.655334
    endloop
endfacet
facet normal -0.98283768 0.18441509 -0.00460078
    outer loop
        vertex 153.95367 -30.777687 56.647152
        vertex 155.00385 -24.95608 65.655334
        vertex 153.97842 -30.653637 56.332363
    endloop
endfacet
facet normal -0.98053747 0.19633175 -0.00000059
    outer loop
        vertex 153.92593 -30.916151 83.07064
        vertex 153.96053 -30.74339 83.432526
        vertex 153.95367 -30.777687 56.647152
    endloop
endfacet
facet normal -0.98050475 0.19649532 0.0000003
    outer loop
        vertex 153.92593 -30.916151 83.07064
        vertex 153.95367 -30.777687 56.647152
        vertex 153.9236 -30.927761 56.950706
    endloop
endfacet
facet normal -0.9802776 0.19762591 -0.00000021
    outer loop
        vertex 153.88406 -31.123838 82.728004
        vertex 153.92593 -30.916151 83.07064
        vertex 153.88841 -31.102295 57.23981
    endloop
endfacet
facet normal -0.97999269 0.19903344 -0.0000023
    outer loop
        vertex 153.83528 -31.364035 82.4086
        vertex 153.88406 -31.123838 82.728004
        vertex 153.8483 -31.300236 57.51284
    endloop
endfacet
facet normal -0.97976971 0.20012796 0.00000062
    outer loop
        vertex 153.83528 -31.364035 82.4086
        vertex 153.8483 -31.300236 57.51284
        vertex 153.8034 -31.520012 57.76768
    endloop
endfacet
facet normal -0.98783225 0.15552299 -0.00023396
    outer loop
        vertex 155.00385 -24.95608 65.655334
        vertex 154.78513 -26.278605 110
        vertex 155.37172 -22.55275 110
    endloop
endfacet
facet normal -0.97967124 0.20060955 -0.00000255
    outer loop
        vertex 153.83528 -31.364035 82.4086
        vertex 153.8034 -31.520012 57.76768
        vertex 153.77989 -31.634531 82.115295
    endloop
endfacet
facet normal -0.97948754 0.20150456 0.00000183
    outer loop
        vertex 153.8034 -31.520012 57.76768
        vertex 153.75398 -31.760254 58.002716
        vertex 153.77989 -31.634531 82.115295
    endloop
endfacet
facet normal -0.97914326 0.20317088 0.00000249
    outer loop
        vertex 153.75398 -31.760254 58.002716
        vertex 153.7003 -32.01896 58.216026
        vertex 153.71832 -31.932402 81.85127
    endloop
endfacet
facet normal -0.97964227 0.20075086 -0.00000037
    outer loop
        vertex 153.82835 -31.398031 52.36835
        vertex 153.82834 -31.398151 27.631784
        vertex 153.77853 -31.641148 52.10882
    endloop
endfacet
facet normal -0.97541893 0.22035886 0
    outer loop
        vertex 153.1976 -34.34378 59
        vertex 153.0828 -34.851974 81.03408
        vertex 153.1976 -34.34378 81
    endloop
endfacet
facet normal -0.97472024 0.22342895 -0.00030559
    outer loop
        vertex 153.06946 -34.910526 88.95757
        vertex 153.00061 -35.210957 88.899895
        vertex 153.34431 -33.68267 110
    endloop
endfacet
facet normal -0.97537661 0.2205459 -0.00012878
    outer loop
        vertex 153.06946 -34.910526 88.95757
        vertex 153.34431 -33.68267 110
        vertex 153.1976 -34.34378 89
    endloop
endfacet
facet normal -0.97406787 0.22625515 -0.00052091
    outer loop
        vertex 153.00061 -35.210957 88.899895
        vertex 152.49094 -37.356613 110
        vertex 153.34431 -33.68267 110
    endloop
endfacet
facet normal -0.97424173 0.2255058 -0.00060131
    outer loop
        vertex 152.92252 -35.5486 88.804306
        vertex 152.49094 -37.356613 110
        vertex 153.00061 -35.210957 88.899895
    endloop
endfacet
facet normal -0.97375941 0.22757965 -0.00041459
    outer loop
        vertex 152.84615 -35.8756 88.67832
        vertex 152.49094 -37.356613 110
        vertex 152.92252 -35.5486 88.804306
    endloop
endfacet
facet normal -0.97281957 0.23156431 -0.00015286
    outer loop
        vertex 152.77184 -36.190712 88.52245
        vertex 152.7005 -36.490517 88.33836
        vertex 152.49094 -37.356613 110
    endloop
endfacet
facet normal -0.9723745 0.23342629 -0.0000741
    outer loop
        vertex 152.7005 -36.490517 88.33836
        vertex 152.63272 -36.77293 88.12738
        vertex 152.49094 -37.356613 110
    endloop
endfacet
facet normal -0.97198695 0.23503487 -0.00002867
    outer loop
        vertex 152.63272 -36.77293 88.12738
        vertex 152.56917 -37.03578 87.89115
        vertex 152.49094 -37.356613 110
    endloop
endfacet
facet normal -0.97159648 0.23664385 -0.00000394
    outer loop
        vertex 152.56917 -37.03578 87.89115
        vertex 152.51044 -37.27692 87.6316
        vertex 152.49094 -37.356613 110
    endloop
endfacet
facet normal -0.97123194 0.23813573 0.0000017
    outer loop
        vertex 152.51044 -37.27692 87.6316
        vertex 152.45714 -37.494297 87.35098
        vertex 152.49094 -37.356613 110
    endloop
endfacet
facet normal -0.96822315 0.25008804 -0.00007545
    outer loop
        vertex 152.45714 -37.494297 87.35098
        vertex 151.52942 -41.083298 96.270195
        vertex 152.49094 -37.356613 110
    endloop
endfacet
facet normal -0.96986133 0.24364069 -0.00284019
    outer loop
        vertex 152.40977 -37.68633 87.05137
        vertex 151.52942 -41.083298 96.270195
        vertex 152.45714 -37.494297 87.35098
    endloop
endfacet
facet normal -0.96835059 0.2495939 0.0000676
    outer loop
        vertex 151.52942 -41.083298 96.270195
        vertex 151.54953 -41.00899 110
        vertex 152.49094 -37.356613 110
    endloop
endfacet
facet normal -0.96956486 0.24482282 -0.00237629
    outer loop
        vertex 151.52942 -41.083298 96.270195
        vertex 152.40977 -37.68633 87.05137
        vertex 152.36887 -37.851406 86.73536
    endloop
endfacet
facet normal -0.9692685 0.24599749 -0.00195205
    outer loop
        vertex 151.52942 -41.083298 96.270195
        vertex 152.36887 -37.851406 86.73536
        vertex 152.33476 -37.9884 86.40509
    endloop
endfacet
facet normal -0.96899718 0.24706696 -0.00159437
    outer loop
        vertex 152.33476 -37.9884 86.40509
        vertex 152.30789 -38.09599 86.06376
        vertex 151.52942 -41.083298 96.270195
    endloop
endfacet
facet normal -0.96836436 0.24953912 -0.00084828
    outer loop
        vertex 151.52942 -41.083298 96.270195
        vertex 152.28851 -38.17344 85.71393
        vertex 152.27678 -38.220184 85.35794
    endloop
endfacet
facet normal -0.96207666 0.27277911 0.00006628
    outer loop
        vertex 150.52068 -44.637703 110
        vertex 151.54953 -41.00899 110
        vertex 150.51096 -44.6705 103.897865
    endloop
endfacet
facet normal -0.95964152 0.28122517 0.00073028
    outer loop
        vertex 150.51096 -44.6705 103.897865
        vertex 151.48209 -41.257427 65.685974
        vertex 149.69582 -47.33034 57.028145
    endloop
endfacet
facet normal -0.97284001 0.23147829 -0.00000003
    outer loop
        vertex 152.70049 -36.490585 51.66169
        vertex 152.77184 -36.190723 28.522444
        vertex 152.7005 -36.490524 28.338352
    endloop
endfacet
facet normal -0.96960682 0.24464336 0.0035155
    outer loop
        vertex 152.45714 -37.49433 52.649082
        vertex 151.48602 -41.242996 45.67603
        vertex 152.4098 -37.68623 52.948467
    endloop
endfacet
facet normal -0.96745235 0.25305322 0.00011944
    outer loop
        vertex 151.52942 -41.083298 96.270195
        vertex 152.27286 -38.23575 85
        vertex 152.27365 -38.23264 84.83985
    endloop
endfacet
facet normal -0.97797507 0.20872168 0.0001742
    outer loop
        vertex 153.57857 -32.59794 21.421312
        vertex 153.34431 -33.68267 6
        vertex 153.50159 -32.9585 21.259863
    endloop
endfacet
facet normal -0.96872306 0.24813907 -0.00160841
    outer loop
        vertex 151.48209 -41.257427 65.685974
        vertex 152.32167 -38.040882 56.251503
        vertex 152.29926 -38.130505 55.92522
    endloop
endfacet
facet normal -0.96899486 0.24707325 -0.00199588
    outer loop
        vertex 151.48209 -41.257427 65.685974
        vertex 152.35072 -37.92437 56.569714
        vertex 152.32167 -38.040882 56.251503
    endloop
endfacet
facet normal -0.9691906 0.24630912 0.00118654
    outer loop
        vertex 152.3011 -38.123154 84.04349
        vertex 152.32925 -38.010517 83.657234
        vertex 151.48209 -41.257427 65.685974
    endloop
endfacet
facet normal -0.96927041 0.24598591 -0.00241975
    outer loop
        vertex 152.386 -37.78235 56.875935
        vertex 152.35072 -37.92437 56.569714
        vertex 151.48209 -41.257427 65.685974
    endloop
endfacet
facet normal -0.97639698 0.21598347 -0.00000013
    outer loop
        vertex 153.38979 -33.47497 28.899778
        vertex 153.1976 -34.34378 29
        vertex 153.38968 -33.47544 51.10012
    endloop
endfacet
facet normal -0.96953106 0.24496402 0.00144562
    outer loop
        vertex 151.48209 -41.257427 65.685974
        vertex 152.32925 -38.010517 83.657234
        vertex 152.36644 -37.86115 83.28565
    endloop
endfacet
facet normal -0.96954829 0.24488308 -0.00288313
    outer loop
        vertex 151.48209 -41.257427 65.685974
        vertex 152.42729 -37.61542 57.168934
        vertex 152.386 -37.78235 56.875935
    endloop
endfacet
facet normal -0.97168016 0.23629978 0.00000032
    outer loop
        vertex 152.5276 -37.206623 82.28781
        vertex 152.58293 -36.979076 57.945827
        vertex 152.52618 -37.212425 57.705704
    endloop
endfacet
facet normal -0.97266155 0.23222719 -0.00000363
    outer loop
        vertex 152.70851 -36.45696 58.360878
        vertex 152.66917 -36.621353 81.75443
        vertex 152.74777 -36.292156 81.53566
    endloop
endfacet
facet normal -0.97814173 0.20793913 -0.00000072
    outer loop
        vertex 153.60098 -32.492172 28.52264
        vertex 153.53372 -32.808487 51.32169
        vertex 153.60104 -32.491806 51.47756
    endloop
endfacet
facet normal -0.97372031 0.2277471 -0.0000029
    outer loop
        vertex 152.8466 -35.8736 58.6792
        vertex 152.83017 -35.943573 81.3523
        vertex 152.9157 -35.577915 81.2056
    endloop
endfacet
facet normal -0.96873033 0.2481126 -0.00126797
    outer loop
        vertex 152.30789 -38.09599 86.06376
        vertex 152.28851 -38.17344 85.71393
        vertex 151.52942 -41.083298 96.270195
    endloop
endfacet
facet normal -0.97636366 0.21613441 0.00001813
    outer loop
        vertex 153.1976 -34.34378 59
        vertex 153.33662 -33.71761 81.05176
        vertex 153.37967 -33.5213 58.91029
    endloop
endfacet
facet normal -0.97425675 0.22544147 -0.0000018
    outer loop
        vertex 152.9157 -35.577915 81.2056
        vertex 153.00304 -35.200466 81.097664
        vertex 152.99266 -35.245483 58.891647
    endloop
endfacet
facet normal -0.9769367 0.21352926 -0.00000609
    outer loop
        vertex 153.33662 -33.71761 81.05176
        vertex 153.42061 -33.333363 81.136154
        vertex 153.37967 -33.5213 58.91029
    endloop
endfacet
facet normal -0.97745359 0.21115056 -0.00000504
    outer loop
        vertex 153.50162 -32.958355 81.25992
        vertex 153.44942 -33.200535 58.82487
        vertex 153.42061 -33.333363 81.136154
    endloop
endfacet
facet normal -0.97759932 0.21047476 0.0000026
    outer loop
        vertex 153.5169 -32.887062 58.71161
        vertex 153.44942 -33.200535 58.82487
        vertex 153.50162 -32.958355 81.25992
    endloop
endfacet
facet normal -0.97796458 0.20877123 -0.00000304
    outer loop
        vertex 153.5169 -32.887062 58.71161
        vertex 153.50162 -32.958355 81.25992
        vertex 153.57857 -32.59789 81.42133
    endloop
endfacet
facet normal -0.97802788 0.20847404 0.00000092
    outer loop
        vertex 153.5169 -32.887062 58.71161
        vertex 153.57857 -32.59789 81.42133
        vertex 153.58139 -32.584545 58.571823
    endloop
endfacet
facet normal -0.97841471 0.20665105 -0.00000019
    outer loop
        vertex 153.57857 -32.59789 81.42133
        vertex 153.64265 -32.294483 58.406242
        vertex 153.58139 -32.584545 58.571823
    endloop
endfacet
facet normal -0.98252946 0.18610433 0.00109813
    outer loop
        vertex 154.01976 -30.44525 54.64212
        vertex 154.70393 -26.752481 40.96494
        vertex 154.0104 -30.49253 54.286083
    endloop
endfacet
facet normal -0.97880465 0.20479588 0.00000195
    outer loop
        vertex 153.7003 -32.01896 58.216026
        vertex 153.64265 -32.294483 58.406242
        vertex 153.65106 -32.25452 81.61923
    endloop
endfacet
facet normal -0.97888732 0.20440039 -0.00000221
    outer loop
        vertex 153.65106 -32.25452 81.61923
        vertex 153.71832 -31.932402 81.85127
        vertex 153.7003 -32.01896 58.216026
    endloop
endfacet
facet normal -0.98311049 0.18297605 -0.00369134
    outer loop
        vertex 153.99782 -30.555994 56.007263
        vertex 153.97842 -30.653637 56.332363
        vertex 155.00385 -24.95608 65.655334
    endloop
endfacet
facet normal -0.98303455 0.18341982 -0.00048163
    outer loop
        vertex 154.78513 -26.278605 110
        vertex 154.02287 -30.42951 85
        vertex 154.01976 -30.445253 85.35794
    endloop
endfacet
facet normal -0.98403609 0.17796841 0.00045417
    outer loop
        vertex 155.00385 -24.95608 65.655334
        vertex 154.02287 -30.42951 85
        vertex 154.78513 -26.278605 110
    endloop
endfacet
facet normal -0.98244387 0.18655522 -0.00102998
    outer loop
        vertex 154.78513 -26.278605 110
        vertex 154.01976 -30.445253 85.35794
        vertex 154.0104 -30.492546 85.71399
    endloop
endfacet
facet normal -0.98206174 0.1885546 -0.00138911
    outer loop
        vertex 154.78513 -26.278605 110
        vertex 154.0104 -30.492546 85.71399
        vertex 153.99489 -30.570795 86.06357
    endloop
endfacet
facet normal -0.98381084 0.17920972 0.00034432
    outer loop
        vertex 154.78513 -26.278605 110
        vertex 153.99489 -30.570795 86.06357
        vertex 154.10919 -29.98929 110
    endloop
endfacet
facet normal -0.98383743 0.17906247 0.00077379
    outer loop
        vertex 154.01895 -30.449322 84.59859
        vertex 154.02287 -30.42951 85
        vertex 155.00385 -24.95608 65.655334
    endloop
endfacet
facet normal -0.98046708 0.19668335 -0.00011194
    outer loop
        vertex 153.94562 -30.81795 86.73514
        vertex 153.9121 -30.984884 87.05152
        vertex 154.10919 -29.98929 110
    endloop
endfacet
facet normal -0.98027307 0.19764744 -0.00015543
    outer loop
        vertex 153.9121 -30.984884 87.05152
        vertex 153.87297 -31.17869 87.351
        vertex 154.10919 -29.98929 110
    endloop
endfacet
facet normal -0.9799996 0.19899917 -0.00022927
    outer loop
        vertex 153.87297 -31.17869 87.351
        vertex 153.82834 -31.398163 87.63179
        vertex 154.10919 -29.98929 110
    endloop
endfacet
facet normal -0.97969949 0.20047116 -0.00032575
    outer loop
        vertex 153.82834 -31.398163 87.63179
        vertex 153.77852 -31.64121 87.891235
        vertex 154.10919 -29.98929 110
    endloop
endfacet
facet normal -0.97938585 0.20199773 -0.0004445
    outer loop
        vertex 153.77852 -31.64121 87.891235
        vertex 153.72379 -31.906065 88.12747
        vertex 154.10919 -29.98929 110
    endloop
endfacet
facet normal -0.97904122 0.20366153 -0.00059639
    outer loop
        vertex 153.72379 -31.906065 88.12747
        vertex 153.66454 -32.190273 88.33836
        vertex 154.10919 -29.98929 110
    endloop
endfacet
facet normal -0.97922188 0.20279109 -0.00050423
    outer loop
        vertex 153.66454 -32.190273 88.33836
        vertex 153.34431 -33.68267 110
        vertex 154.10919 -29.98929 110
    endloop
endfacet
facet normal -0.9785803 0.20586501 -0.00028296
    outer loop
        vertex 153.60104 -32.49183 88.52244
        vertex 153.34431 -33.68267 110
        vertex 153.66454 -32.190273 88.33836
    endloop
endfacet
facet normal -0.97930628 0.20238347 -0.0000001
    outer loop
        vertex 153.72379 -31.906054 28.127466
        vertex 153.7238 -31.905968 51.87261
        vertex 153.77852 -31.641207 27.891228
    endloop
endfacet
facet normal -0.97929847 0.20242165 -0.00000315
    outer loop
        vertex 153.71832 -31.932402 81.85127
        vertex 153.77989 -31.634531 82.115295
        vertex 153.75398 -31.760254 58.002716
    endloop
endfacet
facet normal -0.97843093 0.20657429 -0.00000125
    outer loop
        vertex 153.64265 -32.294483 58.406242
        vertex 153.57857 -32.59789 81.42133
        vertex 153.65106 -32.25452 81.61923
    endloop
endfacet
facet normal -0.93146461 -0.36383209 -0.00008008
    outer loop
        vertex 146.9155 55.36096 6
        vertex 147.0275 55.06285 57.666668
        vertex 145.54321 58.87421 6
    endloop
endfacet
facet normal -0.96879768 -0.24784695 -0.00169195
    outer loop
        vertex 152.32835 38.014103 56.33236
        vertex 151.48686 41.239933 65.62524
        vertex 152.30421 38.11068 56.007267
    endloop
endfacet
facet normal -0.97198045 -0.23506176 -0.00002793
    outer loop
        vertex 152.56917 37.03575 87.89118
        vertex 152.63274 36.77287 88.12744
        vertex 152.49094 37.356613 110
    endloop
endfacet
facet normal -0.97375113 -0.2276153 -0.00041154
    outer loop
        vertex 152.84605 35.87595 88.67818
        vertex 152.92262 35.548157 88.80445
        vertex 152.49094 37.356613 110
    endloop
endfacet
facet normal -0.97406793 -0.22625515 -0.00052101
    outer loop
        vertex 152.49094 37.356613 110
        vertex 153.0005 35.211426 88.89978
        vertex 153.34431 33.68267 110
    endloop
endfacet
facet normal -0.98381078 -0.17920974 0.00034399
    outer loop
        vertex 153.99489 30.570839 86.06373
        vertex 154.78513 26.278605 110
        vertex 154.10919 29.98929 110
    endloop
endfacet
facet normal -0.93993366 -0.34135416 -0.00139496
    outer loop
        vertex 149.10309 49.16575 47.98668
        vertex 146.9155 55.36096 6
        vertex 148.203 51.815754 6
    endloop
endfacet
facet normal -0.97518957 -0.22137137 0.00001888
    outer loop
        vertex 153.05605 34.969246 81.051735
        vertex 153.0111 35.165382 58.910267
        vertex 153.1976 34.34378 59
    endloop
endfacet
facet normal -0.98258531 -0.18579035 0.00280813
    outer loop
        vertex 155.00124 24.972332 65.67657
        vertex 154.0003 30.54352 84.042915
        vertex 153.9777 30.657207 83.65737
    endloop
endfacet
facet normal -0.99951297 -0.03119507 0.00079719
    outer loop
        vertex 156.94942 3.9848065 84.65171
        vertex 156.83208 7.259309 65.66668
        vertex 156.95056 3.9392993 84.30581
    endloop
endfacet
facet normal -0.99940389 -0.0345202 -0.00041034
    outer loop
        vertex 156.94904 4 55
        vertex 156.94942 3.9848173 55.348175
        vertex 156.83208 7.259309 65.66668
    endloop
endfacet
facet normal -0.99977922 -0.02101333 -0.00002916
    outer loop
        vertex 156.96315 3.4010463 87.10544
        vertex 156.96753 3.1922648 87.41027
        vertex 156.9547 3.7714772 110
    endloop
endfacet
facet normal -0.9999277 -0.01201123 -0.00050384
    outer loop
        vertex 156.99336 1.4448029 88.72996
        vertex 157 -0.000000000000048572257 110
        vertex 156.9547 3.7714772 110
    endloop
endfacet
facet normal -0.99998295 -0.00584825 -0.00012215
    outer loop
        vertex 156.99619 1.094062 88.84747
        vertex 156.99828 0.73485464 88.931915
        vertex 157 -0.000000000000048572257 110
    endloop
endfacet
facet normal -0.9999308 -0.01176662 0.00000014
    outer loop
        vertex 156.98726 1.9997219 58.464264
        vertex 156.9909 1.6900934 81.374596
        vertex 156.98726 2.0000057 81.5359
    endloop
endfacet
facet normal -0.99998921 -0.00465655 -0.00000007
    outer loop
        vertex 156.9966 1.0349818 58.863785
        vertex 156.99939 0.43498412 81.02372
        vertex 156.9966 1.0346385 81.13612
    endloop
endfacet
facet normal -0.99961722 0.02751556 -0.00287847
    outer loop
        vertex 156.96275 -3.4198115 57.07483
        vertex 156.95901 -3.587632 56.768867
        vertex 156.8326 -7.2485023 65.67631
    endloop
endfacet
facet normal -0.99819678 0.06002782 -0.00009093
    outer loop
        vertex 156.832 -7.261306 45.600204
        vertex 156.8188 -7.5407777 6
        vertex 156.59239 -11.305726 6
    endloop
endfacet
facet normal -0.99937785 0.0352699 0.00020598
    outer loop
        vertex 156.94905 -3.9990623 54.91347
        vertex 156.832 -7.261306 45.600204
        vertex 156.94904 -4 55
    endloop
endfacet
facet normal -0.98066223 0.19570802 -0.00007583
    outer loop
        vertex 153.97324 -30.679686 86.40527
        vertex 153.94562 -30.81795 86.73514
        vertex 154.10919 -29.98929 110
    endloop
endfacet
facet normal -0.97815245 0.20788892 -0.00016563
    outer loop
        vertex 153.53378 -32.808178 88.67818
        vertex 153.34431 -33.68267 110
        vertex 153.60104 -32.49183 88.52244
    endloop
endfacet
facet normal -0.98027718 0.19762768 -0.00000023
    outer loop
        vertex 153.92593 -30.916151 83.07064
        vertex 153.9236 -30.927761 56.950706
        vertex 153.88841 -31.102295 57.23981
    endloop
endfacet
facet normal -0.96201628 0.27299228 -0.00006543
    outer loop
        vertex 150.51096 -44.6705 103.897865
        vertex 151.52942 -41.083298 96.270195
        vertex 151.48209 -41.257427 65.685974
    endloop
endfacet
facet normal -0.97716606 0.21247727 0.00000323
    outer loop
        vertex 153.44942 -33.200535 58.82487
        vertex 153.37967 -33.5213 58.91029
        vertex 153.42061 -33.333363 81.136154
    endloop
endfacet
facet normal -0.93183261 0.36288825 0
    outer loop
        vertex 145.54321 -58.87421 110
        vertex 147.02753 -55.062756 57.67605
        vertex 145.54321 -58.87421 6
    endloop
endfacet
facet normal -0.94831896 0.31731871 0.00035207
    outer loop
        vertex 148.203 -51.815754 6
        vertex 148.75581 -50.20664 44.737076
        vertex 149.42285 -48.185177 19.507034
    endloop
endfacet
facet normal -0.93146455 0.36383206 0.00007919
    outer loop
        vertex 147.02753 -55.062756 57.67605
        vertex 145.54321 -58.87421 110
        vertex 146.9155 -55.36096 110
    endloop
endfacet
facet normal -0.93993437 0.34135446 -0.00076601
    outer loop
        vertex 146.9155 -55.36096 6
        vertex 148.75581 -50.20664 44.737076
        vertex 148.203 -51.815754 6
    endloop
endfacet
facet normal -0.97314417 0.23019606 0.00031559
    outer loop
        vertex 152.74776 -36.292213 21.5357
        vertex 152.83015 -35.94363 21.35233
        vertex 152.49094 -37.356613 6
    endloop
endfacet
facet normal -0.96985734 0.24366747 0.00171221
    outer loop
        vertex 152.36644 -37.86115 83.28565
        vertex 152.41235 -37.675907 82.93076
        vertex 151.48209 -41.257427 65.685974
    endloop
endfacet
facet normal -0.97622877 0.2167428 0
    outer loop
        vertex 153.33662 -33.71761 81.05176
        vertex 153.1976 -34.34378 59
        vertex 153.1976 -34.34378 81
    endloop
endfacet
facet normal -0.96751213 0.25282425 0.0000579
    outer loop
        vertex 152.27365 -38.23264 84.83985
        vertex 151.48209 -41.257427 65.685974
        vertex 151.52942 -41.083298 96.270195
    endloop
endfacet
facet normal -0.97327363 0.22964841 -0.0002628
    outer loop
        vertex 152.49094 -37.356613 110
        vertex 152.84615 -35.8756 88.67832
        vertex 152.77184 -36.190712 88.52245
    endloop
endfacet
facet normal -0.97639406 0.21599676 0.00002154
    outer loop
        vertex 153.34431 -33.68267 110
        vertex 153.3898 -33.47495 88.89977
        vertex 153.1976 -34.34378 89
    endloop
endfacet
facet normal -0.98007536 0.19862631 0.00000067
    outer loop
        vertex 153.8483 -31.300236 57.51284
        vertex 153.88406 -31.123838 82.728004
        vertex 153.88841 -31.102295 57.23981
    endloop
endfacet
facet normal -0.97725481 0.21206851 -0.00001899
    outer loop
        vertex 153.3898 -33.47495 88.89977
        vertex 153.34431 -33.68267 110
        vertex 153.4631 -33.13716 88.80442
    endloop
endfacet
facet normal -0.93183208 -0.36288965 -0
    outer loop
        vertex 145.54321 58.87421 110
        vertex 145.54321 58.87421 6
        vertex 147.0275 55.06285 57.666668
    endloop
endfacet
facet normal -0.97769719 0.21001981 -0.00007419
    outer loop
        vertex 153.53378 -32.808178 88.67818
        vertex 153.4631 -33.13716 88.80442
        vertex 153.34431 -33.68267 110
    endloop
endfacet
facet normal -0.9808284 0.19487345 -0.00005045
    outer loop
        vertex 153.99489 -30.570795 86.06357
        vertex 153.97324 -30.679686 86.40527
        vertex 154.10919 -29.98929 110
    endloop
endfacet
facet normal -0.99933916 0.03634705 -0.00025197
    outer loop
        vertex 156.81549 -7.609314 94.00484
        vertex 156.94905 -3.998944 85.09181
        vertex 156.94904 -4 85
    endloop
endfacet
facet normal -0.99996698 -0.0081285 -0.00024009
    outer loop
        vertex 156.99336 1.4448029 88.72996
        vertex 156.99619 1.094062 88.84747
        vertex 157 -0.000000000000048572257 110
    endloop
endfacet
facet normal -0.99962574 -0.02720918 -0.00281615
    outer loop
        vertex 156.95917 3.5807579 86.782745
        vertex 156.96315 3.4010463 87.10544
        vertex 156.81425 7.6346927 99.05277
    endloop
endfacet
facet normal -0.97725391 -0.21207249 -0.00000188
    outer loop
        vertex 153.3972 33.440956 58.89167
        vertex 153.46954 33.1074 81.2056
        vertex 153.38737 33.486042 81.09766
    endloop
endfacet
facet normal -0.98402977 -0.17800364 0.00044812
    outer loop
        vertex 155.00124 24.972332 65.67657
        vertex 154.78513 26.278605 110
        vertex 154.02287 30.42951 85
    endloop
endfacet
facet normal -0.97424328 -0.22549848 -0.00060218
    outer loop
        vertex 152.49094 37.356613 110
        vertex 152.92262 35.548157 88.80445
        vertex 153.0005 35.211426 88.89978
    endloop
endfacet
facet normal -0.97160405 -0.23661269 -0.00000409
    outer loop
        vertex 152.51047 37.2768 87.631744
        vertex 152.56917 37.03575 87.89118
        vertex 152.49094 37.356613 110
    endloop
endfacet
facet normal -0.93993461 -0.34135455 -0.00006711
    outer loop
        vertex 146.9155 55.36096 110
        vertex 147.0275 55.06285 57.666668
        vertex 148.203 51.815754 110
    endloop
endfacet
facet normal -0.9500941 -0.31196332 -0.00035905
    outer loop
        vertex 149.69572 47.330624 57
        vertex 148.203 51.815754 110
        vertex 148.64548 50.532387 54.21778
    endloop
endfacet
facet normal 0 0 -0.99999994
    outer loop
        vertex 146.93376 -59.436703 0
        vertex 145.54321 -58.87421 0
        vertex 146.9155 -55.36096 0
    endloop
endfacet
facet normal 0 0 -1
    outer loop
        vertex 148.3243 -59.99919 0
        vertex 146.93376 -59.436703 0
        vertex 149.7228 -56.418808 0
    endloop
endfacet
facet normal 0 0 -1
    outer loop
        vertex 146.93376 -59.436703 0
        vertex 146.9155 -55.36096 0
        vertex 149.7228 -56.418808 0
    endloop
endfacet
facet normal 0 0 -0.99999994
    outer loop
        vertex 146.9155 -55.36096 0
        vertex 148.203 -51.815754 0
        vertex 149.7228 -56.418808 0
    endloop
endfacet
facet normal 0 0 -1
    outer loop
        vertex 148.203 -51.815754 0
        vertex 151.03491 -52.805862 0
        vertex 149.7228 -56.418808 0
    endloop
endfacet
facet normal 0 0 -0.99999994
    outer loop
        vertex 149.40495 -48.24065 0
        vertex 150.52068 -44.637703 0
        vertex 152.25983 -49.162445 0
    endloop
endfacet
facet normal 0 0 -1
    outer loop
        vertex 149.40495 -48.24065 0
        vertex 152.25983 -49.162445 0
        vertex 151.03491 -52.805862 0
    endloop
endfacet
facet normal 0 0 -0.99999994
    outer loop
        vertex 151.54953 -41.00899 0
        vertex 154.44539 -41.7926 0
        vertex 153.39688 -45.49065 0
    endloop
endfacet
facet normal 0 -0 -0.99999994
    outer loop
        vertex 151.54953 -41.00899 0
        vertex 153.39688 -45.49065 0
        vertex 150.52068 -44.637703 0
    endloop
endfacet
facet normal 0 0 -0.99999994
    outer loop
        vertex 152.49094 -37.356613 0
        vertex 155.40477 -38.07043 0
        vertex 154.44539 -41.7926 0
    endloop
endfacet
facet normal 0 -0 -0.99999994
    outer loop
        vertex 152.49094 -37.356613 0
        vertex 154.44539 -41.7926 0
        vertex 151.54953 -41.00899 0
    endloop
endfacet
facet normal 0 0 -1
    outer loop
        vertex 153.34431 -33.68267 0
        vertex 156.27446 -34.326286 0
        vertex 155.40477 -38.07043 0
    endloop
endfacet
facet normal 0 -0 -0.99999994
    outer loop
        vertex 153.34431 -33.68267 0
        vertex 155.40477 -38.07043 0
        vertex 152.49094 -37.356613 0
    endloop
endfacet
facet normal 0 0 -1
    outer loop
        vertex 154.10919 -29.98929 0
        vertex 157.05396 -30.562332 0
        vertex 156.27446 -34.326286 0
    endloop
endfacet
facet normal 0 -0 -0.99999994
    outer loop
        vertex 154.10919 -29.98929 0
        vertex 156.27446 -34.326286 0
        vertex 153.34431 -33.68267 0
    endloop
endfacet
facet normal 0 0 -1
    outer loop
        vertex 154.78513 -26.278605 0
        vertex 157.7428 -26.780739 0
        vertex 157.05396 -30.562332 0
    endloop
endfacet
facet normal 0 -0 -0.99999994
    outer loop
        vertex 154.78513 -26.278605 0
        vertex 157.05396 -30.562332 0
        vertex 154.10919 -29.98929 0
    endloop
endfacet
facet normal 0 0 -1
    outer loop
        vertex 155.37172 -22.55275 0
        vertex 158.34062 -22.98369 0
        vertex 157.7428 -26.780739 0
    endloop
endfacet
facet normal 0 -0 -0.99999994
    outer loop
        vertex 155.37172 -22.55275 0
        vertex 157.7428 -26.780739 0
        vertex 154.78513 -26.278605 0
    endloop
endfacet
facet normal 0 0 -1
    outer loop
        vertex 155.86865 -18.813879 0
        vertex 158.84703 -19.173378 0
        vertex 158.34062 -22.98369 0
    endloop
endfacet
facet normal 0 -0 -0.99999994
    outer loop
        vertex 155.86865 -18.813879 0
        vertex 158.34062 -22.98369 0
        vertex 155.37172 -22.55275 0
    endloop
endfacet
facet normal 0 0 -1
    outer loop
        vertex 156.27563 -15.064149 0
        vertex 159.26178 -15.351997 0
        vertex 158.84703 -19.173378 0
    endloop
endfacet
facet normal 0 -0 -0.99999994
    outer loop
        vertex 156.27563 -15.064149 0
        vertex 158.84703 -19.173378 0
        vertex 155.86865 -18.813879 0
    endloop
endfacet
facet normal 0 0 -0.99999994
    outer loop
        vertex 156.59239 -11.305726 0
        vertex 159.58461 -11.521758 0
        vertex 159.26178 -15.351997 0
    endloop
endfacet
facet normal 0 -0 -0.99999994
    outer loop
        vertex 156.59239 -11.305726 0
        vertex 159.26178 -15.351997 0
        vertex 156.27563 -15.064149 0
    endloop
endfacet
facet normal 0 0 -1
    outer loop
        vertex 156.8188 -7.5407777 0
        vertex 159.81534 -7.6848683 0
        vertex 159.58461 -11.521758 0
    endloop
endfacet
facet normal 0 -0 -0.99999994
    outer loop
        vertex 156.8188 -7.5407777 0
        vertex 159.58461 -11.521758 0
        vertex 156.59239 -11.305726 0
    endloop
endfacet
facet normal 0 0 -1
    outer loop
        vertex 156.9547 -3.7714772 0
        vertex 159.95383 -3.8435433 0
        vertex 159.81534 -7.6848683 0
    endloop
endfacet
facet normal 0 -0 -0.99999994
    outer loop
        vertex 156.9547 -3.7714772 0
        vertex 159.81534 -7.6848683 0
        vertex 156.8188 -7.5407777 0
    endloop
endfacet
facet normal 0 0 -1
    outer loop
        vertex 157 -0 0
        vertex 160 -0 0
        vertex 159.95383 -3.8435433 0
    endloop
endfacet
facet normal 0 -0 -0.99999994
    outer loop
        vertex 157 -0 0
        vertex 159.95383 -3.8435433 0
        vertex 156.9547 -3.7714772 0
    endloop
endfacet
facet normal 0 0 -0.99999994
    outer loop
        vertex 156.9547 3.7714772 0
        vertex 159.95383 3.8435433 0
        vertex 157 -0 0
    endloop
endfacet
facet normal 0 -0 -1
    outer loop
        vertex 159.95383 3.8435433 0
        vertex 160 -0 0
        vertex 157 -0 0
    endloop
endfacet
facet normal 0 0 -0.99999994
    outer loop
        vertex 156.8188 7.5407777 0
        vertex 159.81534 7.6848683 0
        vertex 156.9547 3.7714772 0
    endloop
endfacet
facet normal 0 -0 -1
    outer loop
        vertex 159.81534 7.6848683 0
        vertex 159.95383 3.8435433 0
        vertex 156.9547 3.7714772 0
    endloop
endfacet
facet normal 0 0 -0.99999994
    outer loop
        vertex 156.59239 11.305726 0
        vertex 159.58461 11.521758 0
        vertex 156.8188 7.5407777 0
    endloop
endfacet
facet normal 0 -0 -1
    outer loop
        vertex 159.58461 11.521758 0
        vertex 159.81534 7.6848683 0
        vertex 156.8188 7.5407777 0
    endloop
endfacet
facet normal 0 0 -0.99999994
    outer loop
        vertex 156.27563 15.064149 0
        vertex 159.26178 15.351997 0
        vertex 156.59239 11.305726 0
    endloop
endfacet
facet normal 0 -0 -0.99999994
    outer loop
        vertex 159.26178 15.351997 0
        vertex 159.58461 11.521758 0
        vertex 156.59239 11.305726 0
    endloop
endfacet
facet normal 0 0 -0.99999994
    outer loop
        vertex 155.86865 18.813879 0
        vertex 158.84703 19.173378 0
        vertex 156.27563 15.064149 0
    endloop
endfacet
facet normal 0 -0 -1
    outer loop
        vertex 158.84703 19.173378 0
        vertex 159.26178 15.351997 0
        vertex 156.27563 15.064149 0
    endloop
endfacet
facet normal 0 0 -0.99999994
    outer loop
        vertex 155.37172 22.55275 0
        vertex 158.34062 22.98369 0
        vertex 155.86865 18.813879 0
    endloop
endfacet
facet normal 0 -0 -1
    outer loop
        vertex 158.34062 22.98369 0
        vertex 158.84703 19.173378 0
        vertex 155.86865 18.813879 0
    endloop
endfacet
facet normal 0 0 -0.99999994
    outer loop
        vertex 154.78513 26.278605 0
        vertex 157.7428 26.780739 0
        vertex 155.37172 22.55275 0
    endloop
endfacet
facet normal 0 -0 -1
    outer loop
        vertex 157.7428 26.780739 0
        vertex 158.34062 22.98369 0
        vertex 155.37172 22.55275 0
    endloop
endfacet
facet normal 0 0 -0.99999994
    outer loop
        vertex 154.10919 29.98929 0
        vertex 157.05396 30.562332 0
        vertex 154.78513 26.278605 0
    endloop
endfacet
facet normal 0 -0 -1
    outer loop
        vertex 157.05396 30.562332 0
        vertex 157.7428 26.780739 0
        vertex 154.78513 26.278605 0
    endloop
endfacet
facet normal 0 0 -0.99999994
    outer loop
        vertex 153.34431 33.68267 0
        vertex 156.27446 34.326286 0
        vertex 154.10919 29.98929 0
    endloop
endfacet
facet normal 0 -0 -1
    outer loop
        vertex 156.27446 34.326286 0
        vertex 157.05396 30.562332 0
        vertex 154.10919 29.98929 0
    endloop
endfacet
facet normal 0 0 -0.99999994
    outer loop
        vertex 152.49094 37.356613 0
        vertex 155.40477 38.07043 0
        vertex 153.34431 33.68267 0
    endloop
endfacet
facet normal 0 -0 -1
    outer loop
        vertex 155.40477 38.07043 0
        vertex 156.27446 34.326286 0
        vertex 153.34431 33.68267 0
    endloop
endfacet
facet normal 0 0 -0.99999994
    outer loop
        vertex 151.54953 41.00899 0
        vertex 154.44539 41.7926 0
        vertex 152.49094 37.356613 0
    endloop
endfacet
facet normal 0 -0 -0.99999994
    outer loop
        vertex 154.44539 41.7926 0
        vertex 155.40477 38.07043 0
        vertex 152.49094 37.356613 0
    endloop
endfacet
facet normal 0 0 -0.99999994
    outer loop
        vertex 150.52068 44.637703 0
        vertex 153.39688 45.49065 0
        vertex 151.54953 41.00899 0
    endloop
endfacet
facet normal 0 -0 -0.99999994
    outer loop
        vertex 153.39688 45.49065 0
        vertex 154.44539 41.7926 0
        vertex 151.54953 41.00899 0
    endloop
endfacet
facet normal 0 0 -1
    outer loop
        vertex 152.25983 -49.162445 0
        vertex 150.52068 -44.637703 0
        vertex 153.39688 -45.49065 0
    endloop
endfacet
facet normal 0 -0 -1
    outer loop
        vertex 148.3243 59.99919 0
        vertex 149.7228 56.418808 0
        vertex 146.93376 59.436703 0
    endloop
endfacet
facet normal 0 0 -0.99999994
    outer loop
        vertex 146.9155 55.36096 0
        vertex 145.54321 58.87421 0
        vertex 146.93376 59.436703 0
    endloop
endfacet
facet normal 0 0 -1
    outer loop
        vertex 146.9155 55.36096 0
        vertex 146.93376 59.436703 0
        vertex 149.7228 56.418808 0
    endloop
endfacet
facet normal 0 0 -0.99999994
    outer loop
        vertex 146.9155 55.36096 0
        vertex 149.7228 56.418808 0
        vertex 148.203 51.815754 0
    endloop
endfacet
facet normal 0 -0 -1
    outer loop
        vertex 149.7228 56.418808 0
        vertex 151.03491 52.805862 0
        vertex 148.203 51.815754 0
    endloop
endfacet
facet normal 0 0 -0.99999994
    outer loop
        vertex 151.03491 52.805862 0
        vertex 149.40495 48.24065 0
        vertex 148.203 51.815754 0
    endloop
endfacet
facet normal -0 0 -1
    outer loop
        vertex 152.25983 49.162445 0
        vertex 149.40495 48.24065 0
        vertex 151.03491 52.805862 0
    endloop
endfacet
facet normal 0 0 -0.99999994
    outer loop
        vertex 150.52068 44.637703 0
        vertex 149.40495 48.24065 0
        vertex 152.25983 49.162445 0
    endloop
endfacet
facet normal 0 -0 -0.99999994
    outer loop
        vertex 149.40495 -48.24065 0
        vertex 151.03491 -52.805862 0
        vertex 148.203 -51.815754 0
    endloop
endfacet
facet normal 0 0 -1
    outer loop
        vertex 150.52068 44.637703 0
        vertex 152.25983 49.162445 0
        vertex 153.39688 45.49065 0
    endloop
endfacet
facet normal 0.21853626 0.97480083 -0.04478046
    outer loop
        vertex 155.20114 -38.892227 85
        vertex 152.27286 -38.23575 85
        vertex 152.27678 -38.220184 85.35794
    endloop
endfacet
facet normal 0.21677937 0.96696371 -0.13411894
    outer loop
        vertex 155.20505 -38.876663 85.35792
        vertex 152.27678 -38.220184 85.35794
        vertex 152.28851 -38.17344 85.71393
    endloop
endfacet
facet normal 0.21677865 0.96696323 -0.13412388
    outer loop
        vertex 155.20505 -38.876663 85.35792
        vertex 152.28851 -38.17344 85.71393
        vertex 155.21674 -38.829903 85.71393
    endloop
endfacet
facet normal 0.21327734 0.9513374 -0.22241829
    outer loop
        vertex 155.21674 -38.829903 85.71393
        vertex 152.30789 -38.09599 86.06376
        vertex 155.2361 -38.752457 86.06375
    endloop
endfacet
facet normal 0.20805775 0.928056 -0.30890781
    outer loop
        vertex 152.30789 -38.09599 86.06376
        vertex 152.33476 -37.9884 86.40509
        vertex 155.2361 -38.752457 86.06375
    endloop
endfacet
facet normal 0.20115715 0.89728415 -0.39295909
    outer loop
        vertex 152.33476 -37.9884 86.40509
        vertex 152.36887 -37.851406 86.73536
        vertex 155.26294 -38.644848 86.4051
    endloop
endfacet
facet normal 0.20115739 0.89728463 -0.39295813
    outer loop
        vertex 152.36887 -37.851406 86.73536
        vertex 155.29697 -38.507828 86.73539
        vertex 155.26294 -38.644848 86.4051
    endloop
endfacet
facet normal 0.19263732 0.85928601 -0.47383383
    outer loop
        vertex 152.40977 -37.68633 87.05137
        vertex 155.33781 -38.342716 87.05142
        vertex 155.29697 -38.507828 86.73539
    endloop
endfacet
facet normal 0.18257634 0.8143993 -0.55083555
    outer loop
        vertex 152.45714 -37.494297 87.35098
        vertex 155.33781 -38.342716 87.05142
        vertex 152.40977 -37.68633 87.05137
    endloop
endfacet
facet normal 0.17103118 0.76291341 -0.62346727
    outer loop
        vertex 152.51044 -37.27692 87.6316
        vertex 155.38507 -38.15076 87.35089
        vertex 152.45714 -37.494297 87.35098
    endloop
endfacet
facet normal 0.17104094 0.76293582 -0.62343723
    outer loop
        vertex 155.4383 -37.933372 87.63152
        vertex 155.38507 -38.15076 87.35089
        vertex 152.51044 -37.27692 87.6316
    endloop
endfacet
facet normal 0.12857831 0.57354015 -0.80902368
    outer loop
        vertex 152.63272 -36.77293 88.12738
        vertex 152.7005 -36.490517 88.33836
        vertex 155.56042 -37.42936 88.12732
    endloop
endfacet
facet normal 0.14392743 0.64200032 -0.75307405
    outer loop
        vertex 152.63272 -36.77293 88.12738
        vertex 155.49692 -37.692223 87.89108
        vertex 152.56917 -37.03578 87.89115
    endloop
endfacet
facet normal 0.12858921 0.57356858 -0.8090018
    outer loop
        vertex 152.7005 -36.490517 88.33836
        vertex 155.6281 -37.146935 88.33831
        vertex 155.56042 -37.42936 88.12732
    endloop
endfacet
facet normal 0.11220053 0.500462 -0.85845721
    outer loop
        vertex 152.77184 -36.190712 88.52245
        vertex 155.69936 -36.84715 88.52239
        vertex 155.6281 -37.146935 88.33831
    endloop
endfacet
facet normal 0.09492381 0.42337036 -0.9009701
    outer loop
        vertex 152.84615 -35.8756 88.67832
        vertex 155.77351 -36.532333 88.67814
        vertex 155.69936 -36.84715 88.52239
    endloop
endfacet
facet normal 0.0768603 0.3428289 -0.9362483
    outer loop
        vertex 152.92252 -35.5486 88.804306
        vertex 155.8499 -36.20509 88.80424
        vertex 155.77351 -36.532333 88.67814
    endloop
endfacet
facet normal 0.05816381 0.25946146 -0.96400046
    outer loop
        vertex 153.00061 -35.210957 88.899895
        vertex 155.8499 -36.20509 88.80424
        vertex 152.92252 -35.5486 88.804306
    endloop
endfacet
facet normal 0.04023733 0.17948855 -0.9829368
    outer loop
        vertex 153.06946 -34.910526 88.95757
        vertex 155.92796 -35.867455 88.89985
        vertex 153.00061 -35.210957 88.899895
    endloop
endfacet
facet normal 0.04025359 0.17953657 -0.98292732
    outer loop
        vertex 155.99675 -35.567017 88.95754
        vertex 155.92796 -35.867455 88.89985
        vertex 153.06946 -34.910526 88.95757
    endloop
endfacet
facet normal 0.01593593 0.07108343 -0.99734312
    outer loop
        vertex 156.12494 -35.00005 89
        vertex 155.99675 -35.567017 88.95754
        vertex 153.1976 -34.34378 89
    endloop
endfacet
facet normal -0.02448016 -0.10919562 -0.9937188
    outer loop
        vertex 156.12494 -35.00005 89
        vertex 153.1976 -34.34378 89
        vertex 156.31712 -34.131447 88.89982
    endloop
endfacet
facet normal -0.05816488 -0.25942424 -0.9640103
    outer loop
        vertex 156.31712 -34.131447 88.89982
        vertex 153.3898 -33.47495 88.89977
        vertex 156.3905 -33.79366 88.80449
    endloop
endfacet
facet normal -0.05817184 -0.25949565 -0.96399069
    outer loop
        vertex 153.3898 -33.47495 88.89977
        vertex 153.4631 -33.13716 88.80442
        vertex 156.3905 -33.79366 88.80449
    endloop
endfacet
facet normal -0.07684431 -0.34277368 -0.93626982
    outer loop
        vertex 153.4631 -33.13716 88.80442
        vertex 153.53378 -32.808178 88.67818
        vertex 156.46123 -33.464672 88.67825
    endloop
endfacet
facet normal -0.09489365 -0.42325532 -0.9010272
    outer loop
        vertex 153.53378 -32.808178 88.67818
        vertex 156.52852 -33.148514 88.52265
        vertex 156.46123 -33.464672 88.67825
    endloop
endfacet
facet normal -0.11218716 -0.50040513 -0.85849214
    outer loop
        vertex 153.60104 -32.49183 88.52244
        vertex 156.59213 -32.846664 88.338394
        vertex 156.52852 -33.148514 88.52265
    endloop
endfacet
facet normal -0.12857355 -0.57349378 -0.8090573
    outer loop
        vertex 153.66454 -32.190273 88.33836
        vertex 156.65149 -32.562424 88.12748
        vertex 156.59213 -32.846664 88.338394
    endloop
endfacet
facet normal -0.12857586 -0.57352519 -0.80903465
    outer loop
        vertex 153.72379 -31.906065 88.12747
        vertex 156.65149 -32.562424 88.12748
        vertex 153.66454 -32.190273 88.33836
    endloop
endfacet
facet normal -0.14392309 -0.64198112 -0.75309116
    outer loop
        vertex 156.7063 -32.29759 87.89124
        vertex 156.65149 -32.562424 88.12748
        vertex 153.72379 -31.906065 88.12747
    endloop
endfacet
facet normal -0.1581129 -0.70527232 -0.6910798
    outer loop
        vertex 156.7562 -32.05455 87.6318
        vertex 156.7063 -32.29759 87.89124
        vertex 153.77852 -31.64121 87.891235
    endloop
endfacet
facet normal -0.19264318 -0.85929865 -0.47380841
    outer loop
        vertex 156.87372 -31.47439 86.73514
        vertex 153.9121 -30.984884 87.05152
        vertex 153.94562 -30.81795 86.73514
    endloop
endfacet
facet normal -0.19264309 -0.85930324 -0.47380024
    outer loop
        vertex 156.84013 -31.641312 87.05153
        vertex 153.9121 -30.984884 87.05152
        vertex 156.87372 -31.47439 86.73514
    endloop
endfacet
facet normal -0.21854223 -0.97479975 -0.04477502
    outer loop
        vertex 154.45152 -30.52561 85
        vertex 154.01976 -30.445253 85.35794
        vertex 154.02287 -30.42951 85
    endloop
endfacet
facet normal -0.21853732 -0.97480106 -0.04476983
    outer loop
        vertex 156.95114 -31.08599 85
        vertex 156.94803 -31.101732 85.35794
        vertex 154.45152 -30.52561 85
    endloop
endfacet
facet normal -0.21853745 -0.97480106 -0.04476895
    outer loop
        vertex 156.94803 -31.101732 85.35794
        vertex 154.01976 -30.445253 85.35794
        vertex 154.45152 -30.52561 85
    endloop
endfacet
facet normal -0.21677993 -0.96696156 -0.13413312
    outer loop
        vertex 154.0104 -30.492546 85.71399
        vertex 154.01976 -30.445253 85.35794
        vertex 156.94803 -31.101732 85.35794
    endloop
endfacet
facet normal -0.21677977 -0.96696192 -0.13413098
    outer loop
        vertex 154.0104 -30.492546 85.71399
        vertex 156.94803 -31.101732 85.35794
        vertex 156.93864 -31.149017 85.71399
    endloop
endfacet
facet normal -0.21327722 -0.95133859 -0.22241318
    outer loop
        vertex 154.0104 -30.492546 85.71399
        vertex 156.93864 -31.149017 85.71399
        vertex 153.99489 -30.570795 86.06357
    endloop
endfacet
facet normal -0.2132778 -0.95133662 -0.22242133
    outer loop
        vertex 156.93864 -31.149017 85.71399
        vertex 156.9231 -31.227264 86.063576
        vertex 153.99489 -30.570795 86.06357
    endloop
endfacet
facet normal -0.20805717 -0.92805082 -0.30892366
    outer loop
        vertex 156.9231 -31.227264 86.063576
        vertex 153.97324 -30.679686 86.40527
        vertex 153.99489 -30.570795 86.06357
    endloop
endfacet
facet normal -0.20805682 -0.92805332 -0.30891666
    outer loop
        vertex 156.90138 -31.336136 86.40527
        vertex 153.97324 -30.679686 86.40527
        vertex 156.9231 -31.227264 86.063576
    endloop
endfacet
facet normal -0.20116012 -0.89729005 -0.39294428
    outer loop
        vertex 153.94562 -30.81795 86.73514
        vertex 153.97324 -30.679686 86.40527
        vertex 156.90138 -31.336136 86.40527
    endloop
endfacet
facet normal -0.20116018 -0.89728928 -0.39294592
    outer loop
        vertex 153.94562 -30.81795 86.73514
        vertex 156.90138 -31.336136 86.40527
        vertex 156.87372 -31.47439 86.73514
    endloop
endfacet
facet normal 0.15812814 0.7053296 -0.69101781
    outer loop
        vertex 155.49692 -37.692223 87.89108
        vertex 155.4383 -37.933372 87.63152
        vertex 152.56917 -37.03578 87.89115
    endloop
endfacet
facet normal -0.18257067 -0.81437546 -0.55087239
    outer loop
        vertex 153.9121 -30.984884 87.05152
        vertex 156.84013 -31.641312 87.05153
        vertex 153.87297 -31.17869 87.351
    endloop
endfacet
facet normal -0.18257071 -0.81437904 -0.55086726
    outer loop
        vertex 156.84013 -31.641312 87.05153
        vertex 156.8009 -31.83509 87.351006
        vertex 153.87297 -31.17869 87.351
    endloop
endfacet
facet normal -0.17102976 -0.76290047 -0.6234836
    outer loop
        vertex 156.8009 -31.83509 87.351006
        vertex 153.82834 -31.398163 87.63179
        vertex 153.87297 -31.17869 87.351
    endloop
endfacet
facet normal -0.1710296 -0.76289535 -0.6234898
    outer loop
        vertex 156.7562 -32.05455 87.6318
        vertex 153.82834 -31.398163 87.63179
        vertex 156.8009 -31.83509 87.351006
    endloop
endfacet
facet normal -0.15811341 -0.70528275 -0.69106907
    outer loop
        vertex 153.77852 -31.64121 87.891235
        vertex 153.82834 -31.398163 87.63179
        vertex 156.7562 -32.05455 87.6318
    endloop
endfacet
facet normal -0.14392292 -0.64197844 -0.75309348
    outer loop
        vertex 153.77852 -31.64121 87.891235
        vertex 156.7063 -32.29759 87.89124
        vertex 153.72379 -31.906065 88.12747
    endloop
endfacet
facet normal -0.11218784 -0.50041354 -0.85848713
    outer loop
        vertex 153.60104 -32.49183 88.52244
        vertex 153.66454 -32.190273 88.33836
        vertex 156.59213 -32.846664 88.338394
    endloop
endfacet
facet normal -0.09490392 -0.42337099 -0.90097189
    outer loop
        vertex 153.53378 -32.808178 88.67818
        vertex 153.60104 -32.49183 88.52244
        vertex 156.52852 -33.148514 88.52265
    endloop
endfacet
facet normal -0.07684138 -0.34274238 -0.9362815
    outer loop
        vertex 156.3905 -33.79366 88.80449
        vertex 153.4631 -33.13716 88.80442
        vertex 156.46123 -33.464672 88.67825
    endloop
endfacet
facet normal -0.0244785 -0.10921887 -0.9937163
    outer loop
        vertex 156.31712 -34.131447 88.89982
        vertex 153.1976 -34.34378 89
        vertex 153.3898 -33.47495 88.89977
    endloop
endfacet
facet normal 0.01592615 0.07106112 -0.99734485
    outer loop
        vertex 153.1976 -34.34378 89
        vertex 155.99675 -35.567017 88.95754
        vertex 153.06946 -34.910526 88.95757
    endloop
endfacet
facet normal 0.05818733 0.25952706 -0.96398127
    outer loop
        vertex 153.00061 -35.210957 88.899895
        vertex 155.92796 -35.867455 88.89985
        vertex 155.8499 -36.20509 88.80424
    endloop
endfacet
facet normal 0.07684033 0.3427738 -0.93627012
    outer loop
        vertex 152.84615 -35.8756 88.67832
        vertex 152.92252 -35.5486 88.804306
        vertex 155.77351 -36.532333 88.67814
    endloop
endfacet
facet normal 0.09489719 0.42329806 -0.90100676
    outer loop
        vertex 152.77184 -36.190712 88.52245
        vertex 152.84615 -35.8756 88.67832
        vertex 155.69936 -36.84715 88.52239
    endloop
endfacet
facet normal 0.11219072 0.50043595 -0.85847372
    outer loop
        vertex 152.7005 -36.490517 88.33836
        vertex 152.77184 -36.190712 88.52245
        vertex 155.6281 -37.146935 88.33831
    endloop
endfacet
facet normal 0.14393131 0.64201015 -0.75306493
    outer loop
        vertex 155.49692 -37.692223 87.89108
        vertex 152.63272 -36.77293 88.12738
        vertex 155.56042 -37.42936 88.12732
    endloop
endfacet
facet normal 0.15811765 0.70530427 -0.69104606
    outer loop
        vertex 155.4383 -37.933372 87.63152
        vertex 152.51044 -37.27692 87.6316
        vertex 152.56917 -37.03578 87.89115
    endloop
endfacet
facet normal 0.18257751 0.81440175 -0.55083132
    outer loop
        vertex 155.38507 -38.15076 87.35089
        vertex 155.33781 -38.342716 87.05142
        vertex 152.45714 -37.494297 87.35098
    endloop
endfacet
facet normal 0.19264157 0.85929441 -0.47381693
    outer loop
        vertex 152.40977 -37.68633 87.05137
        vertex 155.29697 -38.507828 86.73539
        vertex 152.36887 -37.851406 86.73536
    endloop
endfacet
facet normal 0.20805435 0.92805099 -0.3089253
    outer loop
        vertex 152.33476 -37.9884 86.40509
        vertex 155.26294 -38.644848 86.4051
        vertex 155.2361 -38.752457 86.06375
    endloop
endfacet
facet normal 0.21327497 0.95133466 -0.22243237
    outer loop
        vertex 152.28851 -38.17344 85.71393
        vertex 152.30789 -38.09599 86.06376
        vertex 155.21674 -38.829903 85.71393
    endloop
endfacet
facet normal 0.21853708 0.974801 -0.04477403
    outer loop
        vertex 152.27678 -38.220184 85.35794
        vertex 155.20505 -38.876663 85.35792
        vertex 155.20114 -38.892227 85
    endloop
endfacet
facet normal 0.21786197 0.971789 0.09034549
    outer loop
        vertex 155.20192 -38.88912 84.83986
        vertex 152.28252 -38.197296 84.43831
        vertex 152.27365 -38.23264 84.83985
    endloop
endfacet
facet normal 0.21871296 0.97558415 0.02000282
    outer loop
        vertex 155.20192 -38.88912 84.83986
        vertex 152.27365 -38.23264 84.83985
        vertex 155.20114 -38.892227 85
    endloop
endfacet
facet normal 0.21477146 0.95800263 0.19001058
    outer loop
        vertex 155.21078 -38.853775 84.43831
        vertex 152.3011 -38.123154 84.04349
        vertex 152.28252 -38.197296 84.43831
    endloop
endfacet
facet normal 0.2147615 0.95799363 0.19006759
    outer loop
        vertex 155.22934 -38.77952 84.04307
        vertex 152.3011 -38.123154 84.04349
        vertex 155.21078 -38.853775 84.43831
    endloop
endfacet
facet normal 0.20950358 0.93449134 0.28780943
    outer loop
        vertex 155.2574 -38.667023 83.65738
        vertex 152.32925 -38.010517 83.657234
        vertex 155.22934 -38.77952 84.04307
    endloop
endfacet
facet normal 0.20210837 0.90152824 0.38262147
    outer loop
        vertex 152.36644 -37.86115 83.28565
        vertex 152.32925 -38.010517 83.657234
        vertex 155.2574 -38.667023 83.65738
    endloop
endfacet
facet normal 0.19267212 0.8594445 0.47353199
    outer loop
        vertex 152.41235 -37.675907 82.93076
        vertex 152.36644 -37.86115 83.28565
        vertex 155.29451 -38.5177 83.28589
    endloop
endfacet
facet normal 0.19267868 0.85945654 0.4735074
    outer loop
        vertex 152.41235 -37.675907 82.93076
        vertex 155.29451 -38.5177 83.28589
        vertex 155.34038 -38.332348 82.93079
    endloop
endfacet
facet normal 0.1812816 0.80862623 0.55969691
    outer loop
        vertex 152.46625 -37.45718 82.5973
        vertex 155.34038 -38.332348 82.93079
        vertex 155.39418 -38.11361 82.59734
    endloop
endfacet
facet normal 0.16804902 0.74960935 0.64019161
    outer loop
        vertex 152.46625 -37.45718 82.5973
        vertex 155.39418 -38.11361 82.59734
        vertex 152.5276 -37.206623 82.28781
    endloop
endfacet
facet normal 0.15312228 0.68301004 0.7141785
    outer loop
        vertex 152.5276 -37.206623 82.28781
        vertex 155.45543 -37.863045 82.28785
        vertex 152.59552 -36.92707 82.0059
    endloop
endfacet
facet normal 0.15311722 0.68299836 0.71419066
    outer loop
        vertex 155.45543 -37.863045 82.28785
        vertex 155.52325 -37.58347 82.00594
        vertex 152.59552 -36.92707 82.0059
    endloop
endfacet
facet normal 0.13664065 0.60948592 0.78093296
    outer loop
        vertex 152.66917 -36.621353 81.75443
        vertex 155.52325 -37.58347 82.00594
        vertex 155.59682 -37.27774 81.75446
    endloop
endfacet
facet normal 0.11876223 0.52974665 0.83979994
    outer loop
        vertex 152.66917 -36.621353 81.75443
        vertex 155.59682 -37.27774 81.75446
        vertex 152.74777 -36.292156 81.53566
    endloop
endfacet
facet normal 0.09968527 0.44465509 0.89013737
    outer loop
        vertex 152.74777 -36.292156 81.53566
        vertex 155.67532 -36.948532 81.53569
        vertex 152.83017 -35.943573 81.3523
    endloop
endfacet
facet normal 0.09969005 0.44466749 0.8901307
    outer loop
        vertex 155.67532 -36.948532 81.53569
        vertex 155.75764 -36.59993 81.352325
        vertex 152.83017 -35.943573 81.3523
    endloop
endfacet
facet normal 0.07960418 0.35508278 0.9314394
    outer loop
        vertex 155.75764 -36.59993 81.352325
        vertex 155.84312 -36.23426 81.20562
        vertex 152.9157 -35.577915 81.2056
    endloop
endfacet
facet normal 0.05871295 0.26189429 0.96330899
    outer loop
        vertex 155.84312 -36.23426 81.20562
        vertex 155.9304 -35.856796 81.09768
        vertex 153.00304 -35.200466 81.097664
    endloop
endfacet
facet normal 0.03830419 0.17086752 0.98454916
    outer loop
        vertex 155.9304 -35.856796 81.09768
        vertex 153.0828 -34.851974 81.03408
        vertex 153.00304 -35.200466 81.097664
    endloop
endfacet
facet normal 0.01428055 0.06369284 0.99786747
    outer loop
        vertex 156.01012 -35.50831 81.03408
        vertex 153.1976 -34.34378 81
        vertex 153.0828 -34.851974 81.03408
    endloop
endfacet
facet normal 0.01427732 0.06368504 0.99786788
    outer loop
        vertex 156.12494 -35.00005 81
        vertex 153.1976 -34.34378 81
        vertex 156.01012 -35.50831 81.03408
    endloop
endfacet
facet normal -0.01759439 -0.0784835 0.99676013
    outer loop
        vertex 156.26398 -34.37396 81.05175
        vertex 153.33662 -33.71761 81.05176
        vertex 153.1976 -34.34378 81
    endloop
endfacet
facet normal -0.04589169 -0.20469077 0.9777503
    outer loop
        vertex 156.34802 -33.9897 81.13614
        vertex 153.33662 -33.71761 81.05176
        vertex 156.26398 -34.37396 81.05175
    endloop
endfacet
facet normal -0.06716274 -0.29958305 0.95170337
    outer loop
        vertex 156.42905 -33.61477 81.25988
        vertex 153.42061 -33.333363 81.136154
        vertex 156.34802 -33.9897 81.13614
    endloop
endfacet
facet normal -0.06716272 -0.29958293 0.95170331
    outer loop
        vertex 153.50162 -32.958355 81.25992
        vertex 153.42061 -33.333363 81.136154
        vertex 156.42905 -33.61477 81.25988
    endloop
endfacet
facet normal -0.08776013 -0.39144874 0.91600549
    outer loop
        vertex 153.57857 -32.59789 81.42133
        vertex 153.50162 -32.958355 81.25992
        vertex 156.50609 -33.25422 81.42133
    endloop
endfacet
facet normal -0.10745747 -0.47930753 0.87104374
    outer loop
        vertex 153.57857 -32.59789 81.42133
        vertex 156.50609 -33.25422 81.42133
        vertex 156.57866 -32.910862 81.619225
    endloop
endfacet
facet normal -0.12607345 -0.56235731 0.81722689
    outer loop
        vertex 153.65106 -32.25452 81.61923
        vertex 156.57866 -32.910862 81.619225
        vertex 156.64601 -32.588757 81.851265
    endloop
endfacet
facet normal -0.18607502 -0.82998657 0.5258311
    outer loop
        vertex 153.92593 -30.916151 83.07064
        vertex 153.88406 -31.123838 82.728004
        vertex 156.85399 -31.572525 83.07075
    endloop
endfacet
facet normal -0.1260739 -0.56236553 0.81722111
    outer loop
        vertex 153.65106 -32.25452 81.61923
        vertex 156.64601 -32.588757 81.851265
        vertex 153.71832 -31.932402 81.85127
    endloop
endfacet
facet normal -0.21848047 -0.97454739 0.05023652
    outer loop
        vertex 154.45152 -30.52561 85
        vertex 156.9472 -31.1058 84.59859
        vertex 156.95114 -31.08599 85
    endloop
endfacet
facet normal -0.21848546 -0.97454643 0.05023292
    outer loop
        vertex 154.02287 -30.42951 85
        vertex 154.01895 -30.449322 84.59859
        vertex 154.45152 -30.52561 85
    endloop
endfacet
facet normal -0.21848173 -0.97454745 0.05022871
    outer loop
        vertex 154.01895 -30.449322 84.59859
        vertex 156.9472 -31.1058 84.59859
        vertex 154.45152 -30.52561 85
    endloop
endfacet
facet normal -0.21627165 -0.96468937 0.15033603
    outer loop
        vertex 154.0072 -30.508764 84.20025
        vertex 156.9472 -31.1058 84.59859
        vertex 154.01895 -30.449322 84.59859
    endloop
endfacet
facet normal -0.21627165 -0.96468937 0.15033597
    outer loop
        vertex 156.93542 -31.165257 84.20012
        vertex 156.9472 -31.1058 84.59859
        vertex 154.0072 -30.508764 84.20025
    endloop
endfacet
facet normal -0.21186282 -0.94504356 0.24901167
    outer loop
        vertex 156.93542 -31.165257 84.20012
        vertex 154.0072 -30.508764 84.20025
        vertex 153.98766 -30.607168 83.81016
    endloop
endfacet
facet normal -0.21186388 -0.94503975 0.24902523
    outer loop
        vertex 156.93542 -31.165257 84.20012
        vertex 153.98766 -30.607168 83.81016
        vertex 156.91586 -31.263613 83.81022
    endloop
endfacet
facet normal -0.20531738 -0.91582876 0.34511188
    outer loop
        vertex 153.98766 -30.607168 83.81016
        vertex 153.96053 -30.74339 83.432526
        vertex 156.91586 -31.263613 83.81022
    endloop
endfacet
facet normal -0.20531631 -0.91583604 0.34509337
    outer loop
        vertex 153.96053 -30.74339 83.432526
        vertex 156.88866 -31.399817 83.43256
        vertex 156.91586 -31.263613 83.81022
    endloop
endfacet
facet normal -0.19669351 -0.87736696 0.43765149
    outer loop
        vertex 153.92593 -30.916151 83.07064
        vertex 156.88866 -31.399817 83.43256
        vertex 153.96053 -30.74339 83.432526
    endloop
endfacet
facet normal -0.19669335 -0.87736905 0.43764752
    outer loop
        vertex 156.85399 -31.572525 83.07075
        vertex 156.88866 -31.399817 83.43256
        vertex 153.92593 -30.916151 83.07064
    endloop
endfacet
facet normal -0.18607464 -0.82999891 0.52581185
    outer loop
        vertex 156.81203 -31.780258 82.72799
        vertex 156.85399 -31.572525 83.07075
        vertex 153.88406 -31.123838 82.728004
    endloop
endfacet
facet normal -0.17356063 -0.7741822 0.60870242
    outer loop
        vertex 156.81203 -31.780258 82.72799
        vertex 153.88406 -31.123838 82.728004
        vertex 153.83528 -31.364035 82.4086
    endloop
endfacet
facet normal -0.17356063 -0.77417547 0.608711
    outer loop
        vertex 156.81203 -31.780258 82.72799
        vertex 153.83528 -31.364035 82.4086
        vertex 156.76317 -32.020443 82.408585
    endloop
endfacet
facet normal -0.15929593 -0.71055001 0.68537831
    outer loop
        vertex 153.83528 -31.364035 82.4086
        vertex 153.77989 -31.634531 82.115295
        vertex 156.76317 -32.020443 82.408585
    endloop
endfacet
facet normal -0.15929577 -0.71054435 0.68538427
    outer loop
        vertex 153.77989 -31.634531 82.115295
        vertex 156.70767 -32.290913 82.11529
        vertex 156.76317 -32.020443 82.408585
    endloop
endfacet
facet normal -0.1434101 -0.6396873 0.75513816
    outer loop
        vertex 153.71832 -31.932402 81.85127
        vertex 156.70767 -32.290913 82.11529
        vertex 153.77989 -31.634531 82.115295
    endloop
endfacet
facet normal -0.14341043 -0.63969481 0.75513178
    outer loop
        vertex 156.64601 -32.588757 81.851265
        vertex 156.70767 -32.290913 82.11529
        vertex 153.71832 -31.932402 81.85127
    endloop
endfacet
facet normal -0.10745883 -0.47932792 0.8710323
    outer loop
        vertex 153.57857 -32.59789 81.42133
        vertex 156.57866 -32.910862 81.619225
        vertex 153.65106 -32.25452 81.61923
    endloop
endfacet
facet normal -0.08775911 -0.39143518 0.91601133
    outer loop
        vertex 153.50162 -32.958355 81.25992
        vertex 156.42905 -33.61477 81.25988
        vertex 156.50609 -33.25422 81.42133
    endloop
endfacet
facet normal -0.04589428 -0.20472156 0.97774374
    outer loop
        vertex 153.42061 -33.333363 81.136154
        vertex 153.33662 -33.71761 81.05176
        vertex 156.34802 -33.9897 81.13614
    endloop
endfacet
facet normal -0.01759437 -0.07848099 0.99676037
    outer loop
        vertex 156.26398 -34.37396 81.05175
        vertex 153.1976 -34.34378 81
        vertex 156.12494 -35.00005 81
    endloop
endfacet
facet normal 0.03832019 0.17091233 0.98454082
    outer loop
        vertex 156.01012 -35.50831 81.03408
        vertex 153.0828 -34.851974 81.03408
        vertex 155.9304 -35.856796 81.09768
    endloop
endfacet
facet normal 0.05870705 0.26187861 0.9633137
    outer loop
        vertex 155.84312 -36.23426 81.20562
        vertex 153.00304 -35.200466 81.097664
        vertex 152.9157 -35.577915 81.2056
    endloop
endfacet
facet normal 0.07960454 0.35508373 0.9314391
    outer loop
        vertex 155.75764 -36.59993 81.352325
        vertex 152.9157 -35.577915 81.2056
        vertex 152.83017 -35.943573 81.3523
    endloop
endfacet
facet normal 0.11876599 0.52975613 0.83979344
    outer loop
        vertex 155.59682 -37.27774 81.75446
        vertex 155.67532 -36.948532 81.53569
        vertex 152.74777 -36.292156 81.53566
    endloop
endfacet
facet normal 0.13662757 0.60945421 0.78095996
    outer loop
        vertex 152.59552 -36.92707 82.0059
        vertex 155.52325 -37.58347 82.00594
        vertex 152.66917 -36.621353 81.75443
    endloop
endfacet
facet normal 0.16806054 0.74963462 0.64015901
    outer loop
        vertex 152.5276 -37.206623 82.28781
        vertex 155.39418 -38.11361 82.59734
        vertex 155.45543 -37.863045 82.28785
    endloop
endfacet
facet normal 0.18128234 0.80862772 0.55969447
    outer loop
        vertex 152.46625 -37.45718 82.5973
        vertex 152.41235 -37.675907 82.93076
        vertex 155.34038 -38.332348 82.93079
    endloop
endfacet
facet normal 0.20211989 0.90154672 0.3825717
    outer loop
        vertex 155.29451 -38.5177 83.28589
        vertex 152.36644 -37.86115 83.28565
        vertex 155.2574 -38.667023 83.65738
    endloop
endfacet
facet normal 0.20950906 0.93449837 0.28778237
    outer loop
        vertex 155.22934 -38.77952 84.04307
        vertex 152.32925 -38.010517 83.657234
        vertex 152.3011 -38.123154 84.04349
    endloop
endfacet
facet normal 0.21871184 0.97558409 0.0200227
    outer loop
        vertex 152.27365 -38.23264 84.83985
        vertex 152.27286 -38.23575 85
        vertex 155.20114 -38.892227 85
    endloop
endfacet
facet normal 0.21786222 0.97178918 0.09034368
    outer loop
        vertex 155.21078 -38.853775 84.43831
        vertex 152.28252 -38.197296 84.43831
        vertex 155.20192 -38.88912 84.83986
    endloop
endfacet
facet normal 0.21874362 0.97572583 -0.010512
    outer loop
        vertex 155.20114 -38.892227 55
        vertex 152.27286 -38.23575 55
        vertex 152.27309 -38.23489 55.08443
    endloop
endfacet
facet normal 0.21797189 0.97227633 -0.08465716
    outer loop
        vertex 155.20135 -38.89137 55.084446
        vertex 152.27309 -38.23489 55.08443
        vertex 152.28358 -38.193096 55.591457
    endloop
endfacet
facet normal 0.21478164 0.95805198 -0.1897506
    outer loop
        vertex 155.21184 -38.849567 55.591465
        vertex 152.28358 -38.193096 55.591457
        vertex 152.29926 -38.130505 55.92522
    endloop
endfacet
facet normal 0.21478097 0.95805126 -0.18975498
    outer loop
        vertex 155.21184 -38.849567 55.591465
        vertex 152.29926 -38.130505 55.92522
        vertex 155.22748 -38.786964 55.925243
    endloop
endfacet
facet normal 0.21048981 0.93889725 -0.2723344
    outer loop
        vertex 155.22748 -38.786964 55.925243
        vertex 152.32167 -38.040882 56.251503
        vertex 155.24985 -38.697342 56.251514
    endloop
endfacet
facet normal 0.20467812 0.91297245 -0.35297057
    outer loop
        vertex 152.32167 -38.040882 56.251503
        vertex 152.35072 -37.92437 56.569714
        vertex 155.24985 -38.697342 56.251514
    endloop
endfacet
facet normal 0.19738886 0.88045675 -0.43108422
    outer loop
        vertex 152.35072 -37.92437 56.569714
        vertex 152.386 -37.78235 56.875935
        vertex 155.27884 -38.580807 56.569744
    endloop
endfacet
facet normal 0.1973827 0.88044482 -0.43111131
    outer loop
        vertex 152.386 -37.78235 56.875935
        vertex 155.31409 -38.438705 56.87609
        vertex 155.27884 -38.580807 56.569744
    endloop
endfacet
facet normal 0.1886719 0.84158611 -0.50609863
    outer loop
        vertex 152.42729 -37.61542 57.168934
        vertex 155.35529 -38.271862 57.16889
        vertex 155.31409 -38.438705 56.87609
    endloop
endfacet
facet normal 0.1786053 0.79668957 -0.57739574
    outer loop
        vertex 152.47415 -37.425045 57.44611
        vertex 155.35529 -38.271862 57.16889
        vertex 152.42729 -37.61542 57.168934
    endloop
endfacet
facet normal 0.16724877 0.74603516 -0.64456129
    outer loop
        vertex 152.52618 -37.212425 57.705704
        vertex 155.40205 -38.081505 57.446026
        vertex 152.47415 -37.425045 57.44611
    endloop
endfacet
facet normal 0.16725916 0.74606019 -0.64452982
    outer loop
        vertex 155.454 -37.868896 57.705605
        vertex 155.40205 -38.081505 57.446026
        vertex 152.52618 -37.212425 57.705704
    endloop
endfacet
facet normal 0.12631673 0.5634464 -0.81643885
    outer loop
        vertex 152.6439 -36.726563 58.16482
        vertex 152.70851 -36.45696 58.360878
        vertex 155.57156 -37.383007 58.16475
    endloop
endfacet
facet normal 0.14101097 0.62898582 -0.76452124
    outer loop
        vertex 152.6439 -36.726563 58.16482
        vertex 155.51067 -37.635536 57.945747
        vertex 152.58293 -36.979076 57.945827
    endloop
endfacet
facet normal 0.12632023 0.56345576 -0.81643176
    outer loop
        vertex 152.70851 -36.45696 58.360878
        vertex 155.63611 -37.11338 58.360817
        vertex 155.57156 -37.383007 58.16475
    endloop
endfacet
facet normal 0.11071649 0.49385417 -0.86246741
    outer loop
        vertex 152.77626 -36.171986 58.53274
        vertex 155.70378 -36.828396 58.53269
        vertex 155.63611 -37.11338 58.360817
    endloop
endfacet
facet normal 0.09430226 0.42065164 -0.90230781
    outer loop
        vertex 152.8466 -35.8736 58.6792
        vertex 155.70378 -36.828396 58.53269
        vertex 152.77626 -36.171986 58.53274
    endloop
endfacet
facet normal 0.07723662 0.34451416 -0.93559843
    outer loop
        vertex 152.91882 -35.564457 58.798985
        vertex 155.84624 -36.220837 58.798954
        vertex 155.77406 -36.53 58.679153
    endloop
endfacet
facet normal 0.05957223 0.26573333 -0.96220422
    outer loop
        vertex 152.99266 -35.245483 58.891647
        vertex 155.84624 -36.220837 58.798954
        vertex 152.91882 -35.564457 58.798985
    endloop
endfacet
facet normal 0.04036979 0.18007259 -0.9828245
    outer loop
        vertex 153.07637 -34.880177 58.962017
        vertex 155.92003 -35.901863 58.89163
        vertex 152.99266 -35.245483 58.891647
    endloop
endfacet
facet normal 0.04037444 0.18008532 -0.98282206
    outer loop
        vertex 156.0037 -35.536533 58.962006
        vertex 155.92003 -35.901863 58.89163
        vertex 153.07637 -34.880177 58.962017
    endloop
endfacet
facet normal 0.01507556 0.06724565 -0.99762255
    outer loop
        vertex 156.12494 -35.00005 59
        vertex 156.0037 -35.536533 58.962006
        vertex 153.1976 -34.34378 59
    endloop
endfacet
facet normal -0.0231627 -0.10331896 -0.99437851
    outer loop
        vertex 156.12494 -35.00005 59
        vertex 153.1976 -34.34378 59
        vertex 156.30702 -34.17765 58.91031
    endloop
endfacet
facet normal -0.05509002 -0.24573261 -0.96777087
    outer loop
        vertex 156.30702 -34.17765 58.91031
        vertex 153.37967 -33.5213 58.91029
        vertex 156.37683 -33.856895 58.82489
    endloop
endfacet
facet normal -0.05509019 -0.24573417 -0.96777052
    outer loop
        vertex 153.37967 -33.5213 58.91029
        vertex 153.44942 -33.200535 58.82487
        vertex 156.37683 -33.856895 58.82489
    endloop
endfacet
facet normal -0.07285751 -0.32499865 -0.94290382
    outer loop
        vertex 153.44942 -33.200535 58.82487
        vertex 153.5169 -32.887062 58.71161
        vertex 156.44435 -33.54342 58.71164
    endloop
endfacet
facet normal -0.09009307 -0.40187025 -0.91125387
    outer loop
        vertex 153.5169 -32.887062 58.71161
        vertex 156.50893 -33.24091 58.571846
        vertex 156.44435 -33.54342 58.71164
    endloop
endfacet
facet normal -0.10667265 -0.47581494 -0.87305272
    outer loop
        vertex 153.58139 -32.584545 58.571823
        vertex 156.57024 -32.95085 58.406273
        vertex 156.50893 -33.24091 58.571846
    endloop
endfacet
facet normal -0.10667494 -0.47584 -0.87303877
    outer loop
        vertex 153.64265 -32.294483 58.406242
        vertex 156.57024 -32.95085 58.406273
        vertex 153.58139 -32.584545 58.571823
    endloop
endfacet
facet normal -0.12248918 -0.54637498 -0.82853526
    outer loop
        vertex 153.7003 -32.01896 58.216026
        vertex 156.62798 -32.675346 58.216057
        vertex 153.64265 -32.294483 58.406242
    endloop
endfacet
facet normal -0.13742392 -0.61298579 -0.7780509
    outer loop
        vertex 156.68172 -32.41665 58.00275
        vertex 156.62798 -32.675346 58.216057
        vertex 153.7003 -32.01896 58.216026
    endloop
endfacet
facet normal -0.13742509 -0.61300117 -0.7780385
    outer loop
        vertex 156.68172 -32.41665 58.00275
        vertex 153.7003 -32.01896 58.216026
        vertex 153.75398 -31.760254 58.002716
    endloop
endfacet
facet normal -0.1513654 -0.67517424 -0.72196144
    outer loop
        vertex 156.73122 -32.176422 57.76771
        vertex 153.75398 -31.760254 58.002716
        vertex 153.8034 -31.520012 57.76768
    endloop
endfacet
facet normal -0.19533975 -0.87133449 -0.45013171
    outer loop
        vertex 156.88179 -31.434137 56.647175
        vertex 153.9236 -30.927761 56.950706
        vertex 153.95367 -30.777687 56.647152
    endloop
endfacet
facet normal -0.1953399 -0.87132949 -0.45014131
    outer loop
        vertex 156.85165 -31.5842 56.950726
        vertex 153.9236 -30.927761 56.950706
        vertex 156.88179 -31.434137 56.647175
    endloop
endfacet
facet normal -0.21856527 -0.97490239 -0.04236104
    outer loop
        vertex 154.45152 -30.52561 55
        vertex 154.02008 -30.443594 55.338535
        vertex 154.02287 -30.42951 55
    endloop
endfacet
facet normal -0.21856062 -0.97490495 -0.04232784
    outer loop
        vertex 156.95114 -31.08599 55
        vertex 156.94836 -31.100067 55.338547
        vertex 154.45152 -30.52561 55
    endloop
endfacet
facet normal -0.21855743 -0.9749046 -0.0423506
    outer loop
        vertex 156.94836 -31.100067 55.338547
        vertex 154.02008 -30.443594 55.338535
        vertex 154.45152 -30.52561 55
    endloop
endfacet
facet normal -0.21698554 -0.96789438 -0.12687746
    outer loop
        vertex 154.01172 -30.485916 55.675694
        vertex 154.02008 -30.443594 55.338535
        vertex 156.94836 -31.100067 55.338547
    endloop
endfacet
facet normal -0.21698679 -0.96789199 -0.12689267
    outer loop
        vertex 154.01172 -30.485916 55.675694
        vertex 156.94836 -31.100067 55.338547
        vertex 156.93997 -31.142387 55.6757
    endloop
endfacet
facet normal -0.21384995 -0.95390075 -0.21057424
    outer loop
        vertex 154.01172 -30.485916 55.675694
        vertex 156.93997 -31.142387 55.6757
        vertex 153.99782 -30.555994 56.007263
    endloop
endfacet
facet normal -0.21384923 -0.95390332 -0.21056329
    outer loop
        vertex 156.93997 -31.142387 55.6757
        vertex 156.92606 -31.21246 56.00728
        vertex 153.99782 -30.555994 56.007263
    endloop
endfacet
facet normal -0.20917179 -0.93304098 -0.29271448
    outer loop
        vertex 156.92606 -31.21246 56.00728
        vertex 153.97842 -30.653637 56.332363
        vertex 153.99782 -30.555994 56.007263
    endloop
endfacet
facet normal -0.20917308 -0.93303227 -0.29274124
    outer loop
        vertex 156.90659 -31.310097 56.332382
        vertex 153.97842 -30.653637 56.332363
        vertex 156.92606 -31.21246 56.00728
    endloop
endfacet
facet normal -0.20298845 -0.90544784 -0.37277323
    outer loop
        vertex 153.95367 -30.777687 56.647152
        vertex 153.97842 -30.653637 56.332363
        vertex 156.90659 -31.310097 56.332382
    endloop
endfacet
facet normal -0.20298839 -0.90544868 -0.37277111
    outer loop
        vertex 153.95367 -30.777687 56.647152
        vertex 156.90659 -31.310097 56.332382
        vertex 156.88179 -31.434137 56.647175
    endloop
endfacet
facet normal 0.15470062 0.69003308 -0.70705169
    outer loop
        vertex 155.51067 -37.635536 57.945747
        vertex 155.454 -37.868896 57.705605
        vertex 152.58293 -36.979076 57.945827
    endloop
endfacet
facet normal -0.18627805 -0.83091104 -0.52429706
    outer loop
        vertex 153.9236 -30.927761 56.950706
        vertex 156.85165 -31.5842 56.950726
        vertex 153.88841 -31.102295 57.23981
    endloop
endfacet
facet normal -0.18627797 -0.83090669 -0.52430379
    outer loop
        vertex 156.85165 -31.5842 56.950726
        vertex 156.81639 -31.758722 57.239834
        vertex 153.88841 -31.102295 57.23981
    endloop
endfacet
facet normal -0.1758817 -0.78453684 -0.59461534
    outer loop
        vertex 156.81639 -31.758722 57.239834
        vertex 153.8483 -31.300236 57.51284
        vertex 153.88841 -31.102295 57.23981
    endloop
endfacet
facet normal -0.17588146 -0.78452957 -0.594625
    outer loop
        vertex 156.77618 -31.956654 57.51287
        vertex 153.8483 -31.300236 57.51284
        vertex 156.81639 -31.758722 57.239834
    endloop
endfacet
facet normal -0.16421868 -0.73251194 -0.66065019
    outer loop
        vertex 153.8034 -31.520012 57.76768
        vertex 153.8483 -31.300236 57.51284
        vertex 156.77618 -31.956654 57.51287
    endloop
endfacet
facet normal -0.16421798 -0.73249823 -0.66066539
    outer loop
        vertex 153.8034 -31.520012 57.76768
        vertex 156.77618 -31.956654 57.51287
        vertex 156.73122 -32.176422 57.76771
    endloop
endfacet
facet normal -0.15136559 -0.6751774 -0.7219584
    outer loop
        vertex 156.73122 -32.176422 57.76771
        vertex 156.68172 -32.41665 58.00275
        vertex 153.75398 -31.760254 58.002716
    endloop
endfacet
facet normal -0.12248904 -0.54637307 -0.82853663
    outer loop
        vertex 153.64265 -32.294483 58.406242
        vertex 156.62798 -32.675346 58.216057
        vertex 156.57024 -32.95085 58.406273
    endloop
endfacet
facet normal -0.09009261 -0.40186545 -0.91125596
    outer loop
        vertex 153.5169 -32.887062 58.71161
        vertex 153.58139 -32.584545 58.571823
        vertex 156.50893 -33.24091 58.571846
    endloop
endfacet
facet normal -0.07285351 -0.32495907 -0.94291782
    outer loop
        vertex 156.37683 -33.856895 58.82489
        vertex 153.44942 -33.200535 58.82487
        vertex 156.44435 -33.54342 58.71164
    endloop
endfacet
facet normal -0.02316194 -0.1033324 -0.99437714
    outer loop
        vertex 156.30702 -34.17765 58.91031
        vertex 153.1976 -34.34378 59
        vertex 153.37967 -33.5213 58.91029
    endloop
endfacet
facet normal 0.01507174 0.06723671 -0.99762326
    outer loop
        vertex 153.1976 -34.34378 59
        vertex 156.0037 -35.536533 58.962006
        vertex 153.07637 -34.880177 58.962017
    endloop
endfacet
facet normal 0.0595852 0.2657702 -0.96219319
    outer loop
        vertex 152.99266 -35.245483 58.891647
        vertex 155.92003 -35.901863 58.89163
        vertex 155.84624 -36.220837 58.798954
    endloop
endfacet
facet normal 0.0772262 0.34448481 -0.93561012
    outer loop
        vertex 152.8466 -35.8736 58.6792
        vertex 152.91882 -35.564457 58.798985
        vertex 155.77406 -36.53 58.679153
    endloop
endfacet
facet normal 0.09430935 0.42067125 -0.90229785
    outer loop
        vertex 152.8466 -35.8736 58.6792
        vertex 155.77406 -36.53 58.679153
        vertex 155.70378 -36.828396 58.53269
    endloop
endfacet
facet normal 0.11070824 0.49383157 -0.86248136
    outer loop
        vertex 152.70851 -36.45696 58.360878
        vertex 152.77626 -36.171986 58.53274
        vertex 155.63611 -37.11338 58.360817
    endloop
endfacet
facet normal 0.14101669 0.62900066 -0.76450801
    outer loop
        vertex 155.51067 -37.635536 57.945747
        vertex 152.6439 -36.726563 58.16482
        vertex 155.57156 -37.383007 58.16475
    endloop
endfacet
facet normal 0.15468705 0.68999904 -0.70708781
    outer loop
        vertex 155.454 -37.868896 57.705605
        vertex 152.52618 -37.212425 57.705704
        vertex 152.58293 -36.979076 57.945827
    endloop
endfacet
facet normal 0.17861041 0.79670119 -0.57737821
    outer loop
        vertex 155.40205 -38.081505 57.446026
        vertex 155.35529 -38.271862 57.16889
        vertex 152.47415 -37.425045 57.44611
    endloop
endfacet
facet normal 0.18868002 0.84160334 -0.50606704
    outer loop
        vertex 152.42729 -37.61542 57.168934
        vertex 155.31409 -38.438705 56.87609
        vertex 152.386 -37.78235 56.875935
    endloop
endfacet
facet normal 0.20467718 0.91297078 -0.35297516
    outer loop
        vertex 152.35072 -37.92437 56.569714
        vertex 155.27884 -38.580807 56.569744
        vertex 155.24985 -38.697342 56.251514
    endloop
endfacet
facet normal 0.21048655 0.93889254 -0.2723529
    outer loop
        vertex 152.29926 -38.130505 55.92522
        vertex 152.32167 -38.040882 56.251503
        vertex 155.22748 -38.786964 55.925243
    endloop
endfacet
facet normal 0.21797018 0.97227591 -0.08466641
    outer loop
        vertex 155.20135 -38.89137 55.084446
        vertex 152.28358 -38.193096 55.591457
        vertex 155.21184 -38.849567 55.591465
    endloop
endfacet
facet normal 0.21874483 0.97572589 -0.01047064
    outer loop
        vertex 152.27309 -38.23489 55.08443
        vertex 155.20135 -38.89137 55.084446
        vertex 155.20114 -38.892227 55
    endloop
endfacet
facet normal 0.21678087 0.96696252 0.13412499
    outer loop
        vertex 155.20505 -38.876663 54.64204
        vertex 152.28851 -38.17343 54.28603
        vertex 152.27678 -38.22018 54.64203
    endloop
endfacet
facet normal 0.21853849 0.97480083 0.04476881
    outer loop
        vertex 155.20505 -38.876663 54.64204
        vertex 152.27678 -38.22018 54.64203
        vertex 155.20114 -38.892227 55
    endloop
endfacet
facet normal 0.21327646 0.95134002 0.22240791
    outer loop
        vertex 155.21674 -38.829895 54.286026
        vertex 152.30788 -38.096046 53.93645
        vertex 152.28851 -38.17343 54.28603
    endloop
endfacet
facet normal 0.21327715 0.95134079 0.22240381
    outer loop
        vertex 155.23608 -38.75251 53.936455
        vertex 152.30788 -38.096046 53.93645
        vertex 155.21674 -38.829895 54.286026
    endloop
endfacet
facet normal 0.20805801 0.92805535 0.30890915
    outer loop
        vertex 155.26294 -38.644794 53.594757
        vertex 152.33478 -37.98834 53.594757
        vertex 155.23608 -38.75251 53.936455
    endloop
endfacet
facet normal 0.20116225 0.89729637 0.3929289
    outer loop
        vertex 152.36884 -37.851543 53.264935
        vertex 152.33478 -37.98834 53.594757
        vertex 155.26294 -38.644794 53.594757
    endloop
endfacet
facet normal 0.19264372 0.8592965 0.47381231
    outer loop
        vertex 152.4098 -37.68623 52.948467
        vertex 152.36884 -37.851543 53.264935
        vertex 155.29692 -38.507984 53.264935
    endloop
endfacet
facet normal 0.19264463 0.85929823 0.47380862
    outer loop
        vertex 152.4098 -37.68623 52.948467
        vertex 155.29692 -38.507984 53.264935
        vertex 155.33783 -38.342644 52.94844
    endloop
endfacet
facet normal 0.18257391 0.81437719 0.55086881
    outer loop
        vertex 152.45714 -37.49433 52.649082
        vertex 155.33783 -38.342644 52.94844
        vertex 155.38506 -38.15074 52.64909
    endloop
endfacet
facet normal 0.17103797 0.76292205 0.62345487
    outer loop
        vertex 152.45714 -37.49433 52.649082
        vertex 155.38506 -38.15074 52.64909
        vertex 152.51047 -37.276794 52.36825
    endloop
endfacet
facet normal 0.15811707 0.70529056 0.69106025
    outer loop
        vertex 152.51047 -37.276794 52.36825
        vertex 155.43834 -37.933186 52.36825
        vertex 152.56917 -37.03575 52.108814
    endloop
endfacet
facet normal 0.1581139 0.70528293 0.69106883
    outer loop
        vertex 155.43834 -37.933186 52.36825
        vertex 155.49695 -37.692123 52.10882
        vertex 152.56917 -37.03575 52.108814
    endloop
endfacet
facet normal 0.14392421 0.64199007 0.75308347
    outer loop
        vertex 155.49695 -37.692123 52.10882
        vertex 155.56046 -37.429222 51.872566
        vertex 152.63274 -36.772873 51.872566
    endloop
endfacet
facet normal 0.12857372 0.57351744 0.80904055
    outer loop
        vertex 152.63274 -36.772873 51.872566
        vertex 155.56046 -37.429222 51.872566
        vertex 152.70049 -36.490585 51.66169
    endloop
endfacet
facet normal 0.11218932 0.50042695 0.85847926
    outer loop
        vertex 152.70049 -36.490585 51.66169
        vertex 155.62811 -37.14687 51.66166
        vertex 152.7719 -36.190456 51.477406
    endloop
endfacet
facet normal 0.1121894 0.50042713 0.85847896
    outer loop
        vertex 155.62811 -37.14687 51.66166
        vertex 155.69945 -36.846737 51.477383
        vertex 152.7719 -36.190456 51.477406
    endloop
endfacet
facet normal 0.09489679 0.42329261 0.90100938
    outer loop
        vertex 155.69945 -36.846737 51.477383
        vertex 155.77356 -36.532143 51.32178
        vertex 152.84607 -35.875877 51.3218
    endloop
endfacet
facet normal 0.07683348 0.34273279 0.93628561
    outer loop
        vertex 155.77356 -36.532143 51.32178
        vertex 155.85005 -36.204426 51.19554
        vertex 152.92262 -35.54817 51.195545
    endloop
endfacet
facet normal 0.05816801 0.25946903 0.96399808
    outer loop
        vertex 155.85005 -36.204426 51.19554
        vertex 155.9279 -35.867676 51.100204
        vertex 153.0005 -35.211437 51.100212
    endloop
endfacet
facet normal 0.04023411 0.17946793 0.98294073
    outer loop
        vertex 155.9279 -35.867676 51.100204
        vertex 153.06955 -34.910053 51.04236
        vertex 153.0005 -35.211437 51.100212
    endloop
endfacet
facet normal 0.0159197 0.07100388 0.9973489
    outer loop
        vertex 155.99692 -35.566288 51.04235
        vertex 153.1976 -34.34378 51
        vertex 153.06955 -34.910053 51.04236
    endloop
endfacet
facet normal 0.01591642 0.07099639 0.99734962
    outer loop
        vertex 156.12494 -35.00005 51
        vertex 153.1976 -34.34378 51
        vertex 155.99692 -35.566288 51.04235
    endloop
endfacet
facet normal -0.02447148 -0.10916422 0.99372244
    outer loop
        vertex 156.31708 -34.13168 51.10012
        vertex 153.38968 -33.47544 51.10012
        vertex 153.1976 -34.34378 51
    endloop
endfacet
facet normal -0.05817262 -0.25950083 0.96398926
    outer loop
        vertex 156.39063 -33.793076 51.19571
        vertex 153.38968 -33.47544 51.10012
        vertex 156.31708 -34.13168 51.10012
    endloop
endfacet
facet normal -0.076844 -0.34277403 0.93626958
    outer loop
        vertex 156.46121 -33.46476 51.3217
        vertex 153.46318 -33.136814 51.1957
        vertex 156.39063 -33.793076 51.19571
    endloop
endfacet
facet normal -0.07684302 -0.34276363 0.93627357
    outer loop
        vertex 153.53372 -32.808487 51.32169
        vertex 153.46318 -33.136814 51.1957
        vertex 156.46121 -33.46476 51.3217
    endloop
endfacet
facet normal -0.09489964 -0.42329636 0.90100729
    outer loop
        vertex 153.60104 -32.491806 51.47756
        vertex 153.53372 -32.808487 51.32169
        vertex 156.52861 -33.148094 51.47758
    endloop
endfacet
facet normal -0.11219812 -0.50046277 0.85845715
    outer loop
        vertex 153.60104 -32.491806 51.47756
        vertex 156.52861 -33.148094 51.47758
        vertex 156.59215 -32.846584 51.66166
    endloop
endfacet
facet normal -0.1285767 -0.5735293 0.80903167
    outer loop
        vertex 153.66452 -32.19028 51.66164
        vertex 156.59215 -32.846584 51.66166
        vertex 156.6515 -32.56229 51.87263
    endloop
endfacet
facet normal -0.12857598 -0.57351971 0.80903858
    outer loop
        vertex 153.66452 -32.19028 51.66164
        vertex 156.6515 -32.56229 51.87263
        vertex 153.7238 -31.905968 51.87261
    endloop
endfacet
facet normal -0.192643 -0.85930526 0.4737964
    outer loop
        vertex 153.9456 -30.818037 53.264687
        vertex 153.91212 -30.984743 52.948727
        vertex 156.8737 -31.474472 53.264687
    endloop
endfacet
facet normal -0.14392951 -0.64201015 0.75306523
    outer loop
        vertex 156.6515 -32.56229 51.87263
        vertex 156.70631 -32.29751 52.10884
        vertex 153.7238 -31.905968 51.87261
    endloop
endfacet
facet normal -0.21853733 -0.97480118 0.04476656
    outer loop
        vertex 154.45152 -30.52561 55
        vertex 156.94803 -31.101728 54.642117
        vertex 156.95114 -31.08599 55
    endloop
endfacet
facet normal -0.21854228 -0.97479981 0.04477226
    outer loop
        vertex 154.02287 -30.42951 55
        vertex 154.01976 -30.44525 54.64212
        vertex 154.45152 -30.52561 55
    endloop
endfacet
facet normal -0.21853742 -0.97480118 0.04476611
    outer loop
        vertex 154.01976 -30.44525 54.64212
        vertex 156.94803 -31.101728 54.642117
        vertex 154.45152 -30.52561 55
    endloop
endfacet
facet normal -0.21678054 -0.96696508 0.13410684
    outer loop
        vertex 154.0104 -30.49253 54.286083
        vertex 156.94803 -31.101728 54.642117
        vertex 154.01976 -30.44525 54.64212
    endloop
endfacet
facet normal -0.21678105 -0.96696424 0.13411231
    outer loop
        vertex 156.93866 -31.149008 54.286083
        vertex 156.94803 -31.101728 54.642117
        vertex 154.0104 -30.49253 54.286083
    endloop
endfacet
facet normal -0.21327731 -0.95133573 0.22242536
    outer loop
        vertex 156.93866 -31.149008 54.286083
        vertex 154.0104 -30.49253 54.286083
        vertex 153.99489 -30.570839 53.93627
    endloop
endfacet
facet normal -0.21327825 -0.95133239 0.22243874
    outer loop
        vertex 156.93866 -31.149008 54.286083
        vertex 153.99489 -30.570839 53.93627
        vertex 156.92308 -31.227308 53.936268
    endloop
endfacet
facet normal -0.20805945 -0.92805427 0.30891165
    outer loop
        vertex 153.99489 -30.570839 53.93627
        vertex 153.97325 -30.679607 53.59493
        vertex 156.92308 -31.227308 53.936268
    endloop
endfacet
facet normal -0.20805962 -0.9280532 0.30891511
    outer loop
        vertex 153.97325 -30.679607 53.59493
        vertex 156.9014 -31.336065 53.594933
        vertex 156.92308 -31.227308 53.936268
    endloop
endfacet
facet normal -0.20116124 -0.89728236 0.39296123
    outer loop
        vertex 153.9456 -30.818037 53.264687
        vertex 156.9014 -31.336065 53.594933
        vertex 153.97325 -30.679607 53.59493
    endloop
endfacet
facet normal -0.20116015 -0.89729697 0.39292845
    outer loop
        vertex 156.8737 -31.474472 53.264687
        vertex 156.9014 -31.336065 53.594933
        vertex 153.9456 -30.818037 53.264687
    endloop
endfacet
facet normal -0.19264294 -0.85930717 0.47379315
    outer loop
        vertex 156.84016 -31.641163 52.948727
        vertex 156.8737 -31.474472 53.264687
        vertex 153.91212 -30.984743 52.948727
    endloop
endfacet
facet normal -0.18257535 -0.81439936 0.55083573
    outer loop
        vertex 156.84016 -31.641163 52.948727
        vertex 153.91212 -30.984743 52.948727
        vertex 153.87297 -31.17871 52.64897
    endloop
endfacet
facet normal -0.18257527 -0.81439066 0.5508486
    outer loop
        vertex 156.84016 -31.641163 52.948727
        vertex 153.87297 -31.17871 52.64897
        vertex 156.8009 -31.835114 52.64897
    endloop
endfacet
facet normal -0.17103633 -0.76292032 0.62345743
    outer loop
        vertex 153.87297 -31.17871 52.64897
        vertex 153.82835 -31.398031 52.36835
        vertex 156.8009 -31.835114 52.64897
    endloop
endfacet
facet normal -0.17103605 -0.7629115 0.62346834
    outer loop
        vertex 153.82835 -31.398031 52.36835
        vertex 156.75623 -32.05442 52.36836
        vertex 156.8009 -31.835114 52.64897
    endloop
endfacet
facet normal -0.15812053 -0.70530003 0.69104975
    outer loop
        vertex 153.77853 -31.641148 52.10882
        vertex 156.75623 -32.05442 52.36836
        vertex 153.82835 -31.398031 52.36835
    endloop
endfacet
facet normal -0.15812032 -0.70529568 0.69105422
    outer loop
        vertex 156.70631 -32.29751 52.10884
        vertex 156.75623 -32.05442 52.36836
        vertex 153.77853 -31.641148 52.10882
    endloop
endfacet
facet normal -0.1439281 -0.64198774 0.75308472
    outer loop
        vertex 156.70631 -32.29751 52.10884
        vertex 153.77853 -31.641148 52.10882
        vertex 153.7238 -31.905968 51.87261
    endloop
endfacet
facet normal -0.11219861 -0.50046879 0.85845363
    outer loop
        vertex 153.60104 -32.491806 51.47756
        vertex 156.59215 -32.846584 51.66166
        vertex 153.66452 -32.19028 51.66164
    endloop
endfacet
facet normal -0.09490176 -0.42332032 0.90099579
    outer loop
        vertex 153.53372 -32.808487 51.32169
        vertex 156.46121 -33.46476 51.3217
        vertex 156.52861 -33.148094 51.47758
    endloop
endfacet
facet normal -0.05816985 -0.25947228 0.96399707
    outer loop
        vertex 153.46318 -33.136814 51.1957
        vertex 153.38968 -33.47544 51.10012
        vertex 156.39063 -33.793076 51.19571
    endloop
endfacet
facet normal -0.02447188 -0.10915864 0.99372309
    outer loop
        vertex 156.31708 -34.13168 51.10012
        vertex 153.1976 -34.34378 51
        vertex 156.12494 -35.00005 51
    endloop
endfacet
facet normal 0.04023465 0.17946953 0.98294038
    outer loop
        vertex 155.99692 -35.566288 51.04235
        vertex 153.06955 -34.910053 51.04236
        vertex 155.9279 -35.867676 51.100204
    endloop
endfacet
facet normal 0.05816754 0.25946775 0.96399844
    outer loop
        vertex 155.85005 -36.204426 51.19554
        vertex 153.0005 -35.211437 51.100212
        vertex 152.92262 -35.54817 51.195545
    endloop
endfacet
facet normal 0.07684442 0.34276298 0.93627375
    outer loop
        vertex 155.77356 -36.532143 51.32178
        vertex 152.92262 -35.54817 51.195545
        vertex 152.84607 -35.875877 51.3218
    endloop
endfacet
facet normal 0.09490037 0.42330235 0.90100449
    outer loop
        vertex 155.69945 -36.846737 51.477383
        vertex 152.84607 -35.875877 51.3218
        vertex 152.7719 -36.190456 51.477406
    endloop
endfacet
facet normal 0.1285731 0.57351589 0.80904168
    outer loop
        vertex 155.56046 -37.429222 51.872566
        vertex 155.62811 -37.14687 51.66166
        vertex 152.70049 -36.490585 51.66169
    endloop
endfacet
facet normal 0.1439243 0.6419903 0.75308311
    outer loop
        vertex 152.56917 -37.03575 52.108814
        vertex 155.49695 -37.692123 52.10882
        vertex 152.63274 -36.772873 51.872566
    endloop
endfacet
facet normal 0.17103659 0.76291889 0.62345922
    outer loop
        vertex 152.51047 -37.276794 52.36825
        vertex 155.38506 -38.15074 52.64909
        vertex 155.43834 -37.933186 52.36825
    endloop
endfacet
facet normal 0.18257557 0.81438082 0.55086297
    outer loop
        vertex 152.45714 -37.49433 52.649082
        vertex 152.4098 -37.68623 52.948467
        vertex 155.33783 -38.342644 52.94844
    endloop
endfacet
facet normal 0.20116317 0.89729798 0.39292461
    outer loop
        vertex 155.29692 -38.507984 53.264935
        vertex 152.36884 -37.851543 53.264935
        vertex 155.26294 -38.644794 53.594757
    endloop
endfacet
facet normal 0.20805617 0.9280526 0.30891883
    outer loop
        vertex 155.23608 -38.75251 53.936455
        vertex 152.33478 -37.98834 53.594757
        vertex 152.30788 -38.096046 53.93645
    endloop
endfacet
facet normal 0.2185362 0.97480059 0.04478705
    outer loop
        vertex 152.27678 -38.22018 54.64203
        vertex 152.27286 -38.23575 55
        vertex 155.20114 -38.892227 55
    endloop
endfacet
facet normal 0.21677825 0.96696067 0.1341428
    outer loop
        vertex 155.21674 -38.829895 54.286026
        vertex 152.28851 -38.17343 54.28603
        vertex 155.20505 -38.876663 54.64204
    endloop
endfacet
facet normal 0.21949822 0.97458458 -0.04478234
    outer loop
        vertex 155.20137 -38.89131 25.087118
        vertex 152.27286 -38.23575 25
        vertex 152.27678 -38.220184 25.357935
    endloop
endfacet
facet normal 0.21766587 0.96676415 -0.13412198
    outer loop
        vertex 155.2069 -38.869255 25.434639
        vertex 152.27678 -38.220184 25.357935
        vertex 152.28851 -38.17344 25.713923
    endloop
endfacet
facet normal 0.2154467 0.96461862 -0.15196607
    outer loop
        vertex 155.2069 -38.869255 25.434639
        vertex 152.28851 -38.17344 25.713923
        vertex 155.21979 -38.817734 25.779955
    endloop
endfacet
facet normal 0.21181507 0.94799328 -0.23757781
    outer loop
        vertex 155.21979 -38.817734 25.779955
        vertex 152.30789 -38.09599 26.063759
        vertex 155.23988 -38.737293 26.118849
    endloop
endfacet
facet normal 0.20875967 0.92789614 -0.30891436
    outer loop
        vertex 152.30789 -38.09599 26.063759
        vertex 152.33476 -37.9884 26.405088
        vertex 155.23988 -38.737293 26.118849
    endloop
endfacet
facet normal 0.20175794 0.8971445 -0.39297003
    outer loop
        vertex 152.33476 -37.9884 26.405088
        vertex 152.36887 -37.851406 26.735352
        vertex 155.26701 -38.62843 26.44938
    endloop
endfacet
facet normal 0.19976343 0.893278 -0.40267739
    outer loop
        vertex 152.36887 -37.851406 26.735352
        vertex 155.3009 -38.491978 26.76889
        vertex 155.26701 -38.62843 26.44938
    endloop
endfacet
facet normal 0.19143724 0.85560912 -0.48092094
    outer loop
        vertex 152.40977 -37.686337 27.051357
        vertex 155.3412 -38.328987 27.07491
        vertex 155.3009 -38.491978 26.76889
    endloop
endfacet
facet normal 0.18294334 0.81430125 -0.5508585
    outer loop
        vertex 152.45714 -37.494297 27.350967
        vertex 155.3412 -38.328987 27.07491
        vertex 152.40977 -37.686337 27.051357
    endloop
endfacet
facet normal 0.17127718 0.76286727 -0.6234563
    outer loop
        vertex 152.51042 -37.27692 27.63159
        vertex 155.38753 -38.14079 27.364956
        vertex 152.45714 -37.494297 27.350967
    endloop
endfacet
facet normal 0.17051631 0.76107299 -0.62585306
    outer loop
        vertex 155.43944 -37.928627 27.6371
        vertex 155.38753 -38.14079 27.364956
        vertex 152.51042 -37.27692 27.63159
    endloop
endfacet
facet normal 0.12918071 0.57702655 -0.80644453
    outer loop
        vertex 152.63272 -36.77294 28.127375
        vertex 155.62376 -37.16512 28.325886
        vertex 155.55812 -37.438904 28.119473
    endloop
endfacet
facet normal 0.14420493 0.64341038 -0.75181657
    outer loop
        vertex 155.55812 -37.438904 28.119473
        vertex 155.49649 -37.69401 27.889328
        vertex 152.56915 -37.035793 27.891148
    endloop
endfacet
facet normal 0.12888417 0.57345259 -0.80903703
    outer loop
        vertex 152.7005 -36.490524 28.338352
        vertex 155.62376 -37.16512 28.325886
        vertex 152.63272 -36.77294 28.127375
    endloop
endfacet
facet normal 0.11262505 0.50034285 -0.8584711
    outer loop
        vertex 152.77184 -36.190723 28.522444
        vertex 155.6928 -36.87485 28.506922
        vertex 152.7005 -36.490524 28.338352
    endloop
endfacet
facet normal 0.09544852 0.42318693 -0.90100074
    outer loop
        vertex 152.84615 -35.87561 28.67832
        vertex 155.7647 -36.569904 28.6614
        vertex 152.77184 -36.190723 28.522444
    endloop
endfacet
facet normal 0.07750002 0.34262869 -0.93626875
    outer loop
        vertex 152.92252 -35.548615 28.804306
        vertex 155.83864 -36.253517 28.78773
        vertex 152.84615 -35.87561 28.67832
    endloop
endfacet
facet normal 0.05892162 0.25927907 -0.96400344
    outer loop
        vertex 153.00061 -35.210976 28.89989
        vertex 155.91434 -35.926567 28.885517
        vertex 152.92252 -35.548615 28.804306
    endloop
endfacet
facet normal 0.04065046 0.18524155 -0.98185188
    outer loop
        vertex 156.00034 -35.551353 28.959867
        vertex 155.91434 -35.926567 28.885517
        vertex 153.00061 -35.210976 28.89989
    endloop
endfacet
facet normal 0.01630115 0.07098018 -0.99734443
    outer loop
        vertex 153.1976 -34.34378 29
        vertex 156.00034 -35.551353 28.959867
        vertex 153.06944 -34.910545 28.95757
    endloop
endfacet
facet normal 0.01549374 0.06911101 -0.99748862
    outer loop
        vertex 156.12494 -35.00005 29
        vertex 156.00034 -35.551353 28.959867
        vertex 153.1976 -34.34378 29
    endloop
endfacet
facet normal -0.01643563 -0.11099117 -0.99368548
    outer loop
        vertex 156.21004 -34.618248 28.980831
        vertex 153.1976 -34.34378 29
        vertex 153.38979 -33.47497 28.899778
    endloop
endfacet
facet normal -0.04220143 -0.17385456 -0.98386669
    outer loop
        vertex 156.21004 -34.618248 28.980831
        vertex 153.38979 -33.47497 28.899778
        vertex 156.34805 -33.9895 28.863808
    endloop
endfacet
facet normal -0.06694022 -0.29303318 -0.95375603
    outer loop
        vertex 156.34805 -33.9895 28.863808
        vertex 153.46318 -33.13686 28.80432
        vertex 156.41837 -33.664444 28.759003
    endloop
endfacet
facet normal -0.07560292 -0.34305829 -0.9362666
    outer loop
        vertex 153.46318 -33.13686 28.80432
        vertex 153.53375 -32.80832 28.67824
        vertex 156.41837 -33.664444 28.759003
    endloop
endfacet
facet normal -0.09368382 -0.42353776 -0.90102112
    outer loop
        vertex 153.53375 -32.80832 28.67824
        vertex 153.60098 -32.492172 28.52264
        vertex 156.48595 -33.34889 28.625387
    endloop
endfacet
facet normal -0.1021062 -0.4502252 -0.88705784
    outer loop
        vertex 153.60098 -32.492172 28.52264
        vertex 156.55014 -33.0462 28.464369
        vertex 156.48595 -33.34889 28.625387
    endloop
endfacet
facet normal -0.11859188 -0.52398562 -0.8434304
    outer loop
        vertex 153.66452 -32.19031 28.33838
        vertex 156.61073 -32.75788 28.27673
        vertex 156.55014 -33.0462 28.464369
    endloop
endfacet
facet normal -0.12745693 -0.57373667 -0.80906171
    outer loop
        vertex 153.72379 -31.906054 28.127466
        vertex 156.61073 -32.75788 28.27673
        vertex 153.66452 -32.19031 28.33838
    endloop
endfacet
facet normal -0.13417591 -0.59375972 -0.79337645
    outer loop
        vertex 156.66719 -32.48683 28.06433
        vertex 156.61073 -32.75788 28.27673
        vertex 153.72379 -31.906054 28.127466
    endloop
endfacet
facet normal -0.14873186 -0.65899682 -0.73729366
    outer loop
        vertex 156.71925 -32.23469 27.828463
        vertex 156.66719 -32.48683 28.06433
        vertex 153.77852 -31.641207 27.891228
    endloop
endfacet
facet normal -0.18520509 -0.82283044 -0.53726089
    outer loop
        vertex 156.80898 -31.795341 27.294142
        vertex 153.91211 -30.984884 27.051514
        vertex 156.84612 -31.61158 26.999903
    endloop
endfacet
facet normal 0.15807256 0.70491797 -0.69145042
    outer loop
        vertex 155.49649 -37.69401 27.889328
        vertex 155.43944 -37.928627 27.6371
        vertex 152.56915 -37.035793 27.891148
    endloop
endfacet
facet normal -0.21854222 -0.97479963 -0.04477526
    outer loop
        vertex 154.45152 -30.52561 25
        vertex 154.01976 -30.445253 25.357939
        vertex 154.02287 -30.42951 25
    endloop
endfacet
facet normal -0.2185494 -0.97485495 -0.04351908
    outer loop
        vertex 156.95114 -31.08599 25
        vertex 156.9482 -31.100864 25.347965
        vertex 154.45152 -30.52561 25
    endloop
endfacet
facet normal -0.21839677 -0.97484076 -0.04459054
    outer loop
        vertex 156.9482 -31.100864 25.347965
        vertex 154.01976 -30.445253 25.357939
        vertex 154.45152 -30.52561 25
    endloop
endfacet
facet normal -0.21702664 -0.96741509 -0.13041319
    outer loop
        vertex 156.93933 -31.145565 25.694311
        vertex 154.01976 -30.445253 25.357939
        vertex 156.9482 -31.100864 25.347965
    endloop
endfacet
facet normal -0.21650416 -0.96702343 -0.13413268
    outer loop
        vertex 154.0104 -30.492546 25.713991
        vertex 154.01976 -30.445253 25.357939
        vertex 156.93933 -31.145565 25.694311
    endloop
endfacet
facet normal -0.213844 -0.95261514 -0.21632184
    outer loop
        vertex 154.0104 -30.492546 25.713991
        vertex 156.93933 -31.145565 25.694311
        vertex 156.92464 -31.219551 26.034649
    endloop
endfacet
facet normal -0.21287692 -0.95142728 -0.2224177
    outer loop
        vertex 154.0104 -30.492546 25.713991
        vertex 156.92464 -31.219551 26.034649
        vertex 153.99489 -30.570795 26.063566
    endloop
endfacet
facet normal -0.20902878 -0.9305647 -0.30059332
    outer loop
        vertex 156.92464 -31.219551 26.034649
        vertex 156.9041 -31.322569 26.36785
        vertex 153.99489 -30.570795 26.063566
    endloop
endfacet
facet normal -0.20753838 -0.92816776 -0.30892119
    outer loop
        vertex 156.9041 -31.322569 26.36785
        vertex 153.97324 -30.679684 26.405273
        vertex 153.99489 -30.570795 26.063566
    endloop
endfacet
facet normal -0.20261373 -0.90142822 -0.38258955
    outer loop
        vertex 156.87791 -31.453423 26.690023
        vertex 153.97324 -30.679684 26.405273
        vertex 156.9041 -31.322569 26.36785
    endloop
endfacet
facet normal -0.20053062 -0.89742434 -0.39295924
    outer loop
        vertex 153.94562 -30.817947 26.735128
        vertex 153.97324 -30.679684 26.405273
        vertex 156.87791 -31.453423 26.690023
    endloop
endfacet
facet normal -0.19465353 -0.86542809 -0.46167544
    outer loop
        vertex 153.94562 -30.817947 26.735128
        vertex 156.87791 -31.453423 26.690023
        vertex 156.84612 -31.61158 26.999903
    endloop
endfacet
facet normal -0.19191317 -0.85946125 -0.47380987
    outer loop
        vertex 153.94562 -30.817947 26.735128
        vertex 156.84612 -31.61158 26.999903
        vertex 153.91211 -30.984884 27.051514
    endloop
endfacet
facet normal -0.18175274 -0.81456321 -0.55086523
    outer loop
        vertex 153.91211 -30.984884 27.051514
        vertex 156.80898 -31.795341 27.294142
        vertex 153.87297 -31.178679 27.35099
    endloop
endfacet
facet normal -0.17434886 -0.77397734 -0.60873771
    outer loop
        vertex 156.80898 -31.795341 27.294142
        vertex 156.76659 -32.0037 27.5712
        vertex 153.87297 -31.178679 27.35099
    endloop
endfacet
facet normal -0.17012425 -0.76309782 -0.62348974
    outer loop
        vertex 156.76659 -32.0037 27.5712
        vertex 153.82834 -31.398151 27.631784
        vertex 153.87297 -31.178679 27.35099
    endloop
endfacet
facet normal -0.16215461 -0.71921372 -0.67560154
    outer loop
        vertex 156.71925 -32.23469 27.828463
        vertex 153.82834 -31.398151 27.631784
        vertex 156.76659 -32.0037 27.5712
    endloop
endfacet
facet normal -0.15712701 -0.70548123 -0.69109148
    outer loop
        vertex 153.77852 -31.641207 27.891228
        vertex 153.82834 -31.398151 27.631784
        vertex 156.71925 -32.23469 27.828463
    endloop
endfacet
facet normal -0.14287305 -0.64221656 -0.75309044
    outer loop
        vertex 153.77852 -31.641207 27.891228
        vertex 156.66719 -32.48683 28.06433
        vertex 153.72379 -31.906054 28.127466
    endloop
endfacet
facet normal -0.11101757 -0.50066608 -0.85849214
    outer loop
        vertex 153.60098 -32.492172 28.52264
        vertex 153.66452 -32.19031 28.33838
        vertex 156.55014 -33.0462 28.464369
    endloop
endfacet
facet normal -0.08484834 -0.37304544 -0.92392522
    outer loop
        vertex 156.41837 -33.664444 28.759003
        vertex 153.53375 -32.80832 28.67824
        vertex 156.48595 -33.34889 28.625387
    endloop
endfacet
facet normal -0.05690925 -0.25980723 -0.96398205
    outer loop
        vertex 156.34805 -33.9895 28.863808
        vertex 153.38979 -33.47497 28.899778
        vertex 153.46318 -33.13686 28.80432
    endloop
endfacet
facet normal -0.01070707 -0.04775968 -0.99880141
    outer loop
        vertex 156.21004 -34.618248 28.980831
        vertex 156.12494 -35.00005 29
        vertex 153.1976 -34.34378 29
    endloop
endfacet
facet normal 0.04002509 0.17953913 -0.98293626
    outer loop
        vertex 153.06944 -34.910545 28.95757
        vertex 156.00034 -35.551353 28.959867
        vertex 153.00061 -35.210976 28.89989
    endloop
endfacet
facet normal 0.06056411 0.27312595 -0.96006989
    outer loop
        vertex 152.92252 -35.548615 28.804306
        vertex 155.91434 -35.926567 28.885517
        vertex 155.83864 -36.253517 28.78773
    endloop
endfacet
facet normal 0.07874803 0.35374048 -0.93202275
    outer loop
        vertex 152.84615 -35.87561 28.67832
        vertex 155.83864 -36.253517 28.78773
        vertex 155.7647 -36.569904 28.6614
    endloop
endfacet
facet normal 0.09632751 0.43163034 -0.89689249
    outer loop
        vertex 152.77184 -36.190723 28.522444
        vertex 155.7647 -36.569904 28.6614
        vertex 155.6928 -36.87485 28.506922
    endloop
endfacet
facet normal 0.11318673 0.50627768 -0.85491031
    outer loop
        vertex 152.7005 -36.490524 28.338352
        vertex 155.6928 -36.87485 28.506922
        vertex 155.62376 -37.16512 28.325886
    endloop
endfacet
facet normal 0.14410478 0.64195091 -0.75308216
    outer loop
        vertex 152.56915 -37.035793 27.891148
        vertex 152.63272 -36.77294 28.127375
        vertex 155.55812 -37.438904 28.119473
    endloop
endfacet
facet normal 0.15822984 0.70530188 -0.69102287
    outer loop
        vertex 155.43944 -37.928627 27.6371
        vertex 152.51042 -37.27692 27.63159
        vertex 152.56915 -37.035793 27.891148
    endloop
endfacet
facet normal 0.18166488 0.81142241 -0.55551022
    outer loop
        vertex 155.38753 -38.14079 27.364956
        vertex 155.3412 -38.328987 27.07491
        vertex 152.45714 -37.494297 27.350967
    endloop
endfacet
facet normal 0.19312951 0.85918874 -0.47380987
    outer loop
        vertex 152.40977 -37.686337 27.051357
        vertex 155.3009 -38.491978 26.76889
        vertex 152.36887 -37.851406 26.735352
    endloop
endfacet
facet normal 0.20657255 0.92415959 -0.321336
    outer loop
        vertex 152.33476 -37.9884 26.405088
        vertex 155.26701 -38.62843 26.44938
        vertex 155.23988 -38.737293 26.118849
    endloop
endfacet
facet normal 0.21407476 0.95115489 -0.22243324
    outer loop
        vertex 152.28851 -38.17344 25.713923
        vertex 152.30789 -38.09599 26.063759
        vertex 155.21979 -38.817734 25.779955
    endloop
endfacet
facet normal 0.21744162 0.9738887 -0.06526726
    outer loop
        vertex 155.20137 -38.89131 25.087118
        vertex 152.27678 -38.220184 25.357935
        vertex 155.2069 -38.869255 25.434639
    endloop
endfacet
facet normal 0.21874286 0.97572237 -0.01082875
    outer loop
        vertex 152.27286 -38.23575 25
        vertex 155.20137 -38.89131 25.087118
        vertex 155.20114 -38.892227 25
    endloop
endfacet
facet normal 0.2175322 0.97409159 0.06184964
    outer loop
        vertex 155.20134 -38.89141 24.91795
        vertex 155.20633 -38.87155 24.58763
        vertex 152.27365 -38.232628 24.83956
    endloop
endfacet
facet normal 0.21874425 0.97572857 0.01023667
    outer loop
        vertex 155.20134 -38.89141 24.91795
        vertex 152.27286 -38.23575 25
        vertex 155.20114 -38.892227 25
    endloop
endfacet
facet normal 0.21537469 0.96584588 0.14406767
    outer loop
        vertex 155.20633 -38.87155 24.58763
        vertex 155.21788 -38.825375 24.260786
        vertex 152.28252 -38.197315 24.438442
    endloop
endfacet
facet normal 0.21639894 0.95763463 0.19001941
    outer loop
        vertex 155.21788 -38.825375 24.260786
        vertex 152.30112 -38.123116 24.043318
        vertex 152.28252 -38.197315 24.438442
    endloop
endfacet
facet normal 0.21215753 0.95092446 0.22523735
    outer loop
        vertex 155.23593 -38.753117 23.938719
        vertex 152.30112 -38.123116 24.043318
        vertex 155.21788 -38.825375 24.260786
    endloop
endfacet
facet normal 0.20790313 0.92939359 0.30496505
    outer loop
        vertex 155.26036 -38.655167 23.623558
        vertex 152.32922 -38.010643 23.657583
        vertex 155.23593 -38.753117 23.938719
    endloop
endfacet
facet normal 0.20265584 0.901434 0.38255367
    outer loop
        vertex 152.36641 -37.86126 23.285883
        vertex 152.32922 -38.010643 23.657583
        vertex 155.26036 -38.655167 23.623558
    endloop
endfacet
facet normal 0.19407973 0.86773574 0.4575673
    outer loop
        vertex 155.32727 -38.385387 23.02398
        vertex 152.36641 -37.86126 23.285883
        vertex 155.29085 -38.532536 23.318481
    endloop
endfacet
facet normal 0.19397256 0.85916013 0.47351739
    outer loop
        vertex 152.41234 -37.675938 22.930817
        vertex 152.36641 -37.86126 23.285883
        vertex 155.32727 -38.385387 23.02398
    endloop
endfacet
facet normal 0.18459797 0.8279919 0.52948368
    outer loop
        vertex 152.41234 -37.675938 22.930817
        vertex 155.32727 -38.385387 23.02398
        vertex 155.36916 -38.215477 22.743675
    endloop
endfacet
facet normal 0.17427492 0.78253186 0.59772241
    outer loop
        vertex 152.46625 -37.45721 22.597347
        vertex 155.36916 -38.215477 22.743675
        vertex 155.41628 -38.023445 22.47853
    endloop
endfacet
facet normal 0.16960137 0.74927545 0.64017314
    outer loop
        vertex 152.46625 -37.45721 22.597347
        vertex 155.41628 -38.023445 22.47853
        vertex 152.52759 -37.206665 22.287851
    endloop
endfacet
facet normal 0.15415257 0.68276638 0.71418989
    outer loop
        vertex 152.52759 -37.206665 22.287851
        vertex 155.46815 -37.810776 22.230682
        vertex 152.5955 -36.927113 22.00594
    endloop
endfacet
facet normal 0.15137136 0.67559999 0.72156167
    outer loop
        vertex 155.46815 -37.810776 22.230682
        vertex 155.52438 -37.57879 22.001677
        vertex 152.5955 -36.927113 22.00594
    endloop
endfacet
facet normal 0.13798462 0.61507678 0.77629942
    outer loop
        vertex 155.52438 -37.57879 22.001677
        vertex 155.58447 -37.329243 21.793276
        vertex 152.5955 -36.927113 22.00594
    endloop
endfacet
facet normal 0.12269649 0.55060762 0.82569778
    outer loop
        vertex 152.66916 -36.621407 21.75447
        vertex 155.58447 -37.329243 21.793276
        vertex 155.64795 -37.063663 21.606745
    endloop
endfacet
facet normal 0.12024741 0.5293988 0.83980805
    outer loop
        vertex 152.66916 -36.621407 21.75447
        vertex 155.64795 -37.063663 21.606745
        vertex 152.74776 -36.292213 21.5357
    endloop
endfacet
facet normal 0.1013324 0.44429627 0.89013058
    outer loop
        vertex 152.74776 -36.292213 21.5357
        vertex 155.71432 -36.783844 21.443377
        vertex 152.83015 -35.94363 21.35233
    endloop
endfacet
facet normal 0.09095642 0.41053906 0.90729529
    outer loop
        vertex 155.71432 -36.783844 21.443377
        vertex 155.78299 -36.49192 21.304401
        vertex 152.83015 -35.94363 21.35233
    endloop
endfacet
facet normal 0.07470657 0.33585945 0.93894482
    outer loop
        vertex 155.78299 -36.49192 21.304401
        vertex 155.85362 -36.189034 21.19044
        vertex 152.91568 -35.57798 21.205622
    endloop
endfacet
facet normal 0.05837031 0.25880396 0.96416467
    outer loop
        vertex 155.85362 -36.189034 21.19044
        vertex 155.92531 -35.87894 21.102863
        vertex 153.003 -35.200535 21.09768
    endloop
endfacet
facet normal 0.03898099 0.17543188 0.98371953
    outer loop
        vertex 155.92531 -35.87894 21.102863
        vertex 156.0071 -35.521645 21.035904
        vertex 153.003 -35.200535 21.09768
    endloop
endfacet
facet normal 0.03850703 0.17083879 0.9845463
    outer loop
        vertex 156.0071 -35.521645 21.035904
        vertex 153.08278 -34.85205 21.03409
        vertex 153.003 -35.200535 21.09768
    endloop
endfacet
facet normal 0.01428099 0.06370143 0.99786681
    outer loop
        vertex 156.12494 -35.00005 21
        vertex 153.1976 -34.34378 21
        vertex 153.08278 -34.85205 21.03409
    endloop
endfacet
facet normal -0.01759421 -0.07848028 0.99676037
    outer loop
        vertex 153.33661 -33.7177 21.051748
        vertex 153.1976 -34.34378 21
        vertex 156.12494 -35.00005 21
    endloop
endfacet
facet normal -0.04462776 -0.20019151 0.97873992
    outer loop
        vertex 156.33667 -34.041855 21.12224
        vertex 153.33661 -33.7177 21.051748
        vertex 156.26758 -34.357567 21.054514
    endloop
endfacet
facet normal -0.04510705 -0.20484151 0.97775519
    outer loop
        vertex 153.4206 -33.333443 21.136126
        vertex 153.33661 -33.7177 21.051748
        vertex 156.33667 -34.041855 21.12224
    endloop
endfacet
facet normal -0.06573129 -0.29988086 0.95170939
    outer loop
        vertex 153.50159 -32.9585 21.259863
        vertex 153.4206 -33.333443 21.136126
        vertex 156.40387 -33.731754 21.216663
    endloop
endfacet
facet normal -0.08055586 -0.35440001 0.93161768
    outer loop
        vertex 153.50159 -32.9585 21.259863
        vertex 156.40387 -33.731754 21.216663
        vertex 156.46844 -33.43086 21.336712
    endloop
endfacet
facet normal -0.0861039 -0.3917847 0.91601902
    outer loop
        vertex 153.50159 -32.9585 21.259863
        vertex 156.46844 -33.43086 21.336712
        vertex 153.57857 -32.59794 21.421312
    endloop
endfacet
facet normal -0.1059983 -0.47962078 0.87105012
    outer loop
        vertex 153.57857 -32.59794 21.421312
        vertex 156.53033 -33.13992 21.482086
        vertex 153.65105 -32.25456 21.619205
    endloop
endfacet
facet normal -0.11263418 -0.49934313 0.8590517
    outer loop
        vertex 156.53033 -33.13992 21.482086
        vertex 156.58891 -32.862 21.651314
        vertex 153.65105 -32.25456 21.619205
    endloop
endfacet
facet normal -0.12693435 -0.56702882 0.81385869
    outer loop
        vertex 156.58891 -32.862 21.651314
        vertex 156.64395 -32.598644 21.843382
        vertex 153.7183 -31.93244 21.851236
    endloop
endfacet
facet normal -0.15772036 -0.71087629 0.68540436
    outer loop
        vertex 153.83528 -31.364073 22.408554
        vertex 153.77989 -31.634573 22.115255
        vertex 156.74231 -32.122406 22.290983
    endloop
endfacet
facet normal -0.20397766 -0.91615707 0.34503528
    outer loop
        vertex 156.90894 -31.29838 23.70193
        vertex 153.9877 -30.60697 23.810827
        vertex 153.96053 -30.743395 23.432518
    endloop
endfacet
facet normal -0.20429961 -0.90897578 0.36335197
    outer loop
        vertex 156.90894 -31.29838 23.70193
        vertex 153.96053 -30.743395 23.432518
        vertex 156.88536 -31.416357 23.393538
    endloop
endfacet
facet normal -0.21857022 -0.97494781 0.04127836
    outer loop
        vertex 154.45152 -30.52561 25
        vertex 156.94849 -31.099371 24.66992
        vertex 156.95114 -31.08599 25
    endloop
endfacet
facet normal -0.21848464 -0.9745428 0.05030888
    outer loop
        vertex 154.02287 -30.42951 25
        vertex 154.01894 -30.449377 24.598057
        vertex 154.45152 -30.52561 25
    endloop
endfacet
facet normal -0.21749507 -0.97482103 0.04919109
    outer loop
        vertex 154.01894 -30.449377 24.598057
        vertex 156.94849 -31.099371 24.66992
        vertex 154.45152 -30.52561 25
    endloop
endfacet
facet normal -0.21783526 -0.96812862 0.1235908
    outer loop
        vertex 156.94055 -31.139418 24.342236
        vertex 156.94849 -31.099371 24.66992
        vertex 154.01894 -30.449377 24.598057
    endloop
endfacet
facet normal -0.21475495 -0.96502048 0.15038587
    outer loop
        vertex 156.94055 -31.139418 24.342236
        vertex 154.01894 -30.449377 24.598057
        vertex 154.0072 -30.508738 24.200386
    endloop
endfacet
facet normal -0.21520098 -0.95479536 0.20507152
    outer loop
        vertex 156.94055 -31.139418 24.342236
        vertex 154.0072 -30.508738 24.200386
        vertex 156.92734 -31.20597 24.018503
    endloop
endfacet
facet normal -0.2102333 -0.94542992 0.2489263
    outer loop
        vertex 154.0072 -30.508738 24.200386
        vertex 153.9877 -30.60697 23.810827
        vertex 156.92734 -31.20597 24.018503
    endloop
endfacet
facet normal -0.21067613 -0.93503201 0.28518555
    outer loop
        vertex 153.9877 -30.60697 23.810827
        vertex 156.90894 -31.29838 23.70193
        vertex 156.92734 -31.20597 24.018503
    endloop
endfacet
facet normal -0.1415468 -0.63060093 0.76309037
    outer loop
        vertex 156.64395 -32.598644 21.843382
        vertex 156.69519 -32.351467 22.057148
        vertex 153.7183 -31.93244 21.851236
    endloop
endfacet
facet normal -0.19607021 -0.8775121 0.43764028
    outer loop
        vertex 153.92593 -30.916115 23.0707
        vertex 156.88536 -31.416357 23.393538
        vertex 153.96053 -30.743395 23.432518
    endloop
endfacet
facet normal -0.19610499 -0.87677109 0.43910742
    outer loop
        vertex 156.8568 -31.55864 23.096684
        vertex 156.88536 -31.416357 23.393538
        vertex 153.92593 -30.916115 23.0707
    endloop
endfacet
facet normal -0.18829413 -0.83820128 0.51182401
    outer loop
        vertex 156.8568 -31.55864 23.096684
        vertex 153.92593 -30.916115 23.0707
        vertex 156.82327 -31.724735 22.81234
    endloop
endfacet
facet normal -0.1848252 -0.83025336 0.52585059
    outer loop
        vertex 153.92593 -30.916115 23.0707
        vertex 153.88406 -31.123877 22.727953
        vertex 156.82327 -31.724735 22.81234
    endloop
endfacet
facet normal -0.17898874 -0.79395312 0.58103478
    outer loop
        vertex 153.88406 -31.123877 22.727953
        vertex 156.78506 -31.913015 22.543295
        vertex 156.82327 -31.724735 22.81234
    endloop
endfacet
facet normal -0.17194155 -0.774526 0.60872453
    outer loop
        vertex 153.83528 -31.364073 22.408554
        vertex 156.78506 -31.913015 22.543295
        vertex 153.88406 -31.123877 22.727953
    endloop
endfacet
facet normal -0.16804869 -0.74439806 0.64624399
    outer loop
        vertex 156.74231 -32.122406 22.290983
        vertex 156.78506 -31.913015 22.543295
        vertex 153.83528 -31.364073 22.408554
    endloop
endfacet
facet normal -0.14230905 -0.63991773 0.75515127
    outer loop
        vertex 156.69519 -32.351467 22.057148
        vertex 153.77989 -31.634573 22.115255
        vertex 153.7183 -31.93244 21.851236
    endloop
endfacet
facet normal -0.15553832 -0.68981874 0.70707703
    outer loop
        vertex 156.74231 -32.122406 22.290983
        vertex 153.77989 -31.634573 22.115255
        vertex 156.69519 -32.351467 22.057148
    endloop
endfacet
facet normal -0.12524131 -0.5625273 0.81723785
    outer loop
        vertex 156.58891 -32.862 21.651314
        vertex 153.7183 -31.93244 21.851236
        vertex 153.65105 -32.25456 21.619205
    endloop
endfacet
facet normal -0.09713048 -0.42825496 0.89842278
    outer loop
        vertex 156.46844 -33.43086 21.336712
        vertex 156.53033 -33.13992 21.482086
        vertex 153.57857 -32.59794 21.421312
    endloop
endfacet
facet normal -0.06301704 -0.27818719 0.95845753
    outer loop
        vertex 153.4206 -33.333443 21.136126
        vertex 156.33667 -34.041855 21.12224
        vertex 156.40387 -33.731754 21.216663
    endloop
endfacet
facet normal -0.01850384 -0.08045117 0.9965868
    outer loop
        vertex 153.33661 -33.7177 21.051748
        vertex 156.12494 -35.00005 21
        vertex 156.26758 -34.357567 21.054514
    endloop
endfacet
facet normal 0.01436406 0.06543498 0.99775344
    outer loop
        vertex 156.12494 -35.00005 21
        vertex 153.08278 -34.85205 21.03409
        vertex 156.0071 -35.521645 21.035904
    endloop
endfacet
facet normal 0.05941698 0.26174185 0.9633072
    outer loop
        vertex 155.85362 -36.189034 21.19044
        vertex 153.003 -35.200535 21.09768
        vertex 152.91568 -35.57798 21.205622
    endloop
endfacet
facet normal 0.08099311 0.35477093 0.93143845
    outer loop
        vertex 155.78299 -36.49192 21.304401
        vertex 152.91568 -35.57798 21.205622
        vertex 152.83015 -35.94363 21.35233
    endloop
endfacet
facet normal 0.1069799 0.48225296 0.86947536
    outer loop
        vertex 155.64795 -37.063663 21.606745
        vertex 155.71432 -36.783844 21.443377
        vertex 152.74776 -36.292213 21.5357
    endloop
endfacet
facet normal 0.13753322 0.60926151 0.78095138
    outer loop
        vertex 152.5955 -36.927113 22.00594
        vertex 155.58447 -37.329243 21.793276
        vertex 152.66916 -36.621407 21.75447
    endloop
endfacet
facet normal 0.16316935 0.73160338 0.66191566
    outer loop
        vertex 152.52759 -37.206665 22.287851
        vertex 155.41628 -38.023445 22.47853
        vertex 155.46815 -37.810776 22.230682
    endloop
endfacet
facet normal 0.1829087 0.80824971 0.5597114
    outer loop
        vertex 152.46625 -37.45721 22.597347
        vertex 152.41234 -37.675938 22.930817
        vertex 155.36916 -38.215477 22.743675
    endloop
endfacet
facet normal 0.20264719 0.90141934 0.38259286
    outer loop
        vertex 155.29085 -38.532536 23.318481
        vertex 152.36641 -37.86126 23.285883
        vertex 155.26036 -38.655167 23.623558
    endloop
endfacet
facet normal 0.21079904 0.93421555 0.28775871
    outer loop
        vertex 155.23593 -38.753117 23.938719
        vertex 152.32922 -38.010643 23.657583
        vertex 152.30112 -38.123116 24.043318
    endloop
endfacet
facet normal 0.21897371 0.9755246 0.02005601
    outer loop
        vertex 152.27365 -38.232628 24.83956
        vertex 152.27286 -38.23575 25
        vertex 155.20134 -38.89141 24.91795
    endloop
endfacet
facet normal 0.21940449 0.97143954 0.09037057
    outer loop
        vertex 155.20633 -38.87155 24.58763
        vertex 152.28252 -38.197315 24.438442
        vertex 152.27365 -38.232628 24.83956
    endloop
endfacet
facet normal 0 0.9999339 -0.01150051
    outer loop
        vertex 159.94998 -4 85
        vertex 156.94904 -4 85
        vertex 156.94905 -3.998944 85.09181
    endloop
endfacet
facet normal 0 0.99674594 -0.08060677
    outer loop
        vertex 159.95001 -3.998944 85.09181
        vertex 156.94905 -3.998944 85.09181
        vertex 156.95001 -3.9617298 85.55199
    endloop
endfacet
facet normal -0.00000047 0.98299968 -0.18360752
    outer loop
        vertex 159.95094 -3.9617298 85.55198
        vertex 156.95001 -3.9617298 85.55199
        vertex 156.9517 -3.893855 85.915375
    endloop
endfacet
facet normal -0.00000047 0.98299962 -0.18360752
    outer loop
        vertex 159.95094 -3.9617298 85.55198
        vertex 156.9517 -3.893855 85.915375
        vertex 159.9526 -3.893855 85.91537
    endloop
endfacet
facet normal -0.00000054 0.96185988 -0.27354279
    outer loop
        vertex 159.9526 -3.893855 85.91537
        vertex 156.95418 -3.7928216 86.27064
        vertex 159.95503 -3.7928221 86.27063
    endloop
endfacet
facet normal -0.00000077 0.93251246 -0.36113769
    outer loop
        vertex 156.95418 -3.7928216 86.27064
        vertex 156.95734 -3.659315 86.61537
        vertex 159.95503 -3.7928221 86.27063
    endloop
endfacet
facet normal 0.00000004 0.89519751 -0.44566959
    outer loop
        vertex 156.95734 -3.659315 86.61537
        vertex 156.9611 -3.4946873 86.94605
        vertex 159.95816 -3.6592925 86.61542
    endloop
endfacet
facet normal 0.00000194 0.89520442 -0.44565576
    outer loop
        vertex 156.9611 -3.4946873 86.94605
        vertex 159.96184 -3.494709 86.94602
        vertex 159.95816 -3.6592925 86.61542
    endloop
endfacet
facet normal -0.00000007 0.85026735 -0.52635092
    outer loop
        vertex 156.96532 -3.300111 87.260376
        vertex 159.96596 -3.3001344 87.26034
        vertex 159.96184 -3.494709 86.94602
    endloop
endfacet
facet normal -0.00000144 0.79804689 -0.60259539
    outer loop
        vertex 156.96983 -3.077471 87.55523
        vertex 159.96596 -3.3001344 87.26034
        vertex 156.96532 -3.300111 87.260376
    endloop
endfacet
facet normal -0.00000253 0.73903108 -0.67367136
    outer loop
        vertex 156.97452 -2.8284736 87.828384
        vertex 159.9704 -3.0775025 87.55518
        vertex 156.96983 -3.077471 87.55523
    endloop
endfacet
facet normal -0.00000245 0.60262072 -0.79802769
    outer loop
        vertex 156.9792 -2.5554278 88.07731
        vertex 156.98373 -2.260421 88.30008
        vertex 159.97958 -2.5554762 88.07726
    endloop
endfacet
facet normal -0.00000041 0.67372185 -0.738985
    outer loop
        vertex 156.9792 -2.5554278 88.07731
        vertex 159.97958 -2.5554762 88.07726
        vertex 159.97499 -2.8285136 87.82834
    endloop
endfacet
facet normal -0.00000353 0.52639216 -0.8502419
    outer loop
        vertex 156.98373 -2.260421 88.30008
        vertex 156.98793 -1.9463768 88.49451
        vertex 159.98402 -2.2604625 88.30004
    endloop
endfacet
facet normal 0.00000041 0.52641934 -0.85022509
    outer loop
        vertex 156.98793 -1.9463768 88.49451
        vertex 159.98816 -1.9464284 88.49448
        vertex 159.98402 -2.2604625 88.30004
    endloop
endfacet
facet normal -0.00000144 0.44570723 -0.89517879
    outer loop
        vertex 156.99168 -1.6152419 88.65938
        vertex 159.99185 -1.6152935 88.65935
        vertex 159.98816 -1.9464284 88.49448
    endloop
endfacet
facet normal 0.0000001 0.3611767 -0.9324975
    outer loop
        vertex 156.99484 -1.2709945 88.7927
        vertex 159.99495 -1.2710545 88.79268
        vertex 159.99185 -1.6152935 88.65935
    endloop
endfacet
facet normal -0.00000187 0.27353352 -0.9618625
    outer loop
        vertex 156.99734 -0.9150104 88.893936
        vertex 159.99495 -1.2710545 88.79268
        vertex 156.99484 -1.2709945 88.7927
    endloop
endfacet
facet normal 0.0000015 0.18931 -0.98191738
    outer loop
        vertex 156.99886 -0.5981944 88.95502
        vertex 159.99739 -0.91507375 88.89393
        vertex 156.99734 -0.9150104 88.893936
    endloop
endfacet
facet normal 0.00000192 0.18931383 -0.98191667
    outer loop
        vertex 159.99889 -0.59826446 88.95501
        vertex 159.99739 -0.91507375 88.89393
        vertex 156.99886 -0.5981944 88.95502
    endloop
endfacet
facet normal 0 0.07499001 -0.99718428
    outer loop
        vertex 160 -0 89
        vertex 159.99889 -0.59826446 88.95501
        vertex 157 -0 89
    endloop
endfacet
facet normal -0 -0.09224366 -0.99573648
    outer loop
        vertex 160 -0 89
        vertex 157 -0 89
        vertex 159.9983 0.7347847 88.93193
    endloop
endfacet
facet normal -0.00000038 -0.22882649 -0.97346729
    outer loop
        vertex 159.9983 0.7347847 88.93193
        vertex 156.99828 0.73485464 88.931915
        vertex 159.99626 1.0939837 88.847496
    endloop
endfacet
facet normal 0.00000145 -0.22884101 -0.97346377
    outer loop
        vertex 156.99828 0.73485464 88.931915
        vertex 156.99619 1.094062 88.84747
        vertex 159.99626 1.0939837 88.847496
    endloop
endfacet
facet normal -0.00000107 -0.31769192 -0.94819403
    outer loop
        vertex 156.99619 1.094062 88.84747
        vertex 156.99336 1.4448029 88.72996
        vertex 159.99347 1.4447244 88.72998
    endloop
endfacet
facet normal -0.00000358 -0.40387428 -0.91481441
    outer loop
        vertex 156.99336 1.4448029 88.72996
        vertex 159.99007 1.782747 88.58075
        vertex 159.99347 1.4447244 88.72998
    endloop
endfacet
facet normal -0.00000407 -0.48653844 -0.87365919
    outer loop
        vertex 156.98987 1.7828269 88.58072
        vertex 159.98615 2.1055286 88.40099
        vertex 159.99007 1.782747 88.58075
    endloop
endfacet
facet normal -0.00000271 -0.56510311 -0.82502025
    outer loop
        vertex 156.98589 2.1055987 88.400955
        vertex 159.98184 2.4104898 88.19211
        vertex 159.98615 2.1055286 88.40099
    endloop
endfacet
facet normal 0.00000148 -0.56513119 -0.82500106
    outer loop
        vertex 156.98149 2.41056 88.192055
        vertex 159.98184 2.4104898 88.19211
        vertex 156.98589 2.1055987 88.400955
    endloop
endfacet
facet normal -0.00000123 -0.63884348 -0.7693367
    outer loop
        vertex 159.9773 2.6947699 87.95605
        vertex 159.98184 2.4104898 88.19211
        vertex 156.98149 2.41056 88.192055
    endloop
endfacet
facet normal -0.00000214 -0.70711809 -0.7070955
    outer loop
        vertex 159.97269 2.9560912 87.69472
        vertex 159.9773 2.6947699 87.95605
        vertex 156.97687 2.69484 87.955986
    endloop
endfacet
facet normal -0.00000343 -0.87365371 -0.48654833
    outer loop
        vertex 159.95993 3.580831 86.78259
        vertex 156.96315 3.4010463 87.10544
        vertex 156.95917 3.5807579 86.782745
    endloop
endfacet
facet normal -0.00000001 -0.87366718 -0.48652411
    outer loop
        vertex 159.96385 3.4009953 87.10553
        vertex 156.96315 3.4010463 87.10544
        vertex 159.95993 3.580831 86.78259
    endloop
endfacet
facet normal -0 -0.99893504 -0.04614042
    outer loop
        vertex 159.94998 4 85
        vertex 156.94948 3.9829686 85.36873
        vertex 156.94904 4 85
    endloop
endfacet
facet normal -0.00000012 -0.99893492 -0.04614137
    outer loop
        vertex 159.95042 3.9829686 85.36872
        vertex 156.94948 3.9829686 85.36873
        vertex 159.94998 4 85
    endloop
endfacet
facet normal -0.00000035 -0.99042201 -0.1380735
    outer loop
        vertex 156.95076 3.9319475 85.73471
        vertex 156.94948 3.9829686 85.36873
        vertex 159.95042 3.9829686 85.36872
    endloop
endfacet
facet normal -0.00000035 -0.99042195 -0.13807349
    outer loop
        vertex 156.95076 3.9319475 85.73471
        vertex 159.95042 3.9829686 85.36872
        vertex 159.95168 3.9319475 85.7347
    endloop
endfacet
facet normal -0.00000058 -0.97345465 -0.22888026
    outer loop
        vertex 156.95076 3.9319475 85.73471
        vertex 159.95168 3.9319475 85.7347
        vertex 156.95285 3.8474076 86.09427
    endloop
endfacet
facet normal 0.0000022 -0.97345972 -0.22885823
    outer loop
        vertex 159.95168 3.9319475 85.7347
        vertex 159.95375 3.8474162 86.09426
        vertex 156.95285 3.8474076 86.09427
    endloop
endfacet
facet normal 0.0000019 -0.94818938 -0.31770572
    outer loop
        vertex 159.95375 3.8474162 86.09426
        vertex 156.95569 3.7299843 86.44472
        vertex 156.95285 3.8474076 86.09427
    endloop
endfacet
facet normal 0.00000014 -0.94818473 -0.31771928
    outer loop
        vertex 159.95651 3.7299924 86.444695
        vertex 156.95569 3.7299843 86.44472
        vertex 159.95375 3.8474162 86.09426
    endloop
endfacet
facet normal -0.00000061 -0.91482145 -0.40385872
    outer loop
        vertex 156.95917 3.5807579 86.782745
        vertex 156.95569 3.7299843 86.44472
        vertex 159.95651 3.7299924 86.444695
    endloop
endfacet
facet normal 0.00000178 -0.91482925 -0.40384099
    outer loop
        vertex 156.95917 3.5807579 86.782745
        vertex 159.95651 3.7299924 86.444695
        vertex 159.95993 3.580831 86.78259
    endloop
endfacet
facet normal -0.00000041 0.73904264 -0.67365867
    outer loop
        vertex 159.97499 -2.8285136 87.82834
        vertex 159.9704 -3.0775025 87.55518
        vertex 156.97452 -2.8284736 87.828384
    endloop
endfacet
facet normal 0.00000321 -0.82503986 -0.56507456
    outer loop
        vertex 156.96315 3.4010463 87.10544
        vertex 159.96385 3.4009953 87.10553
        vertex 156.96753 3.1922648 87.41027
    endloop
endfacet
facet normal 0.00000008 -0.8250255 -0.56509554
    outer loop
        vertex 159.96385 3.4009953 87.10553
        vertex 159.96815 3.1922128 87.41035
        vertex 156.96753 3.1922648 87.41027
    endloop
endfacet
facet normal 0.00000291 -0.76938355 -0.63878709
    outer loop
        vertex 159.96815 3.1922128 87.41035
        vertex 156.97217 2.9561512 87.69466
        vertex 156.96753 3.1922648 87.41027
    endloop
endfacet
facet normal -0.00000241 -0.76935601 -0.63882029
    outer loop
        vertex 159.97269 2.9560912 87.69472
        vertex 156.97217 2.9561512 87.69466
        vertex 159.96815 3.1922128 87.41035
    endloop
endfacet
facet normal 0.00000022 -0.70713162 -0.70708197
    outer loop
        vertex 156.97687 2.69484 87.955986
        vertex 156.97217 2.9561512 87.69466
        vertex 159.97269 2.9560912 87.69472
    endloop
endfacet
facet normal 0.00000073 -0.6388557 -0.76932663
    outer loop
        vertex 156.97687 2.69484 87.955986
        vertex 159.9773 2.6947699 87.95605
        vertex 156.98149 2.41056 88.192055
    endloop
endfacet
facet normal -0.00000026 -0.48656541 -0.87364411
    outer loop
        vertex 156.98987 1.7828269 88.58072
        vertex 156.98589 2.1055987 88.400955
        vertex 159.98615 2.1055286 88.40099
    endloop
endfacet
facet normal -0.00000145 -0.40389016 -0.9148075
    outer loop
        vertex 156.99336 1.4448029 88.72996
        vertex 156.98987 1.7828269 88.58072
        vertex 159.99007 1.782747 88.58075
    endloop
endfacet
facet normal -0.00000106 -0.31769207 -0.94819403
    outer loop
        vertex 159.99626 1.0939837 88.847496
        vertex 156.99619 1.094062 88.84747
        vertex 159.99347 1.4447244 88.72998
    endloop
endfacet
facet normal 0.00000291 -0.09225547 -0.99573547
    outer loop
        vertex 159.9983 0.7347847 88.93193
        vertex 157 -0 89
        vertex 156.99828 0.73485464 88.931915
    endloop
endfacet
facet normal -0.00000079 0.07498609 -0.99718457
    outer loop
        vertex 157 -0 89
        vertex 159.99889 -0.59826446 88.95501
        vertex 156.99886 -0.5981944 88.95502
    endloop
endfacet
facet normal 0.00000333 0.27357408 -0.96185094
    outer loop
        vertex 156.99734 -0.9150104 88.893936
        vertex 159.99739 -0.91507375 88.89393
        vertex 159.99495 -1.2710545 88.79268
    endloop
endfacet
facet normal -0.00000327 0.3611511 -0.93250734
    outer loop
        vertex 156.99168 -1.6152419 88.65938
        vertex 156.99484 -1.2709945 88.7927
        vertex 159.99185 -1.6152935 88.65935
    endloop
endfacet
facet normal -0.00000144 0.44570723 -0.89517879
    outer loop
        vertex 156.98793 -1.9463768 88.49451
        vertex 156.99168 -1.6152419 88.65938
        vertex 159.98816 -1.9464284 88.49448
    endloop
endfacet
facet normal -0.00000181 0.60262489 -0.79802454
    outer loop
        vertex 159.97958 -2.5554762 88.07726
        vertex 156.98373 -2.260421 88.30008
        vertex 159.98402 -2.2604625 88.30004
    endloop
endfacet
facet normal -0.00000228 0.67371064 -0.73899519
    outer loop
        vertex 159.97499 -2.8285136 87.82834
        vertex 156.97452 -2.8284736 87.828384
        vertex 156.9792 -2.5554278 88.07731
    endloop
endfacet
facet normal -0.00000082 0.79804993 -0.60259134
    outer loop
        vertex 159.9704 -3.0775025 87.55518
        vertex 159.96596 -3.3001344 87.26034
        vertex 156.96983 -3.077471 87.55523
    endloop
endfacet
facet normal 0.00000079 0.85027111 -0.52634507
    outer loop
        vertex 156.96532 -3.300111 87.260376
        vertex 159.96184 -3.494709 86.94602
        vertex 156.9611 -3.4946873 86.94605
    endloop
endfacet
facet normal -0.00000153 0.93251026 -0.36114341
    outer loop
        vertex 156.95734 -3.659315 86.61537
        vertex 159.95816 -3.6592925 86.61542
        vertex 159.95503 -3.7928221 86.27063
    endloop
endfacet
facet normal -0.0000007 0.96185941 -0.27354395
    outer loop
        vertex 156.9517 -3.893855 85.915375
        vertex 156.95418 -3.7928216 86.27064
        vertex 159.9526 -3.893855 85.91537
    endloop
endfacet
facet normal -0.0000002 0.99674588 -0.08060809
    outer loop
        vertex 159.95001 -3.998944 85.09181
        vertex 156.95001 -3.9617298 85.55199
        vertex 159.95094 -3.9617298 85.55198
    endloop
endfacet
facet normal 0 0.99993378 -0.01150051
    outer loop
        vertex 156.94905 -3.998944 85.09181
        vertex 159.95001 -3.998944 85.09181
        vertex 159.94998 -4 85
    endloop
endfacet
facet normal 0 0.99786878 0.06525323
    outer loop
        vertex 159.95001 -3.9990623 84.913475
        vertex 156.94965 -3.9762738 84.56499
        vertex 156.94905 -3.9990623 84.913475
    endloop
endfacet
facet normal 0 0.99994123 0.0108367
    outer loop
        vertex 159.95001 -3.9990623 84.913475
        vertex 156.94905 -3.9990623 84.913475
        vertex 159.94998 -4 85
    endloop
endfacet
facet normal 0.00000039 0.98838043 0.15200002
    outer loop
        vertex 159.95058 -3.9762738 84.56498
        vertex 156.95097 -3.9232335 84.22009
        vertex 156.94965 -3.9762738 84.56499
    endloop
endfacet
facet normal -0.00000228 0.98837698 0.15202264
    outer loop
        vertex 159.95189 -3.9232266 84.22009
        vertex 156.95097 -3.9232335 84.22009
        vertex 159.95058 -3.9762738 84.56498
    endloop
endfacet
facet normal -0.00000148 0.97136658 0.23758541
    outer loop
        vertex 159.9539 -3.8402781 83.88096
        vertex 156.95302 -3.8402846 83.88097
        vertex 159.95189 -3.9232266 84.22009
    endloop
endfacet
facet normal -0.00000121 0.946953 0.32137218
    outer loop
        vertex 156.95573 -3.728153 83.55056
        vertex 156.95302 -3.8402846 83.88097
        vertex 159.9539 -3.8402781 83.88096
    endloop
endfacet
facet normal -0.0000005 0.91535193 0.40265465
    outer loop
        vertex 156.95901 -3.5876734 83.23121
        vertex 156.95573 -3.728153 83.55056
        vertex 159.95656 -3.7281446 83.550545
    endloop
endfacet
facet normal 0.00000002 0.91535372 0.40265056
    outer loop
        vertex 156.95901 -3.5876734 83.23121
        vertex 159.95656 -3.7281446 83.550545
        vertex 159.95978 -3.5876634 83.231186
    endloop
endfacet
facet normal 0.00000074 0.87676454 0.48091999
    outer loop
        vertex 156.96275 -3.4197898 82.92514
        vertex 159.95978 -3.5876634 83.231186
        vertex 159.96346 -3.4197798 82.92512
    endloop
endfacet
facet normal 0.00000146 0.8315115 0.55550766
    outer loop
        vertex 156.96275 -3.4197898 82.92514
        vertex 159.96346 -3.4197798 82.92512
        vertex 156.96684 -3.2259674 82.63502
    endloop
endfacet
facet normal -0.00000109 0.77991623 0.625884
    outer loop
        vertex 156.96684 -3.2259674 82.63502
        vertex 159.96747 -3.225951 82.635
        vertex 156.97119 -3.007415 82.36268
    endloop
endfacet
facet normal -0.00000037 0.7799201 0.62587911
    outer loop
        vertex 159.96747 -3.225951 82.635
        vertex 159.97173 -3.0073953 82.362656
        vertex 156.97119 -3.007415 82.36268
    endloop
endfacet
facet normal -0.00000171 0.72236693 0.69150996
    outer loop
        vertex 159.97173 -3.0073953 82.362656
        vertex 159.97609 -2.7660732 82.110565
        vertex 156.97563 -2.766095 82.11058
    endloop
endfacet
facet normal -0.00000094 0.65934813 0.75183779
    outer loop
        vertex 159.97609 -2.7660732 82.110565
        vertex 156.98004 -2.503654 81.880424
        vertex 156.97563 -2.766095 82.11058
    endloop
endfacet
facet normal -0.0000016 0.59130299 0.80644953
    outer loop
        vertex 156.98004 -2.503654 81.880424
        vertex 159.98041 -2.5036147 81.8804
        vertex 156.98427 -2.2223346 81.67416
    endloop
endfacet
facet normal -0.00000429 0.59128433 0.80646312
    outer loop
        vertex 159.98041 -2.5036147 81.8804
        vertex 159.98457 -2.222188 81.674065
        vertex 156.98427 -2.2223346 81.67416
    endloop
endfacet
facet normal -0.00000379 0.51872224 0.85494292
    outer loop
        vertex 159.98457 -2.222188 81.674065
        vertex 159.98843 -1.9235173 81.49285
        vertex 156.98822 -1.9236273 81.492905
    endloop
endfacet
facet normal -0.00000124 0.44220349 0.89691472
    outer loop
        vertex 159.98843 -1.9235173 81.49285
        vertex 159.9919 -1.610776 81.33866
        vertex 156.99173 -1.6108927 81.338715
    endloop
endfacet
facet normal 0.0000025 0.36233509 0.9320479
    outer loop
        vertex 159.9919 -1.610776 81.33866
        vertex 156.99475 -1.2850722 81.21205
        vertex 156.99173 -1.6108927 81.338715
    endloop
endfacet
facet normal 0.00000589 0.27971363 0.96008354
    outer loop
        vertex 159.99484 -1.284952 81.212
        vertex 156.99713 -0.950455 81.11456
        vertex 156.99475 -1.2850722 81.21205
    endloop
endfacet
facet normal 0.00000188 0.18958025 0.98186523
    outer loop
        vertex 159.99718 -0.95032674 81.11453
        vertex 156.999 -0.5643656 81.040016
        vertex 156.99713 -0.950455 81.11456
    endloop
endfacet
facet normal -0.00000087 0.18955962 0.98186922
    outer loop
        vertex 159.999 -0.5642333 81.03999
        vertex 156.999 -0.5643656 81.040016
        vertex 159.99718 -0.95032674 81.11453
    endloop
endfacet
facet normal 0 0.07070337 0.99749732
    outer loop
        vertex 160 -0 81
        vertex 157 -0 81
        vertex 159.999 -0.5642333 81.03999
    endloop
endfacet
facet normal 0 -0.05446637 0.99851555
    outer loop
        vertex 159.99942 0.43512744 81.023735
        vertex 157 -0 81
        vertex 160 -0 81
    endloop
endfacet
facet normal 0.00000381 -0.18428722 0.98287249
    outer loop
        vertex 159.99666 1.0347819 81.13617
        vertex 156.99939 0.43498412 81.02372
        vertex 159.99942 0.43512744 81.023735
    endloop
endfacet
facet normal -0.00000619 -0.18423893 0.98288143
    outer loop
        vertex 156.9966 1.0346385 81.13612
        vertex 156.99939 0.43498412 81.02372
        vertex 159.99666 1.0347819 81.13617
    endloop
endfacet
facet normal -0.00000211 -0.30061936 0.95374417
    outer loop
        vertex 156.99405 1.3679898 81.241196
        vertex 156.9966 1.0346385 81.13612
        vertex 159.99416 1.3681382 81.24125
    endloop
endfacet
facet normal 0.00000248 -0.38266253 0.92388827
    outer loop
        vertex 156.99405 1.3679898 81.241196
        vertex 159.99416 1.3681382 81.24125
        vertex 159.99107 1.6902332 81.37466
    endloop
endfacet
facet normal 0.00000348 -0.46173725 0.88701677
    outer loop
        vertex 156.9909 1.6900934 81.374596
        vertex 159.99107 1.6902332 81.37466
        vertex 159.98749 2.0001426 81.53598
    endloop
endfacet
facet normal -0.00000375 -0.46168226 0.88704538
    outer loop
        vertex 156.9909 1.6900934 81.374596
        vertex 159.98749 2.0001426 81.53598
        vertex 156.98726 2.0000057 81.5359
    endloop
endfacet
facet normal -0.00000328 -0.53731072 0.84338444
    outer loop
        vertex 156.98726 2.0000057 81.5359
        vertex 159.98355 2.2944746 81.72351
        vertex 156.98325 2.2942414 81.72335
    endloop
endfacet
facet normal -0.00000001 -0.60875767 0.79335624
    outer loop
        vertex 156.98325 2.2942414 81.72335
        vertex 159.97934 2.571271 81.93592
        vertex 156.97893 2.571281 81.93593
    endloop
endfacet
facet normal 0.00000495 -0.60879147 0.79333025
    outer loop
        vertex 159.98355 2.2944746 81.72351
        vertex 159.97934 2.571271 81.93592
        vertex 156.98325 2.2942414 81.72335
    endloop
endfacet
facet normal -0.00000061 -0.88706332 0.46164772
    outer loop
        vertex 156.95813 3.6254356 83.30996
        vertex 156.96176 3.46436 83.00045
        vertex 159.95892 3.6254256 83.309944
    endloop
endfacet
facet normal 0 -0.99904978 0.04358163
    outer loop
        vertex 156.94904 4 85
        vertex 156.94942 3.9848065 84.65171
        vertex 159.94998 4 85
    endloop
endfacet
facet normal 0 -0.99904984 0.04358163
    outer loop
        vertex 156.94942 3.9848065 84.65171
        vertex 159.95038 3.9848065 84.65171
        vertex 159.94998 4 85
    endloop
endfacet
facet normal 0 -0.99145663 0.13043715
    outer loop
        vertex 156.95056 3.9392993 84.30581
        vertex 159.95038 3.9848065 84.65171
        vertex 156.94942 3.9848065 84.65171
    endloop
endfacet
facet normal -0.0000003 -0.99145627 0.1304397
    outer loop
        vertex 159.95149 3.9392974 84.3058
        vertex 159.95038 3.9848065 84.65171
        vertex 156.95056 3.9392993 84.30581
    endloop
endfacet
facet normal -0.00000007 -0.97631592 0.21634962
    outer loop
        vertex 159.95149 3.9392974 84.3058
        vertex 156.95056 3.9392993 84.30581
        vertex 156.95245 3.8637776 83.965004
    endloop
endfacet
facet normal 0.00000055 -0.97631717 0.21634443
    outer loop
        vertex 159.95149 3.9392974 84.3058
        vertex 156.95245 3.8637776 83.965004
        vertex 159.95334 3.8637776 83.965
    endloop
endfacet
facet normal 0.00000076 -0.95374411 0.30061963
    outer loop
        vertex 156.95245 3.8637776 83.965004
        vertex 156.95499 3.758881 83.63221
        vertex 159.95334 3.8637776 83.965
    endloop
endfacet
facet normal -0.00000242 -0.95373583 0.30064568
    outer loop
        vertex 156.95499 3.758881 83.63221
        vertex 159.95583 3.758871 83.6322
        vertex 159.95334 3.8637776 83.965
    endloop
endfacet
facet normal -0.00000211 -0.92391503 0.38259783
    outer loop
        vertex 156.95813 3.6254356 83.30996
        vertex 159.95583 3.758871 83.6322
        vertex 156.95499 3.758881 83.63221
    endloop
endfacet
facet normal -0.00000114 -0.92391813 0.38259009
    outer loop
        vertex 159.95892 3.6254256 83.309944
        vertex 159.95583 3.758871 83.6322
        vertex 156.95813 3.6254356 83.30996
    endloop
endfacet
facet normal -0.00000061 -0.88706338 0.46164778
    outer loop
        vertex 159.9625 3.46435 83.000435
        vertex 159.95892 3.6254256 83.309944
        vertex 156.96176 3.46436 83.00045
    endloop
endfacet
facet normal -0.00000008 -0.84344423 0.5372166
    outer loop
        vertex 159.9625 3.46435 83.000435
        vertex 156.96176 3.46436 83.00045
        vertex 156.9658 3.2767918 82.70596
    endloop
endfacet
facet normal -0.00000059 -0.8434419 0.53722036
    outer loop
        vertex 159.9625 3.46435 83.000435
        vertex 156.9658 3.2767918 82.70596
        vertex 159.96645 3.2767751 82.70594
    endloop
endfacet
facet normal 0.00000023 -0.79340678 0.60869175
    outer loop
        vertex 156.9658 3.2767918 82.70596
        vertex 156.9701 3.0643742 82.429085
        vertex 159.96645 3.2767751 82.70594
    endloop
endfacet
facet normal -0.0000022 -0.79339409 0.60870838
    outer loop
        vertex 156.9701 3.0643742 82.429085
        vertex 159.97066 3.0643542 82.42907
        vertex 159.96645 3.2767751 82.70594
    endloop
endfacet
facet normal -0.00000149 -0.73733044 0.67553228
    outer loop
        vertex 156.97452 2.8285403 82.17168
        vertex 159.97066 3.0643542 82.42907
        vertex 156.9701 3.0643742 82.429085
    endloop
endfacet
facet normal -0.00000143 -0.73733073 0.67553186
    outer loop
        vertex 159.97499 2.8285205 82.17166
        vertex 159.97066 3.0643542 82.42907
        vertex 156.97452 2.8285403 82.17168
    endloop
endfacet
facet normal -0.00000071 -0.67561126 0.73725802
    outer loop
        vertex 159.97499 2.8285205 82.17166
        vertex 156.97452 2.8285403 82.17168
        vertex 156.97893 2.571281 81.93593
    endloop
endfacet
facet normal -0.00000038 -0.67561334 0.73725611
    outer loop
        vertex 159.97499 2.8285205 82.17166
        vertex 156.97893 2.571281 81.93593
        vertex 159.97934 2.571271 81.93592
    endloop
endfacet
facet normal 0.00000092 -0.53734106 0.84336501
    outer loop
        vertex 159.98749 2.0001426 81.53598
        vertex 159.98355 2.2944746 81.72351
        vertex 156.98726 2.0000057 81.5359
    endloop
endfacet
facet normal -0.00000096 -0.38263509 0.92389947
    outer loop
        vertex 156.99405 1.3679898 81.241196
        vertex 159.99107 1.6902332 81.37466
        vertex 156.9909 1.6900934 81.374596
    endloop
endfacet
facet normal -0.00000018 -0.3006351 0.95373929
    outer loop
        vertex 156.9966 1.0346385 81.13612
        vertex 159.99666 1.0347819 81.13617
        vertex 159.99416 1.3681382 81.24125
    endloop
endfacet
facet normal -0.00000248 -0.05444935 0.99851656
    outer loop
        vertex 156.99939 0.43498412 81.02372
        vertex 157 -0 81
        vertex 159.99942 0.43512744 81.023735
    endloop
endfacet
facet normal 0.00000449 0.07072712 0.99749577
    outer loop
        vertex 157 -0 81
        vertex 156.999 -0.5643656 81.040016
        vertex 159.999 -0.5642333 81.03999
    endloop
endfacet
facet normal -0.00000219 0.27964693 0.96010292
    outer loop
        vertex 159.99718 -0.95032674 81.11453
        vertex 156.99713 -0.950455 81.11456
        vertex 159.99484 -1.284952 81.212
    endloop
endfacet
facet normal 0.00000208 0.36233172 0.93204921
    outer loop
        vertex 159.99484 -1.284952 81.212
        vertex 156.99475 -1.2850722 81.21205
        vertex 159.9919 -1.610776 81.33866
    endloop
endfacet
facet normal -0.00000023 0.44221127 0.89691097
    outer loop
        vertex 159.98843 -1.9235173 81.49285
        vertex 156.99173 -1.6108927 81.338715
        vertex 156.98822 -1.9236273 81.492905
    endloop
endfacet
facet normal 0.00000074 0.51875538 0.85492277
    outer loop
        vertex 159.98457 -2.222188 81.674065
        vertex 156.98822 -1.9236273 81.492905
        vertex 156.98427 -2.2223346 81.67416
    endloop
endfacet
facet normal -0.00000291 0.65933543 0.75184888
    outer loop
        vertex 159.97609 -2.7660732 82.110565
        vertex 159.98041 -2.5036147 81.8804
        vertex 156.98004 -2.503654 81.880424
    endloop
endfacet
facet normal 0.00000051 0.7223801 0.69149619
    outer loop
        vertex 156.97119 -3.007415 82.36268
        vertex 159.97173 -3.0073953 82.362656
        vertex 156.97563 -2.766095 82.11058
    endloop
endfacet
facet normal -0.00000173 0.83149618 0.55553043
    outer loop
        vertex 156.96684 -3.2259674 82.63502
        vertex 159.96346 -3.4197798 82.92512
        vertex 159.96747 -3.225951 82.635
    endloop
endfacet
facet normal 0.00000074 0.87676454 0.48091996
    outer loop
        vertex 156.96275 -3.4197898 82.92514
        vertex 156.95901 -3.5876734 83.23121
        vertex 159.95978 -3.5876634 83.231186
    endloop
endfacet
facet normal -0.000001 0.94695354 0.32137036
    outer loop
        vertex 159.95656 -3.7281446 83.550545
        vertex 156.95573 -3.728153 83.55056
        vertex 159.9539 -3.8402781 83.88096
    endloop
endfacet
facet normal -0.00000224 0.97136515 0.23759179
    outer loop
        vertex 159.95189 -3.9232266 84.22009
        vertex 156.95302 -3.8402846 83.88097
        vertex 156.95097 -3.9232335 84.22009
    endloop
endfacet
facet normal 0 0.99994123 0.0108367
    outer loop
        vertex 156.94905 -3.9990623 84.913475
        vertex 156.94904 -4 85
        vertex 159.94998 -4 85
    endloop
endfacet
facet normal 0.00000017 0.9978689 0.0652518
    outer loop
        vertex 159.95058 -3.9762738 84.56498
        vertex 156.94965 -3.9762738 84.56499
        vertex 159.95001 -3.9990623 84.913475
    endloop
endfacet
facet normal 0 0.99994141 -0.01082287
    outer loop
        vertex 159.94998 -4 55
        vertex 156.94904 -4 55
        vertex 156.94905 -3.9990623 55.086636
    endloop
endfacet
facet normal 0 0.99786747 -0.06527165
    outer loop
        vertex 159.95001 -3.9990623 55.086636
        vertex 156.94905 -3.9990623 55.086636
        vertex 156.94965 -3.9762785 55.43495
    endloop
endfacet
facet normal 0 0.98838246 -0.15198749
    outer loop
        vertex 159.95058 -3.9762785 55.43495
        vertex 156.94965 -3.9762785 55.43495
        vertex 156.95097 -3.9232252 55.77996
    endloop
endfacet
facet normal -0.00000019 0.9883821 -0.15198912
    outer loop
        vertex 159.95058 -3.9762785 55.43495
        vertex 156.95097 -3.9232252 55.77996
        vertex 159.95189 -3.9232252 55.779957
    endloop
endfacet
facet normal 0.00000024 0.97136343 -0.23759858
    outer loop
        vertex 159.95189 -3.9232252 55.779957
        vertex 156.95302 -3.8403196 56.118893
        vertex 159.9539 -3.8403213 56.11889
    endloop
endfacet
facet normal 0.00000012 0.94696319 -0.32134205
    outer loop
        vertex 156.95302 -3.8403196 56.118893
        vertex 156.95573 -3.728166 56.449398
        vertex 159.9539 -3.8403213 56.11889
    endloop
endfacet
facet normal 0.00000211 0.9153493 -0.40266088
    outer loop
        vertex 156.95573 -3.728166 56.449398
        vertex 156.95901 -3.587632 56.768867
        vertex 159.95656 -3.7281747 56.449394
    endloop
endfacet
facet normal -0.00000095 0.91533858 -0.4026849
    outer loop
        vertex 156.95901 -3.587632 56.768867
        vertex 159.95978 -3.5876338 56.768856
        vertex 159.95656 -3.7281747 56.449394
    endloop
endfacet
facet normal -0.00000183 0.87676775 -0.48091397
    outer loop
        vertex 156.96275 -3.4198115 57.07483
        vertex 159.96344 -3.4198115 57.074818
        vertex 159.95978 -3.5876338 56.768856
    endloop
endfacet
facet normal -0.00000212 0.83149624 -0.55553037
    outer loop
        vertex 156.96684 -3.2258859 57.36509
        vertex 159.96344 -3.4198115 57.074818
        vertex 156.96275 -3.4198115 57.07483
    endloop
endfacet
facet normal 0.00000043 0.77991116 -0.62589008
    outer loop
        vertex 156.97119 -3.0074677 57.637257
        vertex 159.96747 -3.2258875 57.36509
        vertex 156.96684 -3.2258859 57.36509
    endloop
endfacet
facet normal 0.00000022 0.77991009 -0.62589151
    outer loop
        vertex 159.97173 -3.0074778 57.637245
        vertex 159.96747 -3.2258875 57.36509
        vertex 156.97119 -3.0074677 57.637257
    endloop
endfacet
facet normal -0.0000011 0.5912798 -0.80646646
    outer loop
        vertex 156.98004 -2.5037 58.119537
        vertex 156.98427 -2.2221868 58.325935
        vertex 159.98041 -2.50371 58.119526
    endloop
endfacet
facet normal -0.00000059 0.65935993 -0.75182742
    outer loop
        vertex 156.98004 -2.5037 58.119537
        vertex 159.97609 -2.7660952 57.889412
        vertex 156.97563 -2.7660935 57.889416
    endloop
endfacet
facet normal 0.00000197 0.59130114 -0.8064509
    outer loop
        vertex 156.98427 -2.2221868 58.325935
        vertex 159.98457 -2.2221968 58.325935
        vertex 159.98041 -2.50371 58.119526
    endloop
endfacet
facet normal -0.00000017 0.51875073 -0.85492551
    outer loop
        vertex 156.98822 -1.9238452 58.50697
        vertex 159.98843 -1.9238567 58.50696
        vertex 159.98457 -2.2221968 58.325935
    endloop
endfacet
facet normal -0.00000044 0.44222805 -0.89690274
    outer loop
        vertex 156.99173 -1.6105596 58.661438
        vertex 159.9919 -1.6105721 58.66143
        vertex 159.98843 -1.9238567 58.50696
    endloop
endfacet
facet normal -0.00000086 0.36237669 -0.93203175
    outer loop
        vertex 156.99474 -1.2857045 58.787743
        vertex 159.9919 -1.6105721 58.66143
        vertex 156.99173 -1.6105596 58.661438
    endloop
endfacet
facet normal -0.00000051 0.27969733 -0.96008825
    outer loop
        vertex 156.99713 -0.9498483 58.885586
        vertex 159.99484 -1.2857252 58.787735
        vertex 156.99474 -1.2857045 58.787743
    endloop
endfacet
facet normal 0.00000002 0.18961523 -0.98185843
    outer loop
        vertex 156.99898 -0.5652155 58.959866
        vertex 159.99718 -0.9498683 58.885582
        vertex 156.99713 -0.9498483 58.885586
    endloop
endfacet
facet normal 0.00000127 0.18962464 -0.9818567
    outer loop
        vertex 159.999 -0.56523556 58.959866
        vertex 159.99718 -0.9498683 58.885582
        vertex 156.99898 -0.5652155 58.959866
    endloop
endfacet
facet normal 0 0.07082647 -0.99748868
    outer loop
        vertex 160 -0 59
        vertex 159.999 -0.56523556 58.959866
        vertex 157 -0 59
    endloop
endfacet
facet normal -0 -0.04892622 -0.99880236
    outer loop
        vertex 160 -0 59
        vertex 157 -0 59
        vertex 159.99953 0.39101028 58.980846
    endloop
endfacet
facet normal -0.00000044 -0.17885061 -0.98387623
    outer loop
        vertex 159.99953 0.39101028 58.980846
        vertex 156.99951 0.39103863 58.980843
        vertex 159.99666 1.0349368 58.863792
    endloop
endfacet
facet normal -0.00000018 -0.17885174 -0.98387599
    outer loop
        vertex 156.99951 0.39103863 58.980843
        vertex 156.9966 1.0349818 58.863785
        vertex 159.99666 1.0349368 58.863792
    endloop
endfacet
facet normal 0.00000184 -0.30063802 -0.95373833
    outer loop
        vertex 156.9966 1.0349818 58.863785
        vertex 156.99405 1.3677294 58.758896
        vertex 159.99416 1.3676268 58.758934
    endloop
endfacet
facet normal -0.00000134 -0.38260153 -0.92391348
    outer loop
        vertex 156.99405 1.3677294 58.758896
        vertex 159.99107 1.6903623 58.625286
        vertex 159.99416 1.3676268 58.758934
    endloop
endfacet
facet normal 0.00000104 -0.46169984 -0.88703614
    outer loop
        vertex 156.9909 1.6903483 58.62529
        vertex 159.9875 1.9997319 58.46426
        vertex 159.99107 1.6903623 58.625286
    endloop
endfacet
facet normal 0.00000041 -0.46169513 -0.88703877
    outer loop
        vertex 156.98726 1.9997219 58.464264
        vertex 159.9875 1.9997319 58.46426
        vertex 156.9909 1.6903483 58.62529
    endloop
endfacet
facet normal -0.00000035 -0.53727627 -0.84340632
    outer loop
        vertex 156.98325 2.2943134 58.2766
        vertex 159.98355 2.2943234 58.276592
        vertex 156.98726 1.9997219 58.464264
    endloop
endfacet
facet normal 0.00000001 -0.60875839 -0.79335564
    outer loop
        vertex 159.97934 2.5711536 58.064175
        vertex 159.98355 2.2943234 58.276592
        vertex 156.98325 2.2943134 58.2766
    endloop
endfacet
facet normal -0.00000099 -0.60875148 -0.79336089
    outer loop
        vertex 159.97934 2.5711536 58.064175
        vertex 156.98325 2.2943134 58.2766
        vertex 156.97894 2.5711436 58.064186
    endloop
endfacet
facet normal 0 -0.67560959 -0.73725957
    outer loop
        vertex 159.97499 2.8285499 57.828304
        vertex 156.97894 2.5711436 58.064186
        vertex 156.97452 2.8285415 57.828312
    endloop
endfacet
facet normal -0.00000117 -0.88704944 -0.46167445
    outer loop
        vertex 159.95892 3.62543 56.69004
        vertex 156.96176 3.4642136 56.999805
        vertex 156.95813 3.62543 56.69005
    endloop
endfacet
facet normal -0.00000068 -0.8870514 -0.46167073
    outer loop
        vertex 159.9625 3.4642153 56.999798
        vertex 156.96176 3.4642136 56.999805
        vertex 159.95892 3.62543 56.69004
    endloop
endfacet
facet normal -0 -0.99905068 -0.04356521
    outer loop
        vertex 159.94998 4 55
        vertex 156.94942 3.9848173 55.348175
        vertex 156.94904 4 55
    endloop
endfacet
facet normal -0 -0.99905062 -0.04356521
    outer loop
        vertex 159.95038 3.9848173 55.348175
        vertex 156.94942 3.9848173 55.348175
        vertex 159.94998 4 55
    endloop
endfacet
facet normal 0 -0.99145705 -0.13043416
    outer loop
        vertex 156.95056 3.9392896 55.69424
        vertex 156.94942 3.9848173 55.348175
        vertex 159.95038 3.9848173 55.348175
    endloop
endfacet
facet normal 0.00000228 -0.99145955 -0.13041466
    outer loop
        vertex 156.95056 3.9392896 55.69424
        vertex 159.95038 3.9848173 55.348175
        vertex 159.95149 3.9392965 55.69424
    endloop
endfacet
facet normal 0.00000225 -0.97632235 -0.21632074
    outer loop
        vertex 156.95056 3.9392896 55.69424
        vertex 159.95149 3.9392965 55.69424
        vertex 156.95245 3.863846 56.03474
    endloop
endfacet
facet normal -0.00000055 -0.97631717 -0.21634425
    outer loop
        vertex 159.95149 3.9392965 55.69424
        vertex 159.95334 3.863846 56.034733
        vertex 156.95245 3.863846 56.03474
    endloop
endfacet
facet normal -0.00000076 -0.95374888 -0.30060461
    outer loop
        vertex 159.95334 3.863846 56.034733
        vertex 156.95499 3.758894 56.36773
        vertex 156.95245 3.863846 56.03474
    endloop
endfacet
facet normal 0.00000265 -0.9537577 -0.3005766
    outer loop
        vertex 159.95583 3.7589023 56.36773
        vertex 156.95499 3.758894 56.36773
        vertex 159.95334 3.863846 56.034733
    endloop
endfacet
facet normal 0.00000257 -0.92392522 -0.38257325
    outer loop
        vertex 156.95813 3.62543 56.69005
        vertex 156.95499 3.758894 56.36773
        vertex 159.95583 3.7589023 56.36773
    endloop
endfacet
facet normal -0.00000097 -0.92391348 -0.38260132
    outer loop
        vertex 156.95813 3.62543 56.69005
        vertex 159.95583 3.7589023 56.36773
        vertex 159.95892 3.62543 56.69004
    endloop
endfacet
facet normal -0.00000048 0.72238481 -0.69149137
    outer loop
        vertex 159.97609 -2.7660952 57.889412
        vertex 159.97173 -3.0074778 57.637245
        vertex 156.97563 -2.7660935 57.889416
    endloop
endfacet
facet normal -0.0000009 -0.84342027 -0.53725445
    outer loop
        vertex 156.96176 3.4642136 56.999805
        vertex 159.9625 3.4642153 56.999798
        vertex 156.9658 3.2767265 57.294136
    endloop
endfacet
facet normal -0.0000009 -0.84342021 -0.53725445
    outer loop
        vertex 159.9625 3.4642153 56.999798
        vertex 159.96645 3.2767282 57.29413
        vertex 156.9658 3.2767265 57.294136
    endloop
endfacet
facet normal -0.00000111 -0.79337406 -0.60873431
    outer loop
        vertex 159.96645 3.2767282 57.29413
        vertex 156.9701 3.0642648 57.57104
        vertex 156.9658 3.2767265 57.294136
    endloop
endfacet
facet normal 0.00000137 -0.79338712 -0.6087175
    outer loop
        vertex 159.97066 3.0642729 57.571037
        vertex 156.9701 3.0642648 57.57104
        vertex 159.96645 3.2767282 57.29413
    endloop
endfacet
facet normal 0.00000113 -0.73730874 -0.67555594
    outer loop
        vertex 156.97452 2.8285415 57.828312
        vertex 156.9701 3.0642648 57.57104
        vertex 159.97066 3.0642729 57.571037
    endloop
endfacet
facet normal 0.00000033 -0.73730409 -0.67556107
    outer loop
        vertex 156.97452 2.8285415 57.828312
        vertex 159.97066 3.0642729 57.571037
        vertex 159.97499 2.8285499 57.828304
    endloop
endfacet
facet normal -0.00000056 -0.67560607 -0.73726285
    outer loop
        vertex 159.97499 2.8285499 57.828304
        vertex 159.97934 2.5711536 58.064175
        vertex 156.97894 2.5711436 58.064186
    endloop
endfacet
facet normal 0.00000072 -0.53728396 -0.84340143
    outer loop
        vertex 156.98726 1.9997219 58.464264
        vertex 159.98355 2.2943234 58.276592
        vertex 159.9875 1.9997319 58.46426
    endloop
endfacet
facet normal 0.00000062 -0.38261706 -0.92390698
    outer loop
        vertex 156.99405 1.3677294 58.758896
        vertex 156.9909 1.6903483 58.62529
        vertex 159.99107 1.6903623 58.625286
    endloop
endfacet
facet normal -0.00000209 -0.3006058 -0.95374852
    outer loop
        vertex 159.99666 1.0349368 58.863792
        vertex 156.9966 1.0349818 58.863785
        vertex 159.99416 1.3676268 58.758934
    endloop
endfacet
facet normal 0.00000081 -0.04893241 -0.99880213
    outer loop
        vertex 159.99953 0.39101028 58.980846
        vertex 157 -0 59
        vertex 156.99951 0.39103863 58.980843
    endloop
endfacet
facet normal 0.00000047 0.07082897 -0.99748844
    outer loop
        vertex 157 -0 59
        vertex 159.999 -0.56523556 58.959866
        vertex 156.99898 -0.5652155 58.959866
    endloop
endfacet
facet normal 0.00000065 0.27970681 -0.96008551
    outer loop
        vertex 156.99713 -0.9498483 58.885586
        vertex 159.99718 -0.9498683 58.885582
        vertex 159.99484 -1.2857252 58.787735
    endloop
endfacet
facet normal 0.00000014 0.36238468 -0.93202859
    outer loop
        vertex 156.99474 -1.2857045 58.787743
        vertex 159.99484 -1.2857252 58.787735
        vertex 159.9919 -1.6105721 58.66143
    endloop
endfacet
facet normal -0.00000058 0.44222695 -0.89690322
    outer loop
        vertex 156.98822 -1.9238452 58.50697
        vertex 156.99173 -1.6105596 58.661438
        vertex 159.98843 -1.9238567 58.50696
    endloop
endfacet
facet normal 0.00000173 0.51876473 -0.85491705
    outer loop
        vertex 156.98427 -2.2221868 58.325935
        vertex 156.98822 -1.9238452 58.50697
        vertex 159.98457 -2.2221968 58.325935
    endloop
endfacet
facet normal -0.00000067 0.6593594 -0.75182784
    outer loop
        vertex 159.97609 -2.7660952 57.889412
        vertex 156.98004 -2.5037 58.119537
        vertex 159.98041 -2.50371 58.119526
    endloop
endfacet
facet normal -0.00000023 0.7223863 -0.69148982
    outer loop
        vertex 159.97173 -3.0074778 57.637245
        vertex 156.97119 -3.0074677 57.637257
        vertex 156.97563 -2.7660935 57.889416
    endloop
endfacet
facet normal 0.00000046 0.83150852 -0.55551189
    outer loop
        vertex 159.96747 -3.2258875 57.36509
        vertex 159.96344 -3.4198115 57.074818
        vertex 156.96684 -3.2258859 57.36509
    endloop
endfacet
facet normal -0.00000128 0.87677002 -0.48090979
    outer loop
        vertex 156.96275 -3.4198115 57.07483
        vertex 159.95978 -3.5876338 56.768856
        vertex 156.95901 -3.587632 56.768867
    endloop
endfacet
facet normal 0.0000023 0.94696915 -0.32132426
    outer loop
        vertex 156.95573 -3.728166 56.449398
        vertex 159.95656 -3.7281747 56.449394
        vertex 159.9539 -3.8403213 56.11889
    endloop
endfacet
facet normal -0.0000003 0.97136223 -0.2376031
    outer loop
        vertex 156.95097 -3.9232252 55.77996
        vertex 156.95302 -3.8403196 56.118893
        vertex 159.95189 -3.9232252 55.779957
    endloop
endfacet
facet normal 0 0.99786758 -0.06527164
    outer loop
        vertex 159.95001 -3.9990623 55.086636
        vertex 156.94965 -3.9762785 55.43495
        vertex 159.95058 -3.9762785 55.43495
    endloop
endfacet
facet normal 0 0.99994141 -0.01082287
    outer loop
        vertex 156.94905 -3.9990623 55.086636
        vertex 159.95001 -3.9990623 55.086636
        vertex 159.94998 -4 55
    endloop
endfacet
facet normal -0.00000008 0.99786854 0.06525522
    outer loop
        vertex 159.95001 -3.9990623 54.913475
        vertex 156.94965 -3.9762728 54.56498
        vertex 156.94905 -3.9990623 54.91347
    endloop
endfacet
facet normal -0.00000001 0.99994123 0.0108367
    outer loop
        vertex 159.95001 -3.9990623 54.913475
        vertex 156.94905 -3.9990623 54.91347
        vertex 159.94998 -4 55
    endloop
endfacet
facet normal -0.00000007 0.98837435 0.15203963
    outer loop
        vertex 159.95058 -3.9762738 54.564987
        vertex 156.95097 -3.923168 54.219757
        vertex 156.94965 -3.9762728 54.56498
    endloop
endfacet
facet normal 0.00000328 0.98837876 0.15201116
    outer loop
        vertex 159.95189 -3.9232125 54.219982
        vertex 156.95097 -3.923168 54.219757
        vertex 159.95058 -3.9762738 54.564987
    endloop
endfacet
facet normal -0.00000036 0.97136241 0.23760282
    outer loop
        vertex 159.9539 -3.840323 53.881115
        vertex 156.95302 -3.8403203 53.8811
        vertex 159.95189 -3.9232125 54.219982
    endloop
endfacet
facet normal -0.0000008 0.94696814 0.32132733
    outer loop
        vertex 156.95573 -3.7282088 53.5507
        vertex 156.95302 -3.8403203 53.8811
        vertex 159.9539 -3.840323 53.881115
    endloop
endfacet
facet normal 0.00000062 0.91536134 0.40263349
    outer loop
        vertex 156.95901 -3.5876944 53.23125
        vertex 156.95573 -3.7282088 53.5507
        vertex 159.95656 -3.728189 53.55065
    endloop
endfacet
facet normal -0.00000099 0.91535568 0.40264612
    outer loop
        vertex 156.95901 -3.5876944 53.23125
        vertex 159.95656 -3.728189 53.55065
        vertex 159.95978 -3.5876744 53.231213
    endloop
endfacet
facet normal -0.00000035 0.8767646 0.48091987
    outer loop
        vertex 156.96275 -3.419813 52.925182
        vertex 159.95978 -3.5876744 53.231213
        vertex 159.96346 -3.419793 52.925148
    endloop
endfacet
facet normal 0.00000081 0.83152056 0.55549395
    outer loop
        vertex 156.96275 -3.419813 52.925182
        vertex 159.96346 -3.419793 52.925148
        vertex 156.96684 -3.2259974 52.63506
    endloop
endfacet
facet normal -0.00000058 0.77992475 0.62587321
    outer loop
        vertex 156.96684 -3.2259974 52.63506
        vertex 159.96747 -3.2259707 52.63503
        vertex 156.97119 -3.007445 52.362713
    endloop
endfacet
facet normal -0.00000043 0.77992553 0.62587231
    outer loop
        vertex 159.96747 -3.2259707 52.63503
        vertex 159.97173 -3.007425 52.36269
        vertex 156.97119 -3.007445 52.362713
    endloop
endfacet
facet normal 0.00000051 0.72238284 0.69149339
    outer loop
        vertex 159.97173 -3.007425 52.36269
        vertex 159.97609 -2.7661068 52.11059
        vertex 156.97563 -2.7661266 52.110615
    endloop
endfacet
facet normal 0.00000139 0.65936023 0.75182712
    outer loop
        vertex 159.97609 -2.7661068 52.11059
        vertex 156.98004 -2.5036812 51.880447
        vertex 156.97563 -2.7661266 52.110615
    endloop
endfacet
facet normal -0.00000185 0.59129632 0.80645436
    outer loop
        vertex 156.98004 -2.5036812 51.880447
        vertex 159.98041 -2.5036614 51.88044
        vertex 156.98427 -2.222258 51.674107
    endloop
endfacet
facet normal 0.00000044 0.59131217 0.80644274
    outer loop
        vertex 159.98041 -2.5036614 51.88044
        vertex 159.98457 -2.2222447 51.674095
        vertex 156.98427 -2.222258 51.674107
    endloop
endfacet
facet normal 0.00000124 0.51872087 0.85494363
    outer loop
        vertex 159.98457 -2.2222447 51.674095
        vertex 159.98843 -1.9235857 51.49289
        vertex 156.98822 -1.9235973 51.4929
    endloop
endfacet
facet normal 0.00000058 0.44223073 0.89690131
    outer loop
        vertex 159.98843 -1.9235857 51.49289
        vertex 159.9919 -1.6108527 51.33869
        vertex 156.99173 -1.6108643 51.3387
    endloop
endfacet
facet normal 0.00000097 0.362324 0.93205225
    outer loop
        vertex 159.9919 -1.6108527 51.33869
        vertex 156.99475 -1.2850422 51.21204
        vertex 156.99173 -1.6108643 51.3387
    endloop
endfacet
facet normal 0.00000227 0.27971357 0.96008354
    outer loop
        vertex 159.99484 -1.2850404 51.212032
        vertex 156.99713 -0.95042485 51.11455
        vertex 156.99475 -1.2850422 51.21204
    endloop
endfacet
facet normal -0.0000004 0.18957996 0.98186523
    outer loop
        vertex 159.99718 -0.95041853 51.11455
        vertex 156.999 -0.56433487 51.040005
        vertex 156.99713 -0.95042485 51.11455
    endloop
endfacet
facet normal -0.00000239 0.18956508 0.98186809
    outer loop
        vertex 159.999 -0.5643366 51.040012
        vertex 156.999 -0.56433487 51.040005
        vertex 159.99718 -0.95041853 51.11455
    endloop
endfacet
facet normal 0 0.07072404 0.99749589
    outer loop
        vertex 160 -0 51
        vertex 157 -0 51
        vertex 159.999 -0.5643366 51.040012
    endloop
endfacet
facet normal 0 -0.04900297 0.99879867
    outer loop
        vertex 156.99951 0.391485 51.019207
        vertex 157 -0 51
        vertex 160 -0 51
    endloop
endfacet
facet normal 0.00111261 -0.17884229 0.98387718
    outer loop
        vertex 156.9966 1.0345215 51.136097
        vertex 156.99951 0.391485 51.019207
        vertex 159.99942 0.4349744 51.02372
    endloop
endfacet
facet normal -0.00000154 -0.18423596 0.98288208
    outer loop
        vertex 156.9966 1.0345215 51.136097
        vertex 159.99942 0.4349744 51.02372
        vertex 159.99666 1.0346185 51.13612
    endloop
endfacet
facet normal 0.00000037 -0.30058378 0.95375544
    outer loop
        vertex 156.99405 1.3678797 51.241158
        vertex 156.9966 1.0345215 51.136097
        vertex 159.99416 1.3679682 51.241184
    endloop
endfacet
facet normal 0.00000306 -0.38263267 0.92390054
    outer loop
        vertex 156.99405 1.3678797 51.241158
        vertex 159.99416 1.3679682 51.241184
        vertex 159.99107 1.690065 51.37458
    endloop
endfacet
facet normal -0.0000001 -0.46169925 0.8870365
    outer loop
        vertex 156.9909 1.689985 51.37454
        vertex 159.99107 1.690065 51.37458
        vertex 159.98749 1.9999775 51.53589
    endloop
endfacet
facet normal -0.00000251 -0.46168083 0.88704598
    outer loop
        vertex 156.9909 1.689985 51.37454
        vertex 159.98749 1.9999775 51.53589
        vertex 156.98726 1.9999058 51.535843
    endloop
endfacet
facet normal 0.00000042 -0.53726953 0.84341055
    outer loop
        vertex 156.98726 1.9999058 51.535843
        vertex 159.98355 2.2942114 51.72332
        vertex 156.98325 2.2941432 51.723278
    endloop
endfacet
facet normal -0.00000097 -0.60875297 0.79335982
    outer loop
        vertex 156.98325 2.2941432 51.723278
        vertex 159.97934 2.571251 51.93591
        vertex 156.97894 2.571191 51.93586
    endloop
endfacet
facet normal 0.00000274 -0.60877824 0.79334038
    outer loop
        vertex 159.98355 2.2942114 51.72332
        vertex 159.97934 2.571251 51.93591
        vertex 156.98325 2.2941432 51.723278
    endloop
endfacet
facet normal -0.00000032 -0.88705242 0.46166891
    outer loop
        vertex 156.95813 3.6253786 53.30985
        vertex 156.96176 3.4643016 53.000355
        vertex 159.95892 3.6254053 53.309902
    endloop
endfacet
facet normal 0 -0.99905008 0.043577
    outer loop
        vertex 156.94904 4 55
        vertex 156.94942 3.9848075 54.651695
        vertex 159.94998 4 55
    endloop
endfacet
facet normal -0.00000006 -0.99905008 0.04357754
    outer loop
        vertex 156.94942 3.9848075 54.651695
        vertex 159.95038 3.984808 54.65171
        vertex 159.94998 4 55
    endloop
endfacet
facet normal -0.00000051 -0.99145329 0.13046242
    outer loop
        vertex 156.95056 3.9392753 54.30567
        vertex 159.95038 3.984808 54.65171
        vertex 156.94942 3.9848075 54.651695
    endloop
endfacet
facet normal 0.00000104 -0.99145502 0.13044928
    outer loop
        vertex 159.95149 3.939292 54.305775
        vertex 159.95038 3.984808 54.65171
        vertex 156.95056 3.9392753 54.30567
    endloop
endfacet
facet normal -0.000002 -0.97631466 0.21635498
    outer loop
        vertex 159.95149 3.939292 54.305775
        vertex 156.95056 3.9392753 54.30567
        vertex 156.95245 3.8638031 53.9651
    endloop
endfacet
facet normal -0.00000123 -0.97631621 0.21634857
    outer loop
        vertex 159.95149 3.939292 54.305775
        vertex 156.95245 3.8638031 53.9651
        vertex 159.95334 3.8637867 53.965042
    endloop
endfacet
facet normal 0.0000005 -0.95375323 0.30059054
    outer loop
        vertex 156.95245 3.8638031 53.9651
        vertex 156.95499 3.7589526 53.632416
        vertex 159.95334 3.8637867 53.965042
    endloop
endfacet
facet normal -0.0000008 -0.9537499 0.30060124
    outer loop
        vertex 156.95499 3.7589526 53.632416
        vertex 159.95583 3.7589657 53.632465
        vertex 159.95334 3.8637867 53.965042
    endloop
endfacet
facet normal -0.00000229 -0.92391765 0.38259149
    outer loop
        vertex 156.95813 3.6253786 53.30985
        vertex 159.95583 3.7589657 53.632465
        vertex 156.95499 3.7589526 53.632416
    endloop
endfacet
facet normal 0.00000141 -0.92392975 0.3825621
    outer loop
        vertex 159.95892 3.6254053 53.309902
        vertex 159.95583 3.7589657 53.632465
        vertex 156.95813 3.6253786 53.30985
    endloop
endfacet
facet normal 0.00000174 -0.88706052 0.46165311
    outer loop
        vertex 159.9625 3.4643333 53.000404
        vertex 159.95892 3.6254053 53.309902
        vertex 156.96176 3.4643016 53.000355
    endloop
endfacet
facet normal 0.00000003 -0.84344286 0.53721875
    outer loop
        vertex 159.9625 3.4643333 53.000404
        vertex 156.96176 3.4643016 53.000355
        vertex 156.9658 3.276725 52.705856
    endloop
endfacet
facet normal 0.00000076 -0.84344625 0.5372135
    outer loop
        vertex 159.9625 3.4643333 53.000404
        vertex 156.9658 3.276725 52.705856
        vertex 159.96645 3.2767618 52.70591
    endloop
endfacet
facet normal -0.00000113 -0.79338366 0.60872191
    outer loop
        vertex 156.9658 3.276725 52.705856
        vertex 156.9701 3.0643024 52.428993
        vertex 159.96645 3.2767618 52.70591
    endloop
endfacet
facet normal -0.00000058 -0.79338658 0.60871816
    outer loop
        vertex 156.9701 3.0643024 52.428993
        vertex 159.97066 3.0643442 52.42905
        vertex 159.96645 3.2767618 52.70591
    endloop
endfacet
facet normal -0.00000263 -0.73729354 0.6755724
    outer loop
        vertex 156.97452 2.8284602 52.171604
        vertex 159.97066 3.0643442 52.42905
        vertex 156.9701 3.0643024 52.428993
    endloop
endfacet
facet normal 0.000002 -0.73732042 0.67554313
    outer loop
        vertex 159.975 2.8285103 52.17165
        vertex 159.97066 3.0643442 52.42905
        vertex 156.97452 2.8284602 52.171604
    endloop
endfacet
facet normal 0.00000003 -0.67559141 0.73727632
    outer loop
        vertex 159.975 2.8285103 52.17165
        vertex 156.97452 2.8284602 52.171604
        vertex 156.97894 2.571191 51.93586
    endloop
endfacet
facet normal 0.00000129 -0.67559934 0.73726892
    outer loop
        vertex 159.975 2.8285103 52.17165
        vertex 156.97894 2.571191 51.93586
        vertex 159.97934 2.571251 51.93591
    endloop
endfacet
facet normal -0.00000004 -0.53726631 0.8434127
    outer loop
        vertex 159.98749 1.9999775 51.53589
        vertex 159.98355 2.2942114 51.72332
        vertex 156.98726 1.9999058 51.535843
    endloop
endfacet
facet normal -0.00000272 -0.38258675 0.92391962
    outer loop
        vertex 156.99405 1.3678797 51.241158
        vertex 159.99107 1.690065 51.37458
        vertex 156.9909 1.689985 51.37454
    endloop
endfacet
facet normal 0.00000245 -0.30060071 0.95375007
    outer loop
        vertex 156.9966 1.0345215 51.136097
        vertex 159.99666 1.0346185 51.13612
        vertex 159.99416 1.3679682 51.241184
    endloop
endfacet
facet normal -0.0007127 -0.05445149 0.99851608
    outer loop
        vertex 156.99951 0.391485 51.019207
        vertex 160 -0 51
        vertex 159.99942 0.4349744 51.02372
    endloop
endfacet
facet normal -0.0000025 0.07071085 0.99749684
    outer loop
        vertex 157 -0 51
        vertex 156.999 -0.56433487 51.040005
        vertex 159.999 -0.5643366 51.040012
    endloop
endfacet
facet normal -0.00000059 0.27968991 0.9600904
    outer loop
        vertex 159.99718 -0.95041853 51.11455
        vertex 156.99713 -0.95042485 51.11455
        vertex 159.99484 -1.2850404 51.212032
    endloop
endfacet
facet normal 0.00000215 0.36233342 0.93204856
    outer loop
        vertex 159.99484 -1.2850404 51.212032
        vertex 156.99475 -1.2850422 51.21204
        vertex 159.9919 -1.6108527 51.33869
    endloop
endfacet
facet normal 0.0000017 0.44223937 0.89689702
    outer loop
        vertex 159.98843 -1.9235857 51.49289
        vertex 156.99173 -1.6108643 51.3387
        vertex 156.98822 -1.9235973 51.4929
    endloop
endfacet
facet normal 0.00000095 0.51871878 0.854945
    outer loop
        vertex 159.98457 -2.2222447 51.674095
        vertex 156.98822 -1.9235973 51.4929
        vertex 156.98427 -2.222258 51.674107
    endloop
endfacet
facet normal -0.00000244 0.65933555 0.75184882
    outer loop
        vertex 159.97609 -2.7661068 52.11059
        vertex 159.98041 -2.5036614 51.88044
        vertex 156.98004 -2.5036812 51.880447
    endloop
endfacet
facet normal 0.00000045 0.72238249 0.69149369
    outer loop
        vertex 156.97119 -3.007445 52.362713
        vertex 159.97173 -3.007425 52.36269
        vertex 156.97563 -2.7661266 52.110615
    endloop
endfacet
facet normal -0.00000175 0.8315084 0.55551219
    outer loop
        vertex 156.96684 -3.2259974 52.63506
        vertex 159.96346 -3.419793 52.925148
        vertex 159.96747 -3.2259707 52.63503
    endloop
endfacet
facet normal 0.00000026 0.8767671 0.48091522
    outer loop
        vertex 156.96275 -3.419813 52.925182
        vertex 156.95901 -3.5876944 53.23125
        vertex 159.95978 -3.5876744 53.231213
    endloop
endfacet
facet normal -0.00000093 0.94696784 0.32132834
    outer loop
        vertex 159.95656 -3.728189 53.55065
        vertex 156.95573 -3.7282088 53.5507
        vertex 159.9539 -3.840323 53.881115
    endloop
endfacet
facet normal -0.00000339 0.97135621 0.23762812
    outer loop
        vertex 159.95189 -3.9232125 54.219982
        vertex 156.95302 -3.8403203 53.8811
        vertex 156.95097 -3.923168 54.219757
    endloop
endfacet
facet normal 0 0.99994123 0.01083622
    outer loop
        vertex 156.94905 -3.9990623 54.91347
        vertex 156.94904 -4 55
        vertex 159.94998 -4 55
    endloop
endfacet
facet normal 0.00000015 0.99786872 0.06525323
    outer loop
        vertex 159.95058 -3.9762738 54.564987
        vertex 156.94965 -3.9762728 54.56498
        vertex 159.95001 -3.9990623 54.913475
    endloop
endfacet
facet normal 0 0.99993384 -0.01150003
    outer loop
        vertex 159.94998 -4 25
        vertex 156.94904 -4 25
        vertex 156.94905 -3.998944 25.091816
    endloop
endfacet
facet normal 0 0.99674594 -0.08060743
    outer loop
        vertex 159.95001 -3.998944 25.091816
        vertex 156.94905 -3.998944 25.091816
        vertex 156.95001 -3.9617298 25.551987
    endloop
endfacet
facet normal -0.00000023 0.98299962 -0.18360785
    outer loop
        vertex 159.95094 -3.9617298 25.551983
        vertex 156.95001 -3.9617298 25.551987
        vertex 156.9517 -3.8938532 25.915384
    endloop
endfacet
facet normal -0.00000008 0.9829998 -0.18360658
    outer loop
        vertex 159.95094 -3.9617298 25.551983
        vertex 156.9517 -3.8938532 25.915384
        vertex 159.9526 -3.893855 25.915373
    endloop
endfacet
facet normal 0.00000111 0.96185875 -0.2735467
    outer loop
        vertex 159.9526 -3.893855 25.915373
        vertex 156.95418 -3.7928133 26.270649
        vertex 159.95503 -3.7928216 26.270632
    endloop
endfacet
facet normal 0.00000053 0.93251032 -0.36114341
    outer loop
        vertex 156.95418 -3.7928133 26.270649
        vertex 156.95734 -3.659305 26.615381
        vertex 159.95503 -3.7928216 26.270632
    endloop
endfacet
facet normal 0.00000129 0.89521319 -0.44563806
    outer loop
        vertex 156.95734 -3.659305 26.615381
        vertex 156.9611 -3.4946842 26.946077
        vertex 159.95816 -3.659315 26.61537
    endloop
endfacet
facet normal 0.00000001 0.8952086 -0.44564736
    outer loop
        vertex 156.9611 -3.4946842 26.946077
        vertex 159.96184 -3.4946947 26.946056
        vertex 159.95816 -3.659315 26.61537
    endloop
endfacet
facet normal 0.00000063 0.85025704 -0.52636772
    outer loop
        vertex 156.96532 -3.300101 27.260386
        vertex 159.96596 -3.300088 27.26041
        vertex 159.96184 -3.4946947 26.946056
    endloop
endfacet
facet normal 0.00000149 0.79804134 -0.60260278
    outer loop
        vertex 156.96983 -3.0774524 27.555244
        vertex 159.96596 -3.300088 27.26041
        vertex 156.96532 -3.300101 27.260386
    endloop
endfacet
facet normal -0.00000079 0.73903149 -0.67367089
    outer loop
        vertex 156.97452 -2.8284535 27.828402
        vertex 159.9704 -3.077517 27.55517
        vertex 156.96983 -3.0774524 27.555244
    endloop
endfacet
facet normal -0.00000105 0.6026206 -0.79802787
    outer loop
        vertex 156.9792 -2.555408 28.077314
        vertex 156.98373 -2.260391 28.300093
        vertex 159.97958 -2.5554962 28.077244
    endloop
endfacet
facet normal 0.00000243 0.67371929 -0.73898721
    outer loop
        vertex 156.9792 -2.555408 28.077314
        vertex 159.97958 -2.5554962 28.077244
        vertex 159.97499 -2.8285334 27.828321
    endloop
endfacet
facet normal 0.00000027 0.52641279 -0.85022914
    outer loop
        vertex 156.98373 -2.260391 28.300093
        vertex 156.98793 -1.9463484 28.49453
        vertex 159.98402 -2.2604911 28.300032
    endloop
endfacet
facet normal 0.00000224 0.52642632 -0.8502208
    outer loop
        vertex 156.98793 -1.9463484 28.49453
        vertex 159.98814 -1.9464567 28.49447
        vertex 159.98402 -2.2604911 28.300032
    endloop
endfacet
facet normal 0.00000254 0.44569081 -0.89518702
    outer loop
        vertex 156.99168 -1.6152052 28.659384
        vertex 159.99185 -1.6153219 28.659334
        vertex 159.98814 -1.9464567 28.49447
    endloop
endfacet
facet normal 0.00000218 0.36119011 -0.9324922
    outer loop
        vertex 156.99484 -1.2709564 28.792713
        vertex 159.99495 -1.2710829 28.792671
        vertex 159.99185 -1.6153219 28.659334
    endloop
endfacet
facet normal -0.00000192 0.2735287 -0.96186382
    outer loop
        vertex 156.99734 -0.91497207 28.893946
        vertex 159.99495 -1.2710829 28.792671
        vertex 156.99484 -1.2709564 28.792713
    endloop
endfacet
facet normal -0.0000019 0.18930337 -0.98191863
    outer loop
        vertex 156.99886 -0.5981545 28.955025
        vertex 159.99739 -0.91510034 28.893915
        vertex 156.99734 -0.91497207 28.893946
    endloop
endfacet
facet normal 0.00000196 0.18933851 -0.98191184
    outer loop
        vertex 159.99889 -0.5982844 28.955006
        vertex 159.99739 -0.91510034 28.893915
        vertex 156.99886 -0.5981545 28.955025
    endloop
endfacet
facet normal 0 0.07499385 -0.99718404
    outer loop
        vertex 160 -0 29
        vertex 159.99889 -0.5982844 28.955006
        vertex 157 -0 29
    endloop
endfacet
facet normal -0 -0.09223846 -0.9957369
    outer loop
        vertex 160 -0 29
        vertex 157 -0 29
        vertex 159.9983 0.7347648 28.931936
    endloop
endfacet
facet normal -0.00000188 -0.22884019 -0.97346407
    outer loop
        vertex 159.9983 0.7347648 28.931936
        vertex 156.99828 0.73491114 28.931908
        vertex 159.99626 1.0939654 28.847496
    endloop
endfacet
facet normal 0.00000244 -0.22887434 -0.97345597
    outer loop
        vertex 156.99828 0.73491114 28.931908
        vertex 156.99619 1.0941119 28.847454
        vertex 159.99626 1.0939654 28.847496
    endloop
endfacet
facet normal 0.00000368 -0.31771374 -0.94818676
    outer loop
        vertex 156.99619 1.0941119 28.847454
        vertex 156.99335 1.4448545 28.729929
        vertex 159.99347 1.4447128 28.729988
    endloop
endfacet
facet normal -0.00000105 -0.403864 -0.91481906
    outer loop
        vertex 156.99335 1.4448545 28.729929
        vertex 159.99007 1.782737 28.580761
        vertex 159.99347 1.4447128 28.729988
    endloop
endfacet
facet normal -0.00000211 -0.4865424 -0.87365705
    outer loop
        vertex 156.98987 1.7828767 28.58069
        vertex 159.98615 2.1055186 28.401003
        vertex 159.99007 1.782737 28.580761
    endloop
endfacet
facet normal -0.00000045 -0.56511015 -0.82501549
    outer loop
        vertex 156.98589 2.1056519 28.400913
        vertex 159.98184 2.4104798 28.192114
        vertex 159.98615 2.1055186 28.401003
    endloop
endfacet
facet normal 0.0000038 -0.56513852 -0.82499593
    outer loop
        vertex 156.98148 2.41061 28.19201
        vertex 159.98184 2.4104798 28.192114
        vertex 156.98589 2.1056519 28.400913
    endloop
endfacet
facet normal -0.00000131 -0.6388374 -0.76934177
    outer loop
        vertex 159.9773 2.6947598 27.956057
        vertex 159.98184 2.4104798 28.192114
        vertex 156.98148 2.41061 28.19201
    endloop
endfacet
facet normal -0.00000281 -0.70710909 -0.7071045
    outer loop
        vertex 159.97269 2.9560878 27.694727
        vertex 159.9773 2.6947598 27.956057
        vertex 156.97687 2.69489 27.955938
    endloop
endfacet
facet normal 0.00000075 -0.87366408 -0.48652959
    outer loop
        vertex 159.95993 3.580831 26.7826
        vertex 156.96315 3.4009783 27.105558
        vertex 156.95917 3.580821 26.782614
    endloop
endfacet
facet normal -0.00000002 -0.87366104 -0.48653501
    outer loop
        vertex 159.96385 3.4009953 27.105528
        vertex 156.96315 3.4009783 27.105558
        vertex 159.95993 3.580831 26.7826
    endloop
endfacet
facet normal -0 -0.99893498 -0.04614018
    outer loop
        vertex 159.94998 4 25
        vertex 156.94948 3.9829686 25.36873
        vertex 156.94904 4 25
    endloop
endfacet
facet normal -0.00000012 -0.99893498 -0.04614113
    outer loop
        vertex 159.95042 3.9829686 25.368723
        vertex 156.94948 3.9829686 25.36873
        vertex 159.94998 4 25
    endloop
endfacet
facet normal -0.00000035 -0.99042141 -0.13807787
    outer loop
        vertex 156.95076 3.9319456 25.734715
        vertex 156.94948 3.9829686 25.36873
        vertex 159.95042 3.9829686 25.368723
    endloop
endfacet
facet normal 0.00000028 -0.99042201 -0.13807277
    outer loop
        vertex 156.95076 3.9319456 25.734715
        vertex 159.95042 3.9829686 25.368723
        vertex 159.95168 3.9319475 25.734707
    endloop
endfacet
facet normal 0.00000004 -0.97345603 -0.22887443
    outer loop
        vertex 156.95076 3.9319456 25.734715
        vertex 159.95168 3.9319475 25.734707
        vertex 156.95285 3.8474061 26.09428
    endloop
endfacet
facet normal 0.00000238 -0.97346032 -0.22885595
    outer loop
        vertex 159.95168 3.9319475 25.734707
        vertex 159.95375 3.8474162 26.094269
        vertex 156.95285 3.8474061 26.09428
    endloop
endfacet
facet normal 0.00000195 -0.94818777 -0.31771058
    outer loop
        vertex 159.95375 3.8474162 26.094269
        vertex 156.95569 3.729984 26.44472
        vertex 156.95285 3.8474061 26.09428
    endloop
endfacet
facet normal 0.00000102 -0.94818538 -0.31771779
    outer loop
        vertex 159.95651 3.7299924 26.444704
        vertex 156.95569 3.729984 26.44472
        vertex 159.95375 3.8474162 26.094269
    endloop
endfacet
facet normal 0.00000049 -0.91482586 -0.40384856
    outer loop
        vertex 156.95917 3.580821 26.782614
        vertex 156.95569 3.729984 26.44472
        vertex 159.95651 3.7299924 26.444704
    endloop
endfacet
facet normal 0.00000126 -0.91482836 -0.40384287
    outer loop
        vertex 156.95917 3.580821 26.782614
        vertex 159.95651 3.7299924 26.444704
        vertex 159.95993 3.580831 26.7826
    endloop
endfacet
facet normal 0.00000169 0.73904496 -0.67365611
    outer loop
        vertex 159.97499 -2.8285334 27.828321
        vertex 159.9704 -3.077517 27.55517
        vertex 156.97452 -2.8284535 27.828402
    endloop
endfacet
facet normal -0.00000109 -0.82501656 -0.56510842
    outer loop
        vertex 156.96315 3.4009783 27.105558
        vertex 159.96385 3.4009953 27.105528
        vertex 156.96754 3.1921523 27.410429
    endloop
endfacet
facet normal 0.00000045 -0.82502359 -0.56509817
    outer loop
        vertex 159.96385 3.4009953 27.105528
        vertex 159.96815 3.1922061 27.410353
        vertex 156.96754 3.1921523 27.410429
    endloop
endfacet
facet normal -0.00000243 -0.76936042 -0.63881481
    outer loop
        vertex 159.96815 3.1922061 27.410353
        vertex 156.97217 2.9562035 27.694595
        vertex 156.96754 3.1921523 27.410429
    endloop
endfacet
facet normal -0.00000163 -0.7693646 -0.63880986
    outer loop
        vertex 159.97269 2.9560878 27.694727
        vertex 156.97217 2.9562035 27.694595
        vertex 159.96815 3.1922061 27.410353
    endloop
endfacet
facet normal 0.00000376 -0.70714676 -0.70706683
    outer loop
        vertex 156.97687 2.69489 27.955938
        vertex 156.97217 2.9562035 27.694595
        vertex 159.97269 2.9560878 27.694727
    endloop
endfacet
facet normal 0.0000026 -0.63886184 -0.76932156
    outer loop
        vertex 156.97687 2.69489 27.955938
        vertex 159.9773 2.6947598 27.956057
        vertex 156.98148 2.41061 28.19201
    endloop
endfacet
facet normal 0.00000449 -0.48658907 -0.87363094
    outer loop
        vertex 156.98987 1.7828767 28.58069
        vertex 156.98589 2.1056519 28.400913
        vertex 159.98615 2.1055186 28.401003
    endloop
endfacet
facet normal 0.00000271 -0.40389189 -0.91480666
    outer loop
        vertex 156.99335 1.4448545 28.729929
        vertex 156.98987 1.7828767 28.58069
        vertex 159.99007 1.782737 28.580761
    endloop
endfacet
facet normal -0.00000225 -0.31766817 -0.94820195
    outer loop
        vertex 159.99626 1.0939654 28.847496
        vertex 156.99619 1.0941119 28.847454
        vertex 159.99347 1.4447128 28.729988
    endloop
endfacet
facet normal 0.000005 -0.09225867 -0.99573499
    outer loop
        vertex 159.9983 0.7347648 28.931936
        vertex 157 -0 29
        vertex 156.99828 0.73491114 28.931908
    endloop
endfacet
facet normal -0.00000309 0.07497843 -0.99718511
    outer loop
        vertex 157 -0 29
        vertex 159.99889 -0.5982844 28.955006
        vertex 156.99886 -0.5981545 28.955025
    endloop
endfacet
facet normal 0.00000191 0.27355847 -0.96185535
    outer loop
        vertex 156.99734 -0.91497207 28.893946
        vertex 159.99739 -0.91510034 28.893915
        vertex 159.99495 -1.2710829 28.792671
    endloop
endfacet
facet normal -0.00000136 0.36116326 -0.93250257
    outer loop
        vertex 156.99168 -1.6152052 28.659384
        vertex 156.99484 -1.2709564 28.792713
        vertex 159.99185 -1.6153219 28.659334
    endloop
endfacet
facet normal -0.00000156 0.44566101 -0.89520174
    outer loop
        vertex 156.98793 -1.9463484 28.49453
        vertex 156.99168 -1.6152052 28.659384
        vertex 159.98814 -1.9464567 28.49447
    endloop
endfacet
facet normal 0.00000388 0.60265249 -0.79800379
    outer loop
        vertex 159.97958 -2.5554962 28.077244
        vertex 156.98373 -2.260391 28.300093
        vertex 159.98402 -2.2604911 28.300032
    endloop
endfacet
facet normal -0.0000018 0.67369401 -0.73901033
    outer loop
        vertex 159.97499 -2.8285334 27.828321
        vertex 156.97452 -2.8284535 27.828402
        vertex 156.9792 -2.555408 28.077314
    endloop
endfacet
facet normal 0.00000225 0.79804498 -0.60259783
    outer loop
        vertex 159.9704 -3.077517 27.55517
        vertex 159.96596 -3.300088 27.26041
        vertex 156.96983 -3.0774524 27.555244
    endloop
endfacet
facet normal -0.00000071 0.85025126 -0.52637702
    outer loop
        vertex 156.96532 -3.300101 27.260386
        vertex 159.96184 -3.4946947 26.946056
        vertex 156.9611 -3.4946842 26.946077
    endloop
endfacet
facet normal 0.00000173 0.93251383 -0.36113423
    outer loop
        vertex 156.95734 -3.659305 26.615381
        vertex 159.95816 -3.659315 26.61537
        vertex 159.95503 -3.7928216 26.270632
    endloop
endfacet
facet normal -0.00000043 0.96185523 -0.27355871
    outer loop
        vertex 156.9517 -3.8938532 25.915384
        vertex 156.95418 -3.7928133 26.270649
        vertex 159.9526 -3.893855 25.915373
    endloop
endfacet
facet normal -0.0000001 0.99674588 -0.08060809
    outer loop
        vertex 159.95001 -3.998944 25.091816
        vertex 156.95001 -3.9617298 25.551987
        vertex 159.95094 -3.9617298 25.551983
    endloop
endfacet
facet normal 0 0.9999339 -0.01150003
    outer loop
        vertex 156.94905 -3.998944 25.091816
        vertex 159.95001 -3.998944 25.091816
        vertex 159.94998 -4 25
    endloop
endfacet
facet normal 0 0.99786735 0.06527457
    outer loop
        vertex 159.95001 -3.9990628 24.91341
        vertex 156.94965 -3.9762635 24.564873
        vertex 156.94905 -3.9990628 24.91341
    endloop
endfacet
facet normal 0 0.99994135 0.01082308
    outer loop
        vertex 159.95001 -3.9990628 24.91341
        vertex 156.94905 -3.9990628 24.91341
        vertex 159.94998 -4 25
    endloop
endfacet
facet normal 0.0000001 0.98837829 0.1520147
    outer loop
        vertex 159.95058 -3.9762635 24.56487
        vertex 156.95097 -3.9232447 24.220152
        vertex 156.94965 -3.9762635 24.564873
    endloop
endfacet
facet normal 0 0.98837811 0.15201552
    outer loop
        vertex 159.95189 -3.9232447 24.220152
        vertex 156.95097 -3.9232447 24.220152
        vertex 159.95058 -3.9762635 24.56487
    endloop
endfacet
facet normal 0.00000023 0.97137225 0.23756228
    outer loop
        vertex 159.9539 -3.840336 23.881145
        vertex 156.95302 -3.8403358 23.881147
        vertex 159.95189 -3.9232447 24.220152
    endloop
endfacet
facet normal 0.00000028 0.9469685 0.32132658
    outer loop
        vertex 156.95573 -3.728189 23.550644
        vertex 156.95302 -3.8403358 23.881147
        vertex 159.9539 -3.840336 23.881145
    endloop
endfacet
facet normal -0.00000229 0.91535217 0.4026542
    outer loop
        vertex 156.95901 -3.5876744 23.231213
        vertex 156.95573 -3.728189 23.550644
        vertex 159.95656 -3.7281806 23.550642
    endloop
endfacet
facet normal -0.00000127 0.91535574 0.40264612
    outer loop
        vertex 156.95901 -3.5876744 23.231213
        vertex 159.95656 -3.7281806 23.550642
        vertex 159.95978 -3.587666 23.231203
    endloop
endfacet
facet normal -0.00000098 0.87676764 0.48091432
    outer loop
        vertex 156.96275 -3.4197915 22.92514
        vertex 159.95978 -3.587666 23.231203
        vertex 159.96346 -3.4197829 22.92513
    endloop
endfacet
facet normal -0.00000061 0.83150476 0.55551773
    outer loop
        vertex 156.96275 -3.4197915 22.92514
        vertex 159.96346 -3.4197829 22.92513
        vertex 156.96684 -3.225969 22.635025
    endloop
endfacet
facet normal 0.00000116 0.77992141 0.62587744
    outer loop
        vertex 156.96684 -3.225969 22.635025
        vertex 159.96747 -3.2259674 22.635017
        vertex 156.97119 -3.007425 22.362692
    endloop
endfacet
facet normal -0.00000061 0.77991194 0.62588924
    outer loop
        vertex 159.96747 -3.2259674 22.635017
        vertex 159.97173 -3.007415 22.362682
        vertex 156.97119 -3.007425 22.362692
    endloop
endfacet
facet normal -0.00000047 0.72238284 0.69149333
    outer loop
        vertex 159.97173 -3.007415 22.362682
        vertex 159.97609 -2.7660968 22.110584
        vertex 156.97563 -2.7661371 22.110624
    endloop
endfacet
facet normal 0.00000118 0.65936226 0.75182539
    outer loop
        vertex 159.97609 -2.7660968 22.110584
        vertex 156.98004 -2.503693 21.880457
        vertex 156.97563 -2.7661371 22.110624
    endloop
endfacet
facet normal -0.00000053 0.59130031 0.8064515
    outer loop
        vertex 156.98004 -2.503693 21.880457
        vertex 159.98041 -2.5036514 21.880428
        vertex 156.98427 -2.222278 21.67412
    endloop
endfacet
facet normal -0.00000064 0.59129953 0.80645204
    outer loop
        vertex 159.98041 -2.5036514 21.880428
        vertex 159.98457 -2.222228 21.674086
        vertex 156.98427 -2.222278 21.67412
    endloop
endfacet
facet normal -0.00000023 0.51871872 0.85494494
    outer loop
        vertex 159.98457 -2.222228 21.674086
        vertex 159.98843 -1.9235673 21.49288
        vertex 156.98822 -1.9236189 21.49291
    endloop
endfacet
facet normal -0.000002 0.44221506 0.896909
    outer loop
        vertex 159.98843 -1.9235673 21.49288
        vertex 159.9919 -1.610836 21.33869
        vertex 156.99173 -1.610896 21.338713
    endloop
endfacet
facet normal -0.00000013 0.36233044 0.93204969
    outer loop
        vertex 159.9919 -1.610836 21.33869
        vertex 156.99475 -1.2850806 21.212053
        vertex 156.99173 -1.610896 21.338713
    endloop
endfacet
facet normal 0.0000011 0.27972117 0.96008116
    outer loop
        vertex 159.99484 -1.2850204 21.212032
        vertex 156.99713 -0.95046663 21.114563
        vertex 156.99475 -1.2850806 21.212053
    endloop
endfacet
facet normal 0.00000048 0.18958889 0.98186356
    outer loop
        vertex 159.99718 -0.95040506 21.11455
        vertex 156.999 -0.56438565 21.040014
        vertex 156.99713 -0.95046663 21.114563
    endloop
endfacet
facet normal -0.0000013 0.18957557 0.98186618
    outer loop
        vertex 159.999 -0.5643156 21.040005
        vertex 156.999 -0.56438565 21.040014
        vertex 159.99718 -0.95040506 21.11455
    endloop
endfacet
facet normal 0 0.07071324 0.99749666
    outer loop
        vertex 160 -0 21
        vertex 157 -0 21
        vertex 159.999 -0.5643156 21.040005
    endloop
endfacet
facet normal 0 -0.04899152 0.99879915
    outer loop
        vertex 159.99953 0.39142114 21.0192
        vertex 157 -0 21
        vertex 160 -0 21
    endloop
endfacet
facet normal 0.00000104 -0.17885725 0.98387504
    outer loop
        vertex 159.99666 1.0346618 21.136133
        vertex 156.99951 0.3913511 21.01919
        vertex 159.99953 0.39142114 21.0192
    endloop
endfacet
facet normal -0.00000261 -0.17884077 0.98387802
    outer loop
        vertex 156.9966 1.0345901 21.136112
        vertex 156.99951 0.3913511 21.01919
        vertex 159.99666 1.0346618 21.136133
    endloop
endfacet
facet normal -0.00000251 -0.30060214 0.95374966
    outer loop
        vertex 156.99405 1.3679382 21.241177
        vertex 156.9966 1.0345901 21.136112
        vertex 159.99416 1.3680099 21.241207
    endloop
endfacet
facet normal -0.00000025 -0.38261199 0.92390901
    outer loop
        vertex 156.99405 1.3679382 21.241177
        vertex 159.99416 1.3680099 21.241207
        vertex 159.99107 1.6901133 21.374598
    endloop
endfacet
facet normal 0.00000332 -0.46171331 0.88702917
    outer loop
        vertex 156.9909 1.6900368 21.374569
        vertex 159.99107 1.6901133 21.374598
        vertex 159.98749 2.0000174 21.535908
    endloop
endfacet
facet normal -0.00000107 -0.46167994 0.88704664
    outer loop
        vertex 156.9909 1.6900368 21.374569
        vertex 159.98749 2.0000174 21.535908
        vertex 156.98726 1.9999474 21.535868
    endloop
endfacet
facet normal -0.00000263 -0.53726989 0.84341037
    outer loop
        vertex 156.98726 1.9999474 21.535868
        vertex 159.98355 2.2942448 21.72335
        vertex 156.98325 2.2941816 21.7233
    endloop
endfacet
facet normal -0.00000265 -0.60875773 0.79335624
    outer loop
        vertex 156.98325 2.2941816 21.7233
        vertex 159.97934 2.5712826 21.935936
        vertex 156.97894 2.571221 21.935879
    endloop
endfacet
facet normal -0.00000029 -0.60877377 0.7933439
    outer loop
        vertex 159.98355 2.2942448 21.72335
        vertex 159.97934 2.5712826 21.935936
        vertex 156.98325 2.2941816 21.7233
    endloop
endfacet
facet normal -0.00000146 -0.88704938 0.46167454
    outer loop
        vertex 156.95813 3.6253855 23.309853
        vertex 156.96176 3.46431 23.000366
        vertex 159.95892 3.6253786 23.309849
    endloop
endfacet
facet normal 0 -0.99905008 0.04357699
    outer loop
        vertex 156.94904 4 25
        vertex 156.94942 3.9848056 24.651651
        vertex 159.94998 4 25
    endloop
endfacet
facet normal 0.00000003 -0.99905008 0.04357675
    outer loop
        vertex 156.94942 3.9848056 24.651651
        vertex 159.95038 3.9848056 24.65165
        vertex 159.94998 4 25
    endloop
endfacet
facet normal 0.00000008 -0.99145597 0.13044192
    outer loop
        vertex 156.95056 3.9393067 24.305826
        vertex 159.95038 3.9848056 24.65165
        vertex 156.94942 3.9848056 24.651651
    endloop
endfacet
facet normal 0.00000033 -0.99145627 0.1304398
    outer loop
        vertex 159.95149 3.9393067 24.305819
        vertex 159.95038 3.9848056 24.65165
        vertex 156.95056 3.9393067 24.305826
    endloop
endfacet
facet normal 0.00000055 -0.97631758 0.216342
    outer loop
        vertex 159.95149 3.9393067 24.305819
        vertex 156.95056 3.9393067 24.305826
        vertex 156.95245 3.8638022 23.965086
    endloop
endfacet
facet normal 0 -0.97631663 0.21634662
    outer loop
        vertex 159.95149 3.9393067 24.305819
        vertex 156.95245 3.8638022 23.965086
        vertex 159.95334 3.8638022 23.965086
    endloop
endfacet
facet normal 0 -0.95375067 0.3005991
    outer loop
        vertex 156.95245 3.8638022 23.965086
        vertex 156.95499 3.7589526 23.632416
        vertex 159.95334 3.8638022 23.965086
    endloop
endfacet
facet normal 0.00000076 -0.95375258 0.30059278
    outer loop
        vertex 156.95499 3.7589526 23.632416
        vertex 159.95583 3.7589526 23.632408
        vertex 159.95334 3.8638022 23.965086
    endloop
endfacet
facet normal 0.00000097 -0.92392302 0.38257849
    outer loop
        vertex 156.95813 3.6253855 23.309853
        vertex 159.95583 3.7589526 23.632408
        vertex 156.95499 3.7589526 23.632416
    endloop
endfacet
facet normal -0.00000164 -0.92391443 0.38259917
    outer loop
        vertex 159.95892 3.6253786 23.309849
        vertex 159.95583 3.7589526 23.632408
        vertex 156.95813 3.6253855 23.309853
    endloop
endfacet
facet normal 0.00000147 -0.88706094 0.46165228
    outer loop
        vertex 159.9625 3.46431 23.000357
        vertex 159.95892 3.6253786 23.309849
        vertex 156.96176 3.46431 23.000366
    endloop
endfacet
facet normal 0.00000171 -0.84343719 0.53722781
    outer loop
        vertex 159.9625 3.46431 23.000357
        vertex 156.96176 3.46431 23.000366
        vertex 156.9658 3.276735 22.705877
    endloop
endfacet
facet normal -0.0000007 -0.84342611 0.53724521
    outer loop
        vertex 159.9625 3.46431 23.000357
        vertex 156.9658 3.276735 22.705877
        vertex 159.96645 3.2767253 22.705866
    endloop
endfacet
facet normal -0.00000026 -0.79338604 0.60871887
    outer loop
        vertex 156.9658 3.276735 22.705877
        vertex 156.9701 3.0643141 22.429014
        vertex 159.96645 3.2767253 22.705866
    endloop
endfacet
facet normal -0.00000056 -0.79338443 0.6087209
    outer loop
        vertex 156.9701 3.0643141 22.429014
        vertex 159.97066 3.0643003 22.428999
        vertex 159.96645 3.2767253 22.705866
    endloop
endfacet
facet normal 0.00000004 -0.73730302 0.6755622
    outer loop
        vertex 156.97452 2.8284802 22.171627
        vertex 159.97066 3.0643003 22.428999
        vertex 156.9701 3.0643141 22.429014
    endloop
endfacet
facet normal 0.00000079 -0.73730737 0.67555743
    outer loop
        vertex 159.975 2.8285341 22.171682
        vertex 159.97066 3.0643003 22.428999
        vertex 156.97452 2.8284802 22.171627
    endloop
endfacet
facet normal -0.00000146 -0.67561162 0.73725772
    outer loop
        vertex 159.975 2.8285341 22.171682
        vertex 156.97452 2.8284802 22.171627
        vertex 156.97894 2.571221 21.935879
    endloop
endfacet
facet normal -0.00000021 -0.67561954 0.73725051
    outer loop
        vertex 159.975 2.8285341 22.171682
        vertex 156.97894 2.571221 21.935879
        vertex 159.97934 2.5712826 21.935936
    endloop
endfacet
facet normal 0.00000127 -0.53729808 0.84339237
    outer loop
        vertex 159.98749 2.0000174 21.535908
        vertex 159.98355 2.2942448 21.72335
        vertex 156.98726 1.9999474 21.535868
    endloop
endfacet
facet normal 0.00000095 -0.3826215 0.92390513
    outer loop
        vertex 156.99405 1.3679382 21.241177
        vertex 159.99107 1.6901133 21.374598
        vertex 156.9909 1.6900368 21.374569
    endloop
endfacet
facet normal 0.00000051 -0.30062684 0.95374185
    outer loop
        vertex 156.9966 1.0345901 21.136112
        vertex 159.99666 1.0346618 21.136133
        vertex 159.99416 1.3680099 21.241207
    endloop
endfacet
facet normal -0.00000203 -0.04897599 0.99879998
    outer loop
        vertex 156.99951 0.3913511 21.01919
        vertex 157 -0 21
        vertex 159.99953 0.39142114 21.0192
    endloop
endfacet
facet normal 0.00000152 0.07072128 0.99749613
    outer loop
        vertex 157 -0 21
        vertex 156.999 -0.56438565 21.040014
        vertex 159.999 -0.5643156 21.040005
    endloop
endfacet
facet normal -0.00000147 0.27970001 0.96008742
    outer loop
        vertex 159.99718 -0.95040506 21.11455
        vertex 156.99713 -0.95046663 21.114563
        vertex 159.99484 -1.2850204 21.212032
    endloop
endfacet
facet normal -0.00000075 0.36232549 0.93205166
    outer loop
        vertex 159.99484 -1.2850204 21.212032
        vertex 156.99475 -1.2850806 21.212053
        vertex 159.9919 -1.610836 21.33869
    endloop
endfacet
facet normal 0.00000151 0.44224212 0.89689577
    outer loop
        vertex 159.98843 -1.9235673 21.49288
        vertex 156.99173 -1.610896 21.338713
        vertex 156.98822 -1.9236189 21.49291
    endloop
endfacet
facet normal 0.00000113 0.51872873 0.85493886
    outer loop
        vertex 159.98457 -2.222228 21.674086
        vertex 156.98822 -1.9236189 21.49291
        vertex 156.98427 -2.222278 21.67412
    endloop
endfacet
facet normal -0.000002 0.65934175 0.75184345
    outer loop
        vertex 159.97609 -2.7660968 22.110584
        vertex 159.98041 -2.5036514 21.880428
        vertex 156.98004 -2.503693 21.880457
    endloop
endfacet
facet normal -0.00000021 0.72238439 0.69149178
    outer loop
        vertex 156.97119 -3.007425 22.362692
        vertex 159.97173 -3.007415 22.362682
        vertex 156.97563 -2.7661371 22.110624
    endloop
endfacet
facet normal 0.00000095 0.83151221 0.55550659
    outer loop
        vertex 156.96684 -3.225969 22.635025
        vertex 159.96346 -3.4197829 22.92513
        vertex 159.96747 -3.2259674 22.635017
    endloop
endfacet
facet normal -0.00000091 0.87676793 0.48091379
    outer loop
        vertex 156.96275 -3.4197915 22.92514
        vertex 156.95901 -3.5876744 23.231213
        vertex 159.95978 -3.587666 23.231203
    endloop
endfacet
facet normal -0.00000243 0.94696099 0.32134858
    outer loop
        vertex 159.95656 -3.7281806 23.550642
        vertex 156.95573 -3.728189 23.550644
        vertex 159.9539 -3.840336 23.881145
    endloop
endfacet
facet normal 0 0.97137189 0.23756421
    outer loop
        vertex 159.95189 -3.9232447 24.220152
        vertex 156.95302 -3.8403358 23.881147
        vertex 156.95097 -3.9232447 24.220152
    endloop
endfacet
facet normal 0 0.99994141 0.01082308
    outer loop
        vertex 156.94905 -3.9990628 24.91341
        vertex 156.94904 -4 25
        vertex 159.94998 -4 25
    endloop
endfacet
facet normal 0.00000004 0.99786735 0.06527421
    outer loop
        vertex 159.95058 -3.9762635 24.56487
        vertex 156.94965 -3.9762635 24.564873
        vertex 159.95001 -3.9990628 24.91341
    endloop
endfacet
facet normal -0.21854225 0.97479981 -0.04477322
    outer loop
        vertex 154.45152 30.52561 85
        vertex 154.02287 30.42951 85
        vertex 154.01976 30.44525 85.35787
    endloop
endfacet
facet normal -0.21853735 0.97480112 -0.044767
    outer loop
        vertex 154.45152 30.52561 85
        vertex 154.01976 30.44525 85.35787
        vertex 156.94803 31.101728 85.35788
    endloop
endfacet
facet normal -0.21678042 0.96696526 -0.13410543
    outer loop
        vertex 154.01976 30.44525 85.35787
        vertex 154.0104 30.49253 85.71391
        vertex 156.94803 31.101728 85.35788
    endloop
endfacet
facet normal -0.21327823 0.95133352 -0.22243416
    outer loop
        vertex 156.93866 31.149008 85.71391
        vertex 153.99489 30.570839 86.06373
        vertex 156.92308 31.227308 86.063736
    endloop
endfacet
facet normal -0.20805886 0.9280535 -0.30891481
    outer loop
        vertex 153.99489 30.570839 86.06373
        vertex 153.97325 30.679607 86.40507
        vertex 156.92308 31.227308 86.063736
    endloop
endfacet
facet normal -0.20116276 0.8972913 -0.39293987
    outer loop
        vertex 153.97325 30.679607 86.40507
        vertex 153.9456 30.81803 86.73531
        vertex 156.9014 31.336065 86.40507
    endloop
endfacet
facet normal -0.20116237 0.89729649 -0.39292842
    outer loop
        vertex 153.9456 30.81803 86.73531
        vertex 156.8737 31.474472 86.73531
        vertex 156.9014 31.336065 86.40507
    endloop
endfacet
facet normal -0.19264255 0.85930037 -0.47380561
    outer loop
        vertex 153.91212 30.984743 87.05127
        vertex 156.84016 31.641167 87.05127
        vertex 156.8737 31.474472 86.73531
    endloop
endfacet
facet normal -0.18257563 0.8143959 -0.55084056
    outer loop
        vertex 153.87297 31.17871 87.35102
        vertex 156.84016 31.641167 87.05127
        vertex 153.91212 30.984743 87.05127
    endloop
endfacet
facet normal -0.17103711 0.76292437 -0.62345231
    outer loop
        vertex 153.82835 31.398031 87.631645
        vertex 156.8009 31.83512 87.35103
        vertex 153.87297 31.17871 87.35102
    endloop
endfacet
facet normal -0.17103702 0.76292133 -0.62345594
    outer loop
        vertex 156.75623 32.05443 87.63165
        vertex 156.8009 31.83512 87.35103
        vertex 153.82835 31.398031 87.631645
    endloop
endfacet
facet normal -0.12857902 0.57354695 -0.80901867
    outer loop
        vertex 153.7238 31.90596 88.12738
        vertex 153.66454 32.190277 88.33836
        vertex 156.6515 32.56232 88.127396
    endloop
endfacet
facet normal -0.14392701 0.64198613 -0.75308615
    outer loop
        vertex 153.7238 31.90596 88.12738
        vertex 156.70631 32.297527 87.891174
        vertex 153.77853 31.641148 87.891174
    endloop
endfacet
facet normal -0.12857769 0.57352883 -0.8090319
    outer loop
        vertex 153.66454 32.190277 88.33836
        vertex 156.59215 32.84659 88.33835
        vertex 156.6515 32.56232 88.127396
    endloop
endfacet
facet normal -0.11219411 0.50047249 -0.85845202
    outer loop
        vertex 153.60104 32.491806 88.52243
        vertex 156.52863 33.14805 88.5224
        vertex 156.59215 32.84659 88.33835
    endloop
endfacet
facet normal -0.09489928 0.4233188 -0.90099692
    outer loop
        vertex 153.53372 32.808487 88.67831
        vertex 156.46121 33.464737 88.67829
        vertex 156.52863 33.14805 88.5224
    endloop
endfacet
facet normal -0.07684676 0.34279257 -0.93626273
    outer loop
        vertex 153.4632 33.136806 88.8043
        vertex 156.39063 33.793053 88.80429
        vertex 156.46121 33.464737 88.67829
    endloop
endfacet
facet normal -0.05816833 0.25947016 -0.96399772
    outer loop
        vertex 153.38968 33.475433 88.89988
        vertex 156.39063 33.793053 88.80429
        vertex 153.4632 33.136806 88.8043
    endloop
endfacet
facet normal -0.04024116 0.17950253 -0.98293412
    outer loop
        vertex 153.32367 33.776516 88.957565
        vertex 156.31708 34.13166 88.89987
        vertex 153.38968 33.475433 88.89988
    endloop
endfacet
facet normal -0.0402405 0.17949675 -0.98293519
    outer loop
        vertex 156.25102 34.432743 88.95756
        vertex 156.31708 34.13166 88.89987
        vertex 153.32367 33.776516 88.957565
    endloop
endfacet
facet normal -0.01593377 0.07107376 -0.99734384
    outer loop
        vertex 156.12494 35.00005 89
        vertex 156.25102 34.432743 88.95756
        vertex 153.1976 34.34378 89
    endloop
endfacet
facet normal 0.02448314 -0.1092089 -0.99371731
    outer loop
        vertex 156.12494 35.00005 89
        vertex 153.1976 34.34378 89
        vertex 155.9279 35.86766 88.899796
    endloop
endfacet
facet normal 0.05816575 -0.25944927 -0.9640035
    outer loop
        vertex 155.9279 35.86766 88.899796
        vertex 153.0005 35.211426 88.89978
        vertex 155.85005 36.20441 88.80447
    endloop
endfacet
facet normal 0.05816864 -0.25945735 -0.96400124
    outer loop
        vertex 153.0005 35.211426 88.89978
        vertex 152.92262 35.548157 88.80445
        vertex 155.85005 36.20441 88.80447
    endloop
endfacet
facet normal 0.07683276 -0.34273332 -0.9362855
    outer loop
        vertex 152.92262 35.548157 88.80445
        vertex 152.84605 35.87595 88.67818
        vertex 155.77356 36.532124 88.678215
    endloop
endfacet
facet normal 0.09488376 -0.4232696 -0.90102154
    outer loop
        vertex 152.84605 35.87595 88.67818
        vertex 155.69945 36.846725 88.52262
        vertex 155.77356 36.532124 88.678215
    endloop
endfacet
facet normal 0.11218491 -0.50040412 -0.85849303
    outer loop
        vertex 152.77191 36.19042 88.52261
        vertex 155.62811 37.14686 88.338356
        vertex 155.69945 36.846725 88.52262
    endloop
endfacet
facet normal 0.12857682 -0.57352424 -0.80903518
    outer loop
        vertex 152.7005 36.490536 88.33835
        vertex 155.56046 37.429214 88.12744
        vertex 155.62811 37.14686 88.338356
    endloop
endfacet
facet normal 0.12857126 -0.57350981 -0.80904621
    outer loop
        vertex 152.63274 36.77287 88.12744
        vertex 155.56046 37.429214 88.12744
        vertex 152.7005 36.490536 88.33835
    endloop
endfacet
facet normal 0.14391983 -0.64197427 -0.75309771
    outer loop
        vertex 155.49695 37.692123 87.89119
        vertex 155.56046 37.429214 88.12744
        vertex 152.63274 36.77287 88.12744
    endloop
endfacet
facet normal 0.15812401 -0.70531201 -0.69103676
    outer loop
        vertex 155.43834 37.933178 87.631744
        vertex 155.49695 37.692123 87.89119
        vertex 152.56917 37.03575 87.89118
    endloop
endfacet
facet normal 0.19264452 -0.85930508 -0.47379616
    outer loop
        vertex 155.29692 38.50798 86.73507
        vertex 152.4098 37.686237 87.05154
        vertex 152.36884 37.851543 86.73507
    endloop
endfacet
facet normal 0.19263828 -0.85929275 -0.47382104
    outer loop
        vertex 155.33783 38.342636 87.05156
        vertex 152.4098 37.686237 87.05154
        vertex 155.29692 38.50798 86.73507
    endloop
endfacet
facet normal 0.21853618 -0.97480059 -0.04478705
    outer loop
        vertex 155.20114 38.892227 85
        vertex 152.27678 38.22018 85.35797
        vertex 152.27286 38.23575 85
    endloop
endfacet
facet normal 0.21853858 -0.97480088 -0.04476834
    outer loop
        vertex 155.20505 38.876663 85.35796
        vertex 152.27678 38.22018 85.35797
        vertex 155.20114 38.892227 85
    endloop
endfacet
facet normal 0.21678093 -0.96696186 -0.13412918
    outer loop
        vertex 152.28851 38.17343 85.71396
        vertex 152.27678 38.22018 85.35797
        vertex 155.20505 38.876663 85.35796
    endloop
endfacet
facet normal 0.21677873 -0.96696031 -0.13414431
    outer loop
        vertex 152.28851 38.17343 85.71396
        vertex 155.20505 38.876663 85.35796
        vertex 155.21674 38.829895 85.713974
    endloop
endfacet
facet normal 0.2132775 -0.95134085 -0.22240344
    outer loop
        vertex 152.28851 38.17343 85.71396
        vertex 155.21674 38.829895 85.713974
        vertex 152.30788 38.096046 86.063545
    endloop
endfacet
facet normal 0.21327594 -0.95133901 -0.22241266
    outer loop
        vertex 155.21674 38.829895 85.713974
        vertex 155.2361 38.75251 86.063545
        vertex 152.30788 38.096046 86.063545
    endloop
endfacet
facet normal 0.20805575 -0.9280538 -0.30891573
    outer loop
        vertex 155.2361 38.75251 86.063545
        vertex 152.33478 37.98834 86.40524
        vertex 152.30788 38.096046 86.063545
    endloop
endfacet
facet normal 0.20805921 -0.92805904 -0.30889764
    outer loop
        vertex 155.26294 38.64479 86.40526
        vertex 152.33478 37.98834 86.40524
        vertex 155.2361 38.75251 86.063545
    endloop
endfacet
facet normal 0.20116343 -0.89729768 -0.39292502
    outer loop
        vertex 152.36884 37.851543 86.73507
        vertex 152.33478 37.98834 86.40524
        vertex 155.26294 38.64479 86.40526
    endloop
endfacet
facet normal 0.201161 -0.89729351 -0.39293611
    outer loop
        vertex 152.36884 37.851543 86.73507
        vertex 155.26294 38.64479 86.40526
        vertex 155.29692 38.50798 86.73507
    endloop
endfacet
facet normal -0.15811811 0.70528549 -0.69106519
    outer loop
        vertex 156.70631 32.297527 87.891174
        vertex 156.75623 32.05443 87.63165
        vertex 153.77853 31.641148 87.891174
    endloop
endfacet
facet normal 0.18256877 -0.81437266 -0.55087739
    outer loop
        vertex 152.4098 37.686237 87.05154
        vertex 155.33783 38.342636 87.05156
        vertex 152.45714 37.49433 87.35092
    endloop
endfacet
facet normal 0.18257764 -0.81439173 -0.55084622
    outer loop
        vertex 155.33783 38.342636 87.05156
        vertex 155.38507 38.15074 87.35092
        vertex 152.45714 37.49433 87.35092
    endloop
endfacet
facet normal 0.17103797 -0.76291883 -0.62345892
    outer loop
        vertex 155.38507 38.15074 87.35092
        vertex 152.51047 37.2768 87.631744
        vertex 152.45714 37.49433 87.35092
    endloop
endfacet
facet normal 0.17102893 -0.76289797 -0.62348688
    outer loop
        vertex 155.43834 37.933178 87.631744
        vertex 152.51047 37.2768 87.631744
        vertex 155.38507 38.15074 87.35092
    endloop
endfacet
facet normal 0.1581133 -0.70528609 -0.69106561
    outer loop
        vertex 152.56917 37.03575 87.89118
        vertex 152.51047 37.2768 87.631744
        vertex 155.43834 37.933178 87.631744
    endloop
endfacet
facet normal 0.1439309 -0.64200217 -0.7530719
    outer loop
        vertex 152.56917 37.03575 87.89118
        vertex 155.49695 37.692123 87.89119
        vertex 152.63274 36.77287 88.12744
    endloop
endfacet
facet normal 0.11218412 -0.50040197 -0.8584944
    outer loop
        vertex 152.77191 36.19042 88.52261
        vertex 152.7005 36.490536 88.33835
        vertex 155.62811 37.14686 88.338356
    endloop
endfacet
facet normal 0.09490661 -0.42333168 -0.90099001
    outer loop
        vertex 152.84605 35.87595 88.67818
        vertex 152.77191 36.19042 88.52261
        vertex 155.69945 36.846725 88.52262
    endloop
endfacet
facet normal 0.0768434 -0.34276268 -0.93627387
    outer loop
        vertex 155.85005 36.20441 88.80447
        vertex 152.92262 35.548157 88.80445
        vertex 155.77356 36.532124 88.678215
    endloop
endfacet
facet normal 0.02448878 -0.10921892 -0.99371606
    outer loop
        vertex 155.9279 35.86766 88.899796
        vertex 153.1976 34.34378 89
        vertex 153.0005 35.211426 88.89978
    endloop
endfacet
facet normal -0.01593355 0.07106612 -0.99734437
    outer loop
        vertex 153.1976 34.34378 89
        vertex 156.25102 34.432743 88.95756
        vertex 153.32367 33.776516 88.957565
    endloop
endfacet
facet normal -0.05816915 0.25947869 -0.9639954
    outer loop
        vertex 153.38968 33.475433 88.89988
        vertex 156.31708 34.13166 88.89987
        vertex 156.39063 33.793053 88.80429
    endloop
endfacet
facet normal -0.07684583 0.34278271 -0.93626636
    outer loop
        vertex 153.53372 32.808487 88.67831
        vertex 153.4632 33.136806 88.8043
        vertex 156.46121 33.464737 88.67829
    endloop
endfacet
facet normal -0.09489887 0.42331421 -0.90099913
    outer loop
        vertex 153.60104 32.491806 88.52243
        vertex 153.53372 32.808487 88.67831
        vertex 156.52863 33.14805 88.5224
    endloop
endfacet
facet normal -0.11219059 0.50042963 -0.85847747
    outer loop
        vertex 153.66454 32.190277 88.33836
        vertex 153.60104 32.491806 88.52243
        vertex 156.59215 32.84659 88.33835
    endloop
endfacet
facet normal -0.14392871 0.64201307 -0.75306284
    outer loop
        vertex 156.70631 32.297527 87.891174
        vertex 153.7238 31.90596 88.12738
        vertex 156.6515 32.56232 88.127396
    endloop
endfacet
facet normal -0.15811884 0.70530039 -0.69104987
    outer loop
        vertex 156.75623 32.05443 87.63165
        vertex 153.82835 31.398031 87.631645
        vertex 153.77853 31.641148 87.891174
    endloop
endfacet
facet normal -0.18257561 0.81439143 -0.55084723
    outer loop
        vertex 156.8009 31.83512 87.35103
        vertex 156.84016 31.641167 87.05127
        vertex 153.87297 31.17871 87.35102
    endloop
endfacet
facet normal -0.19264273 0.85929406 -0.47381693
    outer loop
        vertex 153.91212 30.984743 87.05127
        vertex 156.8737 31.474472 86.73531
        vertex 153.9456 30.81803 86.73531
    endloop
endfacet
facet normal -0.20805901 0.92805231 -0.30891824
    outer loop
        vertex 153.97325 30.679607 86.40507
        vertex 156.9014 31.336065 86.40507
        vertex 156.92308 31.227308 86.063736
    endloop
endfacet
facet normal -0.21853735 0.97480124 -0.04476708
    outer loop
        vertex 156.94803 31.101728 85.35788
        vertex 156.95114 31.08599 85
        vertex 154.45152 30.52561 85
    endloop
endfacet
facet normal -0.21678105 0.96696424 -0.13411231
    outer loop
        vertex 156.93866 31.149008 85.71391
        vertex 156.94803 31.101728 85.35788
        vertex 154.0104 30.49253 85.71391
    endloop
endfacet
facet normal -0.21327744 0.95133621 -0.22242311
    outer loop
        vertex 153.99489 30.570839 86.06373
        vertex 156.93866 31.149008 85.71391
        vertex 154.0104 30.49253 85.71391
    endloop
endfacet
facet normal -0.21871302 0.97558439 0.01999272
    outer loop
        vertex 156.95052 31.089132 84.839874
        vertex 154.02225 30.432653 84.83988
        vertex 154.45152 30.52561 85
    endloop
endfacet
facet normal -0.21871293 0.97558433 0.01999387
    outer loop
        vertex 156.95052 31.089132 84.839874
        vertex 154.45152 30.52561 85
        vertex 156.95114 31.08599 85
    endloop
endfacet
facet normal -0.21476714 0.95798737 0.19009282
    outer loop
        vertex 156.94344 31.124878 84.43827
        vertex 154.0003 30.54352 84.042915
        vertex 154.01518 30.468407 84.43826
    endloop
endfacet
facet normal -0.21476042 0.95800364 0.19001864
    outer loop
        vertex 156.92856 31.199852 84.043465
        vertex 154.0003 30.54352 84.042915
        vertex 156.94344 31.124878 84.43827
    endloop
endfacet
facet normal -0.20950426 0.93449366 0.2878013
    outer loop
        vertex 156.90585 31.31372 83.6572
        vertex 153.9777 30.657207 83.65737
        vertex 156.92856 31.199852 84.043465
    endloop
endfacet
facet normal -0.20211245 0.9015494 0.38256931
    outer loop
        vertex 153.94759 30.808115 83.285835
        vertex 153.9777 30.657207 83.65737
        vertex 156.90585 31.31372 83.6572
    endloop
endfacet
facet normal -0.19267705 0.85945547 0.47351027
    outer loop
        vertex 153.91002 30.995258 82.93087
        vertex 153.94759 30.808115 83.285835
        vertex 156.87567 31.464632 83.28568
    endloop
endfacet
facet normal -0.19267817 0.85943544 0.47354594
    outer loop
        vertex 153.91002 30.995258 82.93087
        vertex 156.87567 31.464632 83.28568
        vertex 156.83801 31.65177 82.930725
    endloop
endfacet
facet normal -0.18128231 0.80860323 0.55972975
    outer loop
        vertex 153.86537 31.216143 82.59728
        vertex 156.83801 31.65177 82.930725
        vertex 156.79327 31.872644 82.59715
    endloop
endfacet
facet normal -0.16805245 0.74961591 0.64018309
    outer loop
        vertex 153.86537 31.216143 82.59728
        vertex 156.79327 31.872644 82.59715
        vertex 153.81389 31.468887 82.28782
    endloop
endfacet
facet normal -0.15311339 0.68299907 0.71419084
    outer loop
        vertex 153.81389 31.468887 82.28782
        vertex 156.7417 32.125374 82.28769
        vertex 153.75597 31.750683 82.00591
    endloop
endfacet
facet normal -0.15311219 0.68296367 0.71422499
    outer loop
        vertex 156.7417 32.125374 82.28769
        vertex 156.68369 32.40716 82.0058
        vertex 153.75597 31.750683 82.00591
    endloop
endfacet
facet normal -0.13662738 0.60943401 0.7809757
    outer loop
        vertex 153.69205 32.058594 81.75443
        vertex 156.68369 32.40716 82.0058
        vertex 156.61969 32.71506 81.75433
    endloop
endfacet
facet normal -0.1187579 0.52975065 0.83979809
    outer loop
        vertex 153.69205 32.058594 81.75443
        vertex 156.61969 32.71506 81.75433
        vertex 153.6226 32.389816 81.535675
    endloop
endfacet
facet normal -0.09968296 0.44466096 0.89013475
    outer loop
        vertex 153.6226 32.389816 81.535675
        vertex 156.55013 33.04627 81.53559
        vertex 153.54828 32.74025 81.352295
    endloop
endfacet
facet normal -0.09968036 0.4446243 0.89015335
    outer loop
        vertex 156.55013 33.04627 81.53559
        vertex 156.47575 33.396698 81.35223
        vertex 153.54828 32.74025 81.352295
    endloop
endfacet
facet normal -0.07960442 0.35510939 0.93142921
    outer loop
        vertex 156.47575 33.396698 81.35223
        vertex 156.39708 33.76324 81.20576
        vertex 153.46954 33.1074 81.2056
    endloop
endfacet
facet normal -0.0587248 0.26194692 0.96329397
    outer loop
        vertex 156.39708 33.76324 81.20576
        vertex 156.31476 34.142292 81.097664
        vertex 153.38737 33.486042 81.09766
    endloop
endfacet
facet normal -0.0383084 0.17087369 0.98454797
    outer loop
        vertex 156.31476 34.142292 81.097664
        vertex 153.31073 33.835217 81.03407
        vertex 153.38737 33.486042 81.09766
    endloop
endfacet
facet normal -0.01427774 0.06367934 0.99786824
    outer loop
        vertex 156.2381 34.49145 81.03408
        vertex 153.1976 34.34378 81
        vertex 153.31073 33.835217 81.03407
    endloop
endfacet
facet normal -0.0142782 0.06368901 0.99786758
    outer loop
        vertex 156.12494 35.00005 81
        vertex 153.1976 34.34378 81
        vertex 156.2381 34.49145 81.03408
    endloop
endfacet
facet normal 0.01758691 -0.07846615 0.99676168
    outer loop
        vertex 155.98337 35.62565 81.05176
        vertex 153.05605 34.969246 81.051735
        vertex 153.1976 34.34378 81
    endloop
endfacet
facet normal 0.04589501 -0.20470954 0.97774613
    outer loop
        vertex 155.89532 36.008972 81.13615
        vertex 153.05605 34.969246 81.051735
        vertex 155.98337 35.62565 81.05176
    endloop
endfacet
facet normal 0.06716479 -0.2995818 0.95170355
    outer loop
        vertex 155.80853 36.38266 81.2599
        vertex 152.96796 35.352573 81.136116
        vertex 155.89532 36.008972 81.13615
    endloop
endfacet
facet normal 0.0671561 -0.29955876 0.95171136
    outer loop
        vertex 152.88112 35.72626 81.259865
        vertex 152.96796 35.352573 81.136116
        vertex 155.80853 36.38266 81.2599
    endloop
endfacet
facet normal 0.08774848 -0.39142358 0.91601735
    outer loop
        vertex 152.79678 36.085155 81.4213
        vertex 152.88112 35.72626 81.259865
        vertex 155.7243 36.741566 81.42136
    endloop
endfacet
facet normal 0.1074618 -0.47933918 0.87102568
    outer loop
        vertex 152.79678 36.085155 81.4213
        vertex 155.7243 36.741566 81.42136
        vertex 155.64333 37.083076 81.619286
    endloop
endfacet
facet normal 0.12607877 -0.56237602 0.81721318
    outer loop
        vertex 152.71574 36.426655 81.619225
        vertex 155.64333 37.083076 81.619286
        vertex 155.56674 37.403095 81.851326
    endloop
endfacet
facet normal 0.18607596 -0.82998967 0.52582598
    outer loop
        vertex 152.39296 37.754307 83.070656
        vertex 152.44377 37.548622 82.72801
        vertex 155.32103 38.410637 83.07047
    endloop
endfacet
facet normal 0.12607172 -0.5623585 0.81722635
    outer loop
        vertex 152.71574 36.426655 81.619225
        vertex 155.56674 37.403095 81.851326
        vertex 152.63907 36.74666 81.85126
    endloop
endfacet
facet normal 0.21847947 -0.97454756 0.05023802
    outer loop
        vertex 152.27286 38.23575 85
        vertex 152.2778 38.21616 84.59851
        vertex 155.20114 38.892227 85
    endloop
endfacet
facet normal 0.21847868 -0.97454739 0.05024372
    outer loop
        vertex 152.2778 38.21616 84.59851
        vertex 155.20605 38.87263 84.59854
        vertex 155.20114 38.892227 85
    endloop
endfacet
facet normal 0.21626669 -0.96468532 0.15036899
    outer loop
        vertex 152.29254 38.157352 84.200035
        vertex 155.20605 38.87263 84.59854
        vertex 152.2778 38.21616 84.59851
    endloop
endfacet
facet normal 0.21627213 -0.96468925 0.15033628
    outer loop
        vertex 155.22076 38.813858 84.20024
        vertex 155.20605 38.87263 84.59854
        vertex 152.29254 38.157352 84.200035
    endloop
endfacet
facet normal 0.21185926 -0.94503748 0.24903782
    outer loop
        vertex 155.22076 38.813858 84.20024
        vertex 152.29254 38.157352 84.200035
        vertex 152.31686 38.06007 83.81018
    endloop
endfacet
facet normal 0.21186295 -0.94504178 0.2490184
    outer loop
        vertex 155.22076 38.813858 84.20024
        vertex 152.31686 38.06007 83.81018
        vertex 155.24507 38.71652 83.81015
    endloop
endfacet
facet normal 0.20531553 -0.91583127 0.34510669
    outer loop
        vertex 152.31686 38.06007 83.81018
        vertex 152.35048 37.925297 83.432526
        vertex 155.24507 38.71652 83.81015
    endloop
endfacet
facet normal 0.2053166 -0.91583282 0.34510177
    outer loop
        vertex 152.35048 37.925297 83.432526
        vertex 155.27863 38.581722 83.432465
        vertex 155.24507 38.71652 83.81015
    endloop
endfacet
facet normal 0.19669437 -0.87736261 0.43765989
    outer loop
        vertex 152.39296 37.754307 83.070656
        vertex 155.27863 38.581722 83.432465
        vertex 152.35048 37.925297 83.432526
    endloop
endfacet
facet normal 0.19668578 -0.87734753 0.43769383
    outer loop
        vertex 155.32103 38.410637 83.07047
        vertex 155.27863 38.581722 83.432465
        vertex 152.39296 37.754307 83.070656
    endloop
endfacet
facet normal 0.18607268 -0.82998312 0.52583742
    outer loop
        vertex 155.37172 38.205097 82.72811
        vertex 155.32103 38.410637 83.07047
        vertex 152.44377 37.548622 82.72801
    endloop
endfacet
facet normal 0.17356035 -0.77418941 0.60869336
    outer loop
        vertex 155.37172 38.205097 82.72811
        vertex 152.44377 37.548622 82.72801
        vertex 152.5022 37.31061 82.40863
    endloop
endfacet
facet normal 0.17356716 -0.77420396 0.60867292
    outer loop
        vertex 155.37172 38.205097 82.72811
        vertex 152.5022 37.31061 82.40863
        vertex 155.43005 37.967068 82.408714
    endloop
endfacet
facet normal 0.15928969 -0.71053481 0.68539554
    outer loop
        vertex 152.5022 37.31061 82.40863
        vertex 152.56758 37.042328 82.11531
        vertex 155.43005 37.967068 82.408714
    endloop
endfacet
facet normal 0.159307 -0.71057421 0.68535066
    outer loop
        vertex 152.56758 37.042328 82.11531
        vertex 155.49535 37.698776 82.11537
        vertex 155.43005 37.967068 82.408714
    endloop
endfacet
facet normal 0.14341514 -0.63970286 0.75512409
    outer loop
        vertex 152.63907 36.74666 81.85126
        vertex 155.49535 37.698776 82.11537
        vertex 152.56758 37.042328 82.11531
    endloop
endfacet
facet normal 0.14341517 -0.63970292 0.75512397
    outer loop
        vertex 155.56674 37.403095 81.851326
        vertex 155.49535 37.698776 82.11537
        vertex 152.63907 36.74666 81.85126
    endloop
endfacet
facet normal 0.10745566 -0.47932354 0.87103516
    outer loop
        vertex 152.79678 36.085155 81.4213
        vertex 155.64333 37.083076 81.619286
        vertex 152.71574 36.426655 81.619225
    endloop
endfacet
facet normal 0.08776399 -0.39146399 0.91599858
    outer loop
        vertex 152.88112 35.72626 81.259865
        vertex 155.80853 36.38266 81.2599
        vertex 155.7243 36.741566 81.42136
    endloop
endfacet
facet normal 0.04588616 -0.20468579 0.97775161
    outer loop
        vertex 152.96796 35.352573 81.136116
        vertex 153.05605 34.969246 81.051735
        vertex 155.89532 36.008972 81.13615
    endloop
endfacet
facet normal 0.01759493 -0.0784835 0.99676013
    outer loop
        vertex 155.98337 35.62565 81.05176
        vertex 153.1976 34.34378 81
        vertex 156.12494 35.00005 81
    endloop
endfacet
facet normal -0.03830894 0.17087919 0.9845469
    outer loop
        vertex 156.2381 34.49145 81.03408
        vertex 153.31073 33.835217 81.03407
        vertex 156.31476 34.142292 81.097664
    endloop
endfacet
facet normal -0.05871865 0.26187202 0.96331471
    outer loop
        vertex 156.39708 33.76324 81.20576
        vertex 153.38737 33.486042 81.09766
        vertex 153.46954 33.1074 81.2056
    endloop
endfacet
facet normal -0.07960317 0.355093 0.9314357
    outer loop
        vertex 156.47575 33.396698 81.35223
        vertex 153.46954 33.1074 81.2056
        vertex 153.54828 32.74025 81.352295
    endloop
endfacet
facet normal -0.11875541 0.52971017 0.8398239
    outer loop
        vertex 156.61969 32.71506 81.75433
        vertex 156.55013 33.04627 81.53559
        vertex 153.6226 32.389816 81.535675
    endloop
endfacet
facet normal -0.13662888 0.60946417 0.78095192
    outer loop
        vertex 153.75597 31.750683 82.00591
        vertex 156.68369 32.40716 82.0058
        vertex 153.69205 32.058594 81.75443
    endloop
endfacet
facet normal -0.16805238 0.74960959 0.6401906
    outer loop
        vertex 153.81389 31.468887 82.28782
        vertex 156.79327 31.872644 82.59715
        vertex 156.7417 32.125374 82.28769
    endloop
endfacet
facet normal -0.18128192 0.8086282 0.55969399
    outer loop
        vertex 153.86537 31.216143 82.59728
        vertex 153.91002 30.995258 82.93087
        vertex 156.83801 31.65177 82.930725
    endloop
endfacet
facet normal -0.20211498 0.90152776 0.3826189
    outer loop
        vertex 156.87567 31.464632 83.28568
        vertex 153.94759 30.808115 83.285835
        vertex 156.90585 31.31372 83.6572
    endloop
endfacet
facet normal -0.20950675 0.93448228 0.28783616
    outer loop
        vertex 156.92856 31.199852 84.043465
        vertex 153.9777 30.657207 83.65737
        vertex 154.0003 30.54352 84.042915
    endloop
endfacet
facet normal -0.21871784 0.97558302 0.02000644
    outer loop
        vertex 154.02225 30.432653 84.83988
        vertex 154.02287 30.42951 85
        vertex 154.45152 30.52561 85
    endloop
endfacet
facet normal -0.21786124 0.97178996 0.09033709
    outer loop
        vertex 156.94344 31.124878 84.43827
        vertex 154.01518 30.468407 84.43826
        vertex 156.95052 31.089132 84.839874
    endloop
endfacet
facet normal -0.21786198 0.97178918 0.09034378
    outer loop
        vertex 154.01518 30.468407 84.43826
        vertex 154.02225 30.432653 84.83988
        vertex 156.95052 31.089132 84.839874
    endloop
endfacet
facet normal -0.21874939 0.97572362 -0.01058611
    outer loop
        vertex 154.45152 30.52561 55
        vertex 154.02287 30.42951 55
        vertex 154.02269 30.430386 55.084476
    endloop
endfacet
facet normal -0.23185319 0.96906388 -0.08461286
    outer loop
        vertex 154.45152 30.52561 55
        vertex 154.02269 30.430386 55.084476
        vertex 154.01433 30.47265 55.591446
    endloop
endfacet
facet normal -0.21815497 0.973095 -0.07412623
    outer loop
        vertex 154.45152 30.52561 55
        vertex 154.01433 30.47265 55.591446
        vertex 156.9426 31.12913 55.591446
    endloop
endfacet
facet normal -0.2147816 0.95804787 -0.18977159
    outer loop
        vertex 154.01433 30.47265 55.591446
        vertex 154.0018 30.535961 55.925243
        vertex 156.9426 31.12913 55.591446
    endloop
endfacet
facet normal -0.21048816 0.93889672 -0.27233747
    outer loop
        vertex 156.93001 31.192423 55.925243
        vertex 153.9838 30.626556 56.251503
        vertex 156.91199 31.283018 56.251503
    endloop
endfacet
facet normal -0.20467594 0.91297102 -0.35297543
    outer loop
        vertex 153.9838 30.626556 56.251503
        vertex 153.96034 30.744328 56.569717
        vertex 156.91199 31.283018 56.251503
    endloop
endfacet
facet normal -0.19738446 0.88045663 -0.43108642
    outer loop
        vertex 153.96034 30.744328 56.569717
        vertex 153.93161 30.887808 56.87592
        vertex 156.88847 31.400766 56.569714
    endloop
endfacet
facet normal -0.19738497 0.88044155 -0.4311167
    outer loop
        vertex 153.93161 30.887808 56.87592
        vertex 156.85966 31.544317 56.87607
        vertex 156.88847 31.400766 56.569714
    endloop
endfacet
facet normal -0.18867461 0.84159845 -0.50607693
    outer loop
        vertex 153.8977 31.0564 57.16894
        vertex 156.8257 31.712763 57.168854
        vertex 156.85966 31.544317 56.87607
    endloop
endfacet
facet normal -0.17860687 0.79667735 -0.57741219
    outer loop
        vertex 153.85878 31.248625 57.4462
        vertex 156.8257 31.712763 57.168854
        vertex 153.8977 31.0564 57.16894
    endloop
endfacet
facet normal -0.16725019 0.74601877 -0.64457989
    outer loop
        vertex 153.81506 31.463123 57.7058
        vertex 156.78673 31.904943 57.446087
        vertex 153.85878 31.248625 57.4462
    endloop
endfacet
facet normal -0.16725104 0.74603713 -0.64455855
    outer loop
        vertex 156.74292 32.119415 57.705692
        vertex 156.78673 31.904943 57.446087
        vertex 153.81506 31.463123 57.7058
    endloop
endfacet
facet normal -0.12631132 0.56341451 -0.81646156
    outer loop
        vertex 153.7141 31.952736 58.164886
        vertex 153.65742 32.224148 58.360947
        vertex 156.64182 32.608982 58.164806
    endloop
endfacet
facet normal -0.14100471 0.62894613 -0.76455498
    outer loop
        vertex 153.7141 31.952736 58.164886
        vertex 156.69453 32.354645 57.945835
        vertex 153.76675 31.698376 57.94593
    endloop
endfacet
facet normal -0.12631197 0.56342238 -0.81645602
    outer loop
        vertex 153.65742 32.224148 58.360947
        vertex 156.58507 32.88037 58.360867
        vertex 156.64182 32.608982 58.164806
    endloop
endfacet
facet normal -0.11071292 0.49384835 -0.86247116
    outer loop
        vertex 153.59705 32.510765 58.532795
        vertex 156.52461 33.166965 58.53273
        vertex 156.58507 32.88037 58.360867
    endloop
endfacet
facet normal -0.09430022 0.42062098 -0.90232229
    outer loop
        vertex 153.53326 32.810608 58.679234
        vertex 156.52461 33.166965 58.53273
        vertex 153.59705 32.510765 58.532795
    endloop
endfacet
facet normal -0.07722736 0.34449247 -0.93560719
    outer loop
        vertex 153.4666 33.121014 58.799015
        vertex 156.39406 33.77718 58.798977
        vertex 156.46077 33.46679 58.679184
    endloop
endfacet
facet normal -0.05957419 0.26573202 -0.96220452
    outer loop
        vertex 153.3972 33.440956 58.89167
        vertex 156.39406 33.77718 58.798977
        vertex 153.4666 33.121014 58.799015
    endloop
endfacet
facet normal -0.04036581 0.18004501 -0.98282975
    outer loop
        vertex 153.31693 33.80707 58.962036
        vertex 156.32463 34.097115 58.89164
        vertex 153.3972 33.440956 58.89167
    endloop
endfacet
facet normal -0.04036805 0.18006933 -0.98282522
    outer loop
        vertex 156.24431 34.46323 58.962017
        vertex 156.32463 34.097115 58.89164
        vertex 153.31693 33.80707 58.962036
    endloop
endfacet
facet normal -0.0150733 0.06723559 -0.99762332
    outer loop
        vertex 156.12494 35.00005 59
        vertex 156.24431 34.46323 58.962017
        vertex 153.1976 34.34378 59
    endloop
endfacet
facet normal 0.02316491 -0.10332885 -0.99437737
    outer loop
        vertex 156.12494 35.00005 59
        vertex 153.1976 34.34378 59
        vertex 155.9385 35.821537 58.910294
    endloop
endfacet
facet normal 0.05509428 -0.24576205 -0.96776319
    outer loop
        vertex 155.9385 35.821537 58.910294
        vertex 153.0111 35.165382 58.910267
        vertex 155.86469 36.141365 58.82487
    endloop
endfacet
facet normal 0.05510144 -0.24578249 -0.9677577
    outer loop
        vertex 153.0111 35.165382 58.910267
        vertex 152.93726 35.48519 58.82484
        vertex 155.86469 36.141365 58.82487
    endloop
endfacet
facet normal 0.0728585 -0.32499081 -0.94290644
    outer loop
        vertex 152.93726 35.48519 58.82484
        vertex 152.86444 35.7975 58.71157
        vertex 155.79193 36.453693 58.71161
    endloop
endfacet
facet normal 0.09008985 -0.4018673 -0.91125554
    outer loop
        vertex 152.86444 35.7975 58.71157
        vertex 155.72119 36.754772 58.57184
        vertex 155.79193 36.453693 58.71161
    endloop
endfacet
facet normal 0.1066716 -0.47582439 -0.87304777
    outer loop
        vertex 152.79362 36.09856 58.571785
        vertex 155.6528 37.043278 58.406242
        vertex 155.72119 36.754772 58.57184
    endloop
endfacet
facet normal 0.10668121 -0.47585073 -0.87303215
    outer loop
        vertex 152.72519 36.387047 58.40618
        vertex 155.6528 37.043278 58.406242
        vertex 152.79362 36.09856 58.571785
    endloop
endfacet
facet normal 0.1224983 -0.54640764 -0.82851243
    outer loop
        vertex 152.6597 36.660816 58.215946
        vertex 155.58739 37.317066 58.216015
        vertex 152.72519 36.387047 58.40618
    endloop
endfacet
facet normal 0.13742311 -0.61299604 -0.77804297
    outer loop
        vertex 155.52554 37.57394 58.00271
        vertex 155.58739 37.317066 58.216015
        vertex 152.6597 36.660816 58.215946
    endloop
endfacet
facet normal 0.13742991 -0.61301374 -0.77802771
    outer loop
        vertex 155.52554 37.57394 58.00271
        vertex 152.6597 36.660816 58.215946
        vertex 152.59778 36.91766 58.00264
    endloop
endfacet
facet normal 0.15137227 -0.67520356 -0.72193253
    outer loop
        vertex 155.46777 37.812317 57.767662
        vertex 152.59778 36.91766 58.00264
        vertex 152.53992 37.156013 57.767582
    endloop
endfacet
facet normal 0.1953415 -0.87132907 -0.45014134
    outer loop
        vertex 155.28705 38.547813 56.64713
        vertex 152.39581 37.74277 56.950764
        vertex 152.35893 37.891365 56.64713
    endloop
endfacet
facet normal 0.19533896 -0.87132412 -0.45015216
    outer loop
        vertex 155.32387 38.39918 56.9508
        vertex 152.39581 37.74277 56.950764
        vertex 155.28705 38.547813 56.64713
    endloop
endfacet
facet normal 0.21855947 -0.97490436 -0.04234685
    outer loop
        vertex 155.20114 38.892227 55
        vertex 152.27637 38.22183 55.338573
        vertex 152.27286 38.23575 55
    endloop
endfacet
facet normal 0.21856046 -0.97490454 -0.04233852
    outer loop
        vertex 155.20464 38.878307 55.338562
        vertex 152.27637 38.22183 55.338573
        vertex 155.20114 38.892227 55
    endloop
endfacet
facet normal 0.21698809 -0.96789223 -0.12688944
    outer loop
        vertex 152.28685 38.179985 55.675674
        vertex 152.27637 38.22183 55.338573
        vertex 155.20464 38.878307 55.338562
    endloop
endfacet
facet normal 0.2169874 -0.96789169 -0.12689425
    outer loop
        vertex 152.28685 38.179985 55.675674
        vertex 155.20464 38.878307 55.338562
        vertex 155.2151 38.836456 55.675682
    endloop
endfacet
facet normal 0.21385112 -0.95390111 -0.21057148
    outer loop
        vertex 152.28685 38.179985 55.675674
        vertex 155.2151 38.836456 55.675682
        vertex 152.30421 38.11068 56.007267
    endloop
endfacet
facet normal 0.21385415 -0.95390457 -0.21055251
    outer loop
        vertex 155.2151 38.836456 55.675682
        vertex 155.23242 38.76715 56.00726
        vertex 152.30421 38.11068 56.007267
    endloop
endfacet
facet normal 0.2091763 -0.9330399 -0.29271463
    outer loop
        vertex 155.23242 38.76715 56.00726
        vertex 152.32835 38.014103 56.33236
        vertex 152.30421 38.11068 56.007267
    endloop
endfacet
facet normal 0.20917219 -0.93303376 -0.29273736
    outer loop
        vertex 155.25653 38.670555 56.332363
        vertex 152.32835 38.014103 56.33236
        vertex 155.23242 38.76715 56.00726
    endloop
endfacet
facet normal 0.20298746 -0.90544564 -0.37277901
    outer loop
        vertex 152.35893 37.891365 56.64713
        vertex 152.32835 38.014103 56.33236
        vertex 155.25653 38.670555 56.332363
    endloop
endfacet
facet normal 0.20299174 -0.90545326 -0.37275848
    outer loop
        vertex 152.35893 37.891365 56.64713
        vertex 155.25653 38.670555 56.332363
        vertex 155.28705 38.547813 56.64713
    endloop
endfacet
facet normal -0.15469219 0.69001776 -0.70706844
    outer loop
        vertex 156.69453 32.354645 57.945835
        vertex 156.74292 32.119415 57.705692
        vertex 153.76675 31.698376 57.94593
    endloop
endfacet
facet normal 0.1862818 -0.83091843 -0.52428401
    outer loop
        vertex 152.39581 37.74277 56.950764
        vertex 155.32387 38.39918 56.9508
        vertex 152.4385 37.56994 57.23985
    endloop
endfacet
facet normal 0.18627886 -0.83091205 -0.52429503
    outer loop
        vertex 155.32387 38.39918 56.9508
        vertex 155.36649 38.22638 57.239803
        vertex 152.4385 37.56994 57.23985
    endloop
endfacet
facet normal 0.17588058 -0.7845366 -0.59461617
    outer loop
        vertex 155.36649 38.22638 57.239803
        vertex 152.4867 37.373894 57.512764
        vertex 152.4385 37.56994 57.23985
    endloop
endfacet
facet normal 0.17587914 -0.78453326 -0.594621
    outer loop
        vertex 155.41461 38.03023 57.512833
        vertex 152.4867 37.373894 57.512764
        vertex 155.36649 38.22638 57.239803
    endloop
endfacet
facet normal 0.16422158 -0.73252213 -0.66063792
    outer loop
        vertex 152.53992 37.156013 57.767582
        vertex 152.4867 37.373894 57.512764
        vertex 155.41461 38.03023 57.512833
    endloop
endfacet
facet normal 0.16421591 -0.73250836 -0.66065466
    outer loop
        vertex 152.53992 37.156013 57.767582
        vertex 155.41461 38.03023 57.512833
        vertex 155.46777 37.812317 57.767662
    endloop
endfacet
facet normal 0.15136448 -0.67518383 -0.7219525
    outer loop
        vertex 155.46777 37.812317 57.767662
        vertex 155.52554 37.57394 58.00271
        vertex 152.59778 36.91766 58.00264
    endloop
endfacet
facet normal 0.12249197 -0.54639065 -0.82852459
    outer loop
        vertex 152.72519 36.387047 58.40618
        vertex 155.58739 37.317066 58.216015
        vertex 155.6528 37.043278 58.406242
    endloop
endfacet
facet normal 0.09010324 -0.40190461 -0.9112376
    outer loop
        vertex 152.86444 35.7975 58.71157
        vertex 152.79362 36.09856 58.571785
        vertex 155.72119 36.754772 58.57184
    endloop
endfacet
facet normal 0.07285018 -0.32496729 -0.9429152
    outer loop
        vertex 155.86469 36.141365 58.82487
        vertex 152.93726 35.48519 58.82484
        vertex 155.79193 36.453693 58.71161
    endloop
endfacet
facet normal 0.02317246 -0.10334274 -0.99437577
    outer loop
        vertex 155.9385 35.821537 58.910294
        vertex 153.1976 34.34378 59
        vertex 153.0111 35.165382 58.910267
    endloop
endfacet
facet normal -0.01507253 0.06721555 -0.99762464
    outer loop
        vertex 153.1976 34.34378 59
        vertex 156.24431 34.46323 58.962017
        vertex 153.31693 33.80707 58.962036
    endloop
endfacet
facet normal -0.05957641 0.26575342 -0.96219844
    outer loop
        vertex 153.3972 33.440956 58.89167
        vertex 156.32463 34.097115 58.89164
        vertex 156.39406 33.77718 58.798977
    endloop
endfacet
facet normal -0.07722391 0.34445819 -0.93562013
    outer loop
        vertex 153.53326 32.810608 58.679234
        vertex 153.4666 33.121014 58.799015
        vertex 156.46077 33.46679 58.679184
    endloop
endfacet
facet normal -0.09430431 0.42066363 -0.90230197
    outer loop
        vertex 153.53326 32.810608 58.679234
        vertex 156.46077 33.46679 58.679184
        vertex 156.52461 33.166965 58.53273
    endloop
endfacet
facet normal -0.11070925 0.49380755 -0.86249501
    outer loop
        vertex 153.65742 32.224148 58.360947
        vertex 153.59705 32.510765 58.532795
        vertex 156.58507 32.88037 58.360867
    endloop
endfacet
facet normal -0.14100762 0.6289857 -0.76452196
    outer loop
        vertex 156.69453 32.354645 57.945835
        vertex 153.7141 31.952736 58.164886
        vertex 156.64182 32.608982 58.164806
    endloop
endfacet
facet normal -0.15469065 0.68999237 -0.7070936
    outer loop
        vertex 156.74292 32.119415 57.705692
        vertex 153.81506 31.463123 57.7058
        vertex 153.76675 31.698376 57.94593
    endloop
endfacet
facet normal -0.17860739 0.79669696 -0.57738495
    outer loop
        vertex 156.78673 31.904943 57.446087
        vertex 156.8257 31.712763 57.168854
        vertex 153.85878 31.248625 57.4462
    endloop
endfacet
facet normal -0.18867463 0.84161007 -0.50605774
    outer loop
        vertex 153.8977 31.0564 57.16894
        vertex 156.85966 31.544317 56.87607
        vertex 153.93161 30.887808 56.87592
    endloop
endfacet
facet normal -0.20467524 0.91297865 -0.35295597
    outer loop
        vertex 153.96034 30.744328 56.569717
        vertex 156.88847 31.400766 56.569714
        vertex 156.91199 31.283018 56.251503
    endloop
endfacet
facet normal -0.21048766 0.93889952 -0.27232835
    outer loop
        vertex 154.0018 30.535961 55.925243
        vertex 153.9838 30.626556 56.251503
        vertex 156.93001 31.192423 55.925243
    endloop
endfacet
facet normal -0.21874455 0.97572547 -0.01052046
    outer loop
        vertex 156.95096 31.08686 55.084473
        vertex 156.95114 31.08599 55
        vertex 154.45152 30.52561 55
    endloop
endfacet
facet normal -0.2155837 0.97280818 -0.08466336
    outer loop
        vertex 156.9426 31.12913 55.591446
        vertex 156.95096 31.08686 55.084473
        vertex 154.45152 30.52561 55
    endloop
endfacet
facet normal -0.21478091 0.95804989 -0.18976195
    outer loop
        vertex 156.93001 31.192423 55.925243
        vertex 156.9426 31.12913 55.591446
        vertex 154.0018 30.535961 55.925243
    endloop
endfacet
facet normal -0.21677953 0.96696204 0.13413025
    outer loop
        vertex 156.94803 31.101732 54.64205
        vertex 154.0104 30.492546 54.286007
        vertex 154.01976 30.445253 54.642063
    endloop
endfacet
facet normal -0.21853735 0.97480112 0.04476888
    outer loop
        vertex 156.94803 31.101732 54.64205
        vertex 154.45152 30.52561 55
        vertex 156.95114 31.08599 55
    endloop
endfacet
facet normal -0.21327627 0.95133829 0.2224156
    outer loop
        vertex 156.93864 31.149017 54.285995
        vertex 153.99489 30.570795 53.93643
        vertex 154.0104 30.492546 54.286007
    endloop
endfacet
facet normal -0.21327722 0.95133507 0.2224286
    outer loop
        vertex 156.9231 31.227266 53.936413
        vertex 153.99489 30.570795 53.93643
        vertex 156.93864 31.149017 54.285995
    endloop
endfacet
facet normal -0.20805646 0.92805076 0.30892447
    outer loop
        vertex 156.90138 31.336143 53.594707
        vertex 153.97324 30.679684 53.594734
        vertex 156.9231 31.227266 53.936413
    endloop
endfacet
facet normal -0.20116037 0.8972941 0.39293498
    outer loop
        vertex 153.94562 30.817942 53.264874
        vertex 153.97324 30.679684 53.594734
        vertex 156.90138 31.336143 53.594707
    endloop
endfacet
facet normal -0.19264357 0.85929996 0.47380599
    outer loop
        vertex 153.91211 30.984875 52.948498
        vertex 153.94562 30.817942 53.264874
        vertex 156.87372 31.4744 53.264843
    endloop
endfacet
facet normal -0.19264373 0.85929352 0.47381744
    outer loop
        vertex 153.91211 30.984875 52.948498
        vertex 156.87372 31.4744 53.264843
        vertex 156.84013 31.641323 52.948463
    endloop
endfacet
facet normal -0.18257348 0.81437528 0.55087185
    outer loop
        vertex 153.87297 31.178673 52.64902
        vertex 156.84013 31.641323 52.948463
        vertex 156.8009 31.83511 52.64898
    endloop
endfacet
facet normal -0.17103325 0.76290649 0.62347525
    outer loop
        vertex 153.87297 31.178673 52.64902
        vertex 156.8009 31.83511 52.64898
        vertex 153.82834 31.398144 52.368225
    endloop
endfacet
facet normal -0.15811621 0.70529032 0.6910606
    outer loop
        vertex 153.82834 31.398144 52.368225
        vertex 156.7562 32.05457 52.368183
        vertex 153.77853 31.64116 52.10881
    endloop
endfacet
facet normal -0.1581158 0.70528209 0.69106925
    outer loop
        vertex 156.7562 32.05457 52.368183
        vertex 156.7063 32.297607 52.10873
        vertex 153.77853 31.64116 52.10881
    endloop
endfacet
facet normal -0.14392002 0.64195991 0.75310987
    outer loop
        vertex 156.7063 32.297607 52.10873
        vertex 156.65149 32.562454 51.872498
        vertex 153.7238 31.905952 51.872623
    endloop
endfacet
facet normal -0.1285764 0.57354534 0.80902028
    outer loop
        vertex 153.7238 31.905952 51.872623
        vertex 156.65149 32.562454 51.872498
        vertex 153.66455 32.190205 51.66169
    endloop
endfacet
facet normal -0.112184 0.50042588 0.85848051
    outer loop
        vertex 153.66455 32.190205 51.66169
        vertex 156.59213 32.84669 51.66158
        vertex 153.601 32.492058 51.47743
    endloop
endfacet
facet normal -0.11218039 0.50038171 0.85850674
    outer loop
        vertex 156.59213 32.84669 51.66158
        vertex 156.5285 33.148544 51.47733
        vertex 153.601 32.492058 51.47743
    endloop
endfacet
facet normal -0.09489231 0.42325157 0.90102911
    outer loop
        vertex 156.5285 33.148544 51.47733
        vertex 156.46123 33.464718 51.321724
        vertex 153.53377 32.808224 51.3218
    endloop
endfacet
facet normal -0.07683679 0.34271169 0.93629313
    outer loop
        vertex 156.46123 33.464718 51.321724
        vertex 156.39049 33.793705 51.1955
        vertex 153.4631 33.137222 51.195557
    endloop
endfacet
facet normal -0.05816495 0.25943163 0.96400833
    outer loop
        vertex 156.39049 33.793705 51.1955
        vertex 156.31711 34.131496 51.100166
        vertex 153.38979 33.475002 51.100216
    endloop
endfacet
facet normal -0.04023214 0.17947032 0.98294038
    outer loop
        vertex 156.31711 34.131496 51.100166
        vertex 153.32356 33.777016 51.042362
        vertex 153.38979 33.475002 51.100216
    endloop
endfacet
facet normal -0.0159131 0.0710091 0.99734873
    outer loop
        vertex 156.25087 34.433506 51.042328
        vertex 153.1976 34.34378 51
        vertex 153.32356 33.777016 51.042362
    endloop
endfacet
facet normal -0.01591221 0.07097762 0.99735099
    outer loop
        vertex 156.12494 35.00005 51
        vertex 153.1976 34.34378 51
        vertex 156.25087 34.433506 51.042328
    endloop
endfacet
facet normal 0.02446246 -0.10916015 0.99372315
    outer loop
        vertex 155.92795 35.867527 51.10017
        vertex 153.00061 35.211 51.100113
        vertex 153.1976 34.34378 51
    endloop
endfacet
facet normal 0.05818709 -0.25952935 0.96398073
    outer loop
        vertex 155.84987 36.20517 51.195786
        vertex 153.00061 35.211 51.100113
        vertex 155.92795 35.867527 51.10017
    endloop
endfacet
facet normal 0.07686466 -0.34284458 0.93624222
    outer loop
        vertex 155.77354 36.53217 51.321796
        vertex 152.92252 35.548637 51.1957
        vertex 155.84987 36.20517 51.195786
    endloop
endfacet
facet normal 0.07684359 -0.34278649 0.93626523
    outer loop
        vertex 152.84613 35.87563 51.32169
        vertex 152.92252 35.548637 51.1957
        vertex 155.77354 36.53217 51.321796
    endloop
endfacet
facet normal 0.09489259 -0.42329913 0.9010067
    outer loop
        vertex 152.77182 36.190742 51.47756
        vertex 152.84613 35.87563 51.32169
        vertex 155.69931 36.8473 51.477695
    endloop
endfacet
facet normal 0.11221372 -0.50052238 0.85842025
    outer loop
        vertex 152.77182 36.190742 51.47756
        vertex 155.69931 36.8473 51.477695
        vertex 155.62804 37.147137 51.66184
    endloop
endfacet
facet normal 0.12859419 -0.57358664 0.80898827
    outer loop
        vertex 152.7005 36.49054 51.66165
        vertex 155.62804 37.147137 51.66184
        vertex 155.5604 37.429462 51.872765
    endloop
endfacet
facet normal 0.1285772 -0.57354254 0.80902219
    outer loop
        vertex 152.7005 36.49054 51.66165
        vertex 155.5604 37.429462 51.872765
        vertex 152.63272 36.772957 51.87264
    endloop
endfacet
facet normal 0.19264197 -0.85929132 0.47382218
    outer loop
        vertex 152.36887 37.851414 53.264652
        vertex 152.40977 37.68634 52.948654
        vertex 155.29697 38.50782 53.264587
    endloop
endfacet
facet normal 0.14393355 -0.64201313 0.75306183
    outer loop
        vertex 155.5604 37.429462 51.872765
        vertex 155.49693 37.692204 52.10889
        vertex 152.63272 36.772957 51.87264
    endloop
endfacet
facet normal 0.21853626 -0.97480077 0.04478144
    outer loop
        vertex 152.27286 38.23575 55
        vertex 152.27678 38.220184 54.642067
        vertex 155.20114 38.892227 55
    endloop
endfacet
facet normal 0.21853736 -0.97480088 0.04477259
    outer loop
        vertex 152.27678 38.220184 54.642067
        vertex 155.20505 38.876663 54.64207
        vertex 155.20114 38.892227 55
    endloop
endfacet
facet normal 0.21678019 -0.96696347 0.134119
    outer loop
        vertex 152.28851 38.17344 54.28608
        vertex 155.20505 38.876663 54.64207
        vertex 152.27678 38.220184 54.642067
    endloop
endfacet
facet normal 0.21677949 -0.96696299 0.13412388
    outer loop
        vertex 155.21674 38.829903 54.28606
        vertex 155.20505 38.876663 54.64207
        vertex 152.28851 38.17344 54.28608
    endloop
endfacet
facet normal 0.21327746 -0.95133924 0.22241029
    outer loop
        vertex 155.21674 38.829903 54.28606
        vertex 152.28851 38.17344 54.28608
        vertex 152.30789 38.095997 53.936245
    endloop
endfacet
facet normal 0.2132757 -0.95133722 0.2224206
    outer loop
        vertex 155.21674 38.829903 54.28606
        vertex 152.30789 38.095997 53.936245
        vertex 155.2361 38.752457 53.93624
    endloop
endfacet
facet normal 0.20805481 -0.92804831 0.30893278
    outer loop
        vertex 152.30789 38.095997 53.936245
        vertex 152.33476 37.9884 53.59492
        vertex 155.2361 38.752457 53.93624
    endloop
endfacet
facet normal 0.20805322 -0.92804593 0.30894095
    outer loop
        vertex 152.33476 37.9884 53.59492
        vertex 155.26294 38.64484 53.59489
        vertex 155.2361 38.752457 53.93624
    endloop
endfacet
facet normal 0.20115949 -0.89729136 0.39294162
    outer loop
        vertex 152.36887 37.851414 53.264652
        vertex 155.26294 38.64484 53.59489
        vertex 152.33476 37.9884 53.59492
    endloop
endfacet
facet normal 0.20115837 -0.8972894 0.39294663
    outer loop
        vertex 155.29697 38.50782 53.264587
        vertex 155.26294 38.64484 53.59489
        vertex 152.36887 37.851414 53.264652
    endloop
endfacet
facet normal 0.19263905 -0.85928553 0.47383383
    outer loop
        vertex 155.33781 38.34271 52.948555
        vertex 155.29697 38.50782 53.264587
        vertex 152.40977 37.68634 52.948654
    endloop
endfacet
facet normal 0.18257776 -0.81439078 0.55084759
    outer loop
        vertex 155.33781 38.34271 52.948555
        vertex 152.40977 37.68634 52.948654
        vertex 152.45714 37.494305 52.649044
    endloop
endfacet
facet normal 0.18257754 -0.8143903 0.55084848
    outer loop
        vertex 155.33781 38.34271 52.948555
        vertex 152.45714 37.494305 52.649044
        vertex 155.38507 38.15075 52.649094
    endloop
endfacet
facet normal 0.17103978 -0.76293397 0.62343979
    outer loop
        vertex 152.45714 37.494305 52.649044
        vertex 152.51042 37.27693 52.368416
        vertex 155.38507 38.15075 52.649094
    endloop
endfacet
facet normal 0.17103814 -0.76293015 0.6234448
    outer loop
        vertex 152.51042 37.27693 52.368416
        vertex 155.4383 37.933353 52.368458
        vertex 155.38507 38.15075 52.649094
    endloop
endfacet
facet normal 0.15812209 -0.70532441 0.69102454
    outer loop
        vertex 152.56915 37.035805 52.10886
        vertex 155.4383 37.933353 52.368458
        vertex 152.51042 37.27693 52.368416
    endloop
endfacet
facet normal 0.15812676 -0.70533562 0.69101197
    outer loop
        vertex 155.49693 37.692204 52.10889
        vertex 155.4383 37.933353 52.368458
        vertex 152.56915 37.035805 52.10886
    endloop
endfacet
facet normal 0.14392406 -0.64198935 0.75308406
    outer loop
        vertex 155.49693 37.692204 52.10889
        vertex 152.56915 37.035805 52.10886
        vertex 152.63272 36.772957 51.87264
    endloop
endfacet
facet normal 0.11218947 -0.50045788 0.85846114
    outer loop
        vertex 152.77182 36.190742 51.47756
        vertex 155.62804 37.147137 51.66184
        vertex 152.7005 36.49054 51.66165
    endloop
endfacet
facet normal 0.09491589 -0.42336246 0.90097463
    outer loop
        vertex 152.84613 35.87563 51.32169
        vertex 155.77354 36.53217 51.321796
        vertex 155.69931 36.8473 51.477695
    endloop
endfacet
facet normal 0.05816372 -0.2594642 0.96399963
    outer loop
        vertex 152.92252 35.548637 51.1957
        vertex 153.00061 35.211 51.100113
        vertex 155.84987 36.20517 51.195786
    endloop
endfacet
facet normal 0.02447867 -0.10918895 0.99371952
    outer loop
        vertex 155.92795 35.867527 51.10017
        vertex 153.1976 34.34378 51
        vertex 156.12494 35.00005 51
    endloop
endfacet
facet normal -0.04022679 0.17942372 0.98294902
    outer loop
        vertex 156.25087 34.433506 51.042328
        vertex 153.32356 33.777016 51.042362
        vertex 156.31711 34.131496 51.100166
    endloop
endfacet
facet normal -0.05816859 0.259469 0.96399808
    outer loop
        vertex 156.39049 33.793705 51.1955
        vertex 153.38979 33.475002 51.100216
        vertex 153.4631 33.137222 51.195557
    endloop
endfacet
facet normal -0.07684162 0.34276342 0.93627375
    outer loop
        vertex 156.46123 33.464718 51.321724
        vertex 153.4631 33.137222 51.195557
        vertex 153.53377 32.808224 51.3218
    endloop
endfacet
facet normal -0.09489862 0.42332262 0.90099514
    outer loop
        vertex 156.5285 33.148544 51.47733
        vertex 153.53377 32.808224 51.3218
        vertex 153.601 32.492058 51.47743
    endloop
endfacet
facet normal -0.12857351 0.57350594 0.80904859
    outer loop
        vertex 156.65149 32.562454 51.872498
        vertex 156.59213 32.84669 51.66158
        vertex 153.66455 32.190205 51.66169
    endloop
endfacet
facet normal -0.14392146 0.64198285 0.7530902
    outer loop
        vertex 153.77853 31.64116 52.10881
        vertex 156.7063 32.297607 52.10873
        vertex 153.7238 31.905952 51.872623
    endloop
endfacet
facet normal -0.17103298 0.7628988 0.62348461
    outer loop
        vertex 153.82834 31.398144 52.368225
        vertex 156.8009 31.83511 52.64898
        vertex 156.7562 32.05457 52.368183
    endloop
endfacet
facet normal -0.18257353 0.81438035 0.55086452
    outer loop
        vertex 153.87297 31.178673 52.64902
        vertex 153.91211 30.984875 52.948498
        vertex 156.84013 31.641323 52.948463
    endloop
endfacet
facet normal -0.20116089 0.89728731 0.39295036
    outer loop
        vertex 156.87372 31.4744 53.264843
        vertex 153.94562 30.817942 53.264874
        vertex 156.90138 31.336143 53.594707
    endloop
endfacet
facet normal -0.20805648 0.9280504 0.30892518
    outer loop
        vertex 156.9231 31.227266 53.936413
        vertex 153.97324 30.679684 53.594734
        vertex 153.99489 30.570795 53.93643
    endloop
endfacet
facet normal -0.21854223 0.97479963 0.04477549
    outer loop
        vertex 154.01976 30.445253 54.642063
        vertex 154.02287 30.42951 55
        vertex 154.45152 30.52561 55
    endloop
endfacet
facet normal -0.21677934 0.9669624 0.1341282
    outer loop
        vertex 156.93864 31.149017 54.285995
        vertex 154.0104 30.492546 54.286007
        vertex 156.94803 31.101732 54.64205
    endloop
endfacet
facet normal -0.21853732 0.97480112 0.04476922
    outer loop
        vertex 156.94803 31.101732 54.64205
        vertex 154.01976 30.445253 54.642063
        vertex 154.45152 30.52561 55
    endloop
endfacet
facet normal -0.21874876 0.97572088 -0.01085303
    outer loop
        vertex 154.45152 30.52561 25
        vertex 154.02287 30.42951 25
        vertex 154.02269 30.430435 25.086857
    endloop
endfacet
facet normal -0.22877862 0.97129071 -0.06522734
    outer loop
        vertex 154.45152 30.52561 25
        vertex 154.02269 30.430435 25.086857
        vertex 154.01828 30.452753 25.434656
    endloop
endfacet
facet normal -0.21729253 0.97465485 -0.05321468
    outer loop
        vertex 154.45152 30.52561 25
        vertex 154.01828 30.452753 25.434656
        vertex 156.94803 31.101728 25.357883
    endloop
endfacet
facet normal -0.21766484 0.96676612 -0.13410912
    outer loop
        vertex 154.01828 30.452753 25.434656
        vertex 156.93866 31.149008 25.713917
        vertex 156.94803 31.101728 25.357883
    endloop
endfacet
facet normal -0.21181205 0.94798756 -0.23760304
    outer loop
        vertex 154.00797 30.50486 25.780006
        vertex 153.99184 30.586193 26.118887
        vertex 156.92308 31.227308 26.063738
    endloop
endfacet
facet normal -0.20657577 0.92416215 -0.3213267
    outer loop
        vertex 153.99184 30.586193 26.118887
        vertex 153.96994 30.69622 26.449411
        vertex 156.9014 31.336065 26.405071
    endloop
endfacet
facet normal -0.2017654 0.8971616 -0.39292699
    outer loop
        vertex 153.96994 30.69622 26.449411
        vertex 156.8737 31.474472 26.735313
        vertex 156.9014 31.336065 26.405071
    endloop
endfacet
facet normal -0.19313316 0.85919273 -0.47380093
    outer loop
        vertex 153.9424 30.834063 26.768866
        vertex 156.84016 31.641167 27.05127
        vertex 156.8737 31.474472 26.735313
    endloop
endfacet
facet normal -0.19143717 0.8556003 -0.4809365
    outer loop
        vertex 153.90935 30.998655 27.074837
        vertex 156.84016 31.641167 27.05127
        vertex 153.9424 30.834063 26.768866
    endloop
endfacet
facet normal -0.18294893 0.81431746 -0.55083281
    outer loop
        vertex 156.8009 31.835114 27.351028
        vertex 156.84016 31.641167 27.05127
        vertex 153.90935 30.998655 27.074837
    endloop
endfacet
facet normal -0.17127797 0.76286763 -0.62345564
    outer loop
        vertex 156.75623 32.05442 27.631649
        vertex 156.8009 31.835114 27.351028
        vertex 153.87091 31.188812 27.365145
    endloop
endfacet
facet normal -0.1705038 0.76103902 -0.62589777
    outer loop
        vertex 156.75623 32.05442 27.631649
        vertex 153.87091 31.188812 27.365145
        vertex 153.82736 31.402874 27.63729
    endloop
endfacet
facet normal -0.12917577 0.57699728 -0.80646616
    outer loop
        vertex 153.72578 31.896427 28.119596
        vertex 153.66835 32.17205 28.325994
        vertex 156.6515 32.56232 28.127392
    endloop
endfacet
facet normal -0.14419751 0.64335638 -0.75186402
    outer loop
        vertex 153.72578 31.896427 28.119596
        vertex 156.70631 32.29752 27.891178
        vertex 153.7789 31.639412 27.889486
    endloop
endfacet
facet normal -0.12888379 0.57345992 -0.80903184
    outer loop
        vertex 153.66835 32.17205 28.325994
        vertex 156.59215 32.846615 28.338362
        vertex 156.6515 32.56232 28.127392
    endloop
endfacet
facet normal -0.11262538 0.50036693 -0.85845703
    outer loop
        vertex 153.60692 32.464027 28.507011
        vertex 156.5286 33.148125 28.52244
        vertex 156.59215 32.846615 28.338362
    endloop
endfacet
facet normal -0.09544658 0.42319241 -0.90099841
    outer loop
        vertex 153.54184 32.770493 28.661469
        vertex 156.46121 33.46477 28.678305
        vertex 156.5286 33.148125 28.52244
    endloop
endfacet
facet normal -0.0787362 0.35367987 -0.93204671
    outer loop
        vertex 153.47368 33.088207 28.787788
        vertex 156.46121 33.46477 28.678305
        vertex 153.54184 32.770493 28.661469
    endloop
endfacet
facet normal -0.06055186 0.27305579 -0.96009058
    outer loop
        vertex 153.40259 33.416294 28.885582
        vertex 156.39066 33.79297 28.804256
        vertex 153.47368 33.088207 28.787788
    endloop
endfacet
facet normal -0.04064193 0.18518788 -0.98186237
    outer loop
        vertex 153.3202 33.792236 28.959898
        vertex 156.31708 34.13167 28.89987
        vertex 153.40259 33.416294 28.885582
    endloop
endfacet
facet normal -0.04002404 0.17954268 -0.98293567
    outer loop
        vertex 156.25102 34.432747 28.957554
        vertex 156.31708 34.13167 28.89987
        vertex 153.3202 33.792236 28.959898
    endloop
endfacet
facet normal -0.01548755 0.06908339 -0.99749076
    outer loop
        vertex 156.12494 35.00005 29
        vertex 153.3202 33.792236 28.959898
        vertex 153.1976 34.34378 29
    endloop
endfacet
facet normal 0.01071279 -0.04778519 -0.99880016
    outer loop
        vertex 156.12494 35.00005 29
        vertex 153.1976 34.34378 29
        vertex 153.11151 34.725544 28.980812
    endloop
endfacet
facet normal 0.04220414 -0.17386322 -0.98386502
    outer loop
        vertex 155.9279 35.867664 28.899796
        vertex 153.11151 34.725544 28.980812
        vertex 152.96785 35.352997 28.86377
    endloop
endfacet
facet normal 0.05689216 -0.25972995 -0.96400404
    outer loop
        vertex 155.9279 35.867664 28.899796
        vertex 152.96785 35.352997 28.86377
        vertex 155.85005 36.20442 28.80447
    endloop
endfacet
facet normal 0.07559548 -0.34304878 -0.93627077
    outer loop
        vertex 155.85005 36.20442 28.80447
        vertex 152.89262 35.676968 28.758942
        vertex 155.77356 36.532135 28.678219
    endloop
endfacet
facet normal 0.08485296 -0.37306958 -0.92391497
    outer loop
        vertex 152.89262 35.676968 28.758942
        vertex 152.81897 35.99117 28.625305
        vertex 155.77356 36.532135 28.678219
    endloop
endfacet
facet normal 0.102109 -0.45024121 -0.88704932
    outer loop
        vertex 152.81897 35.99117 28.625305
        vertex 152.74776 36.292248 28.464289
        vertex 155.69945 36.84673 28.522621
    endloop
endfacet
facet normal 0.11102016 -0.50068372 -0.85848135
    outer loop
        vertex 152.74776 36.292248 28.464289
        vertex 155.62811 37.146866 28.33835
        vertex 155.69945 36.84673 28.522621
    endloop
endfacet
facet normal 0.12746777 -0.57378662 -0.80902451
    outer loop
        vertex 152.67937 36.57883 28.276623
        vertex 155.56046 37.429214 28.12744
        vertex 155.62811 37.146866 28.33835
    endloop
endfacet
facet normal 0.13417763 -0.59377259 -0.79336655
    outer loop
        vertex 152.61462 36.848003 28.064219
        vertex 155.56046 37.429214 28.12744
        vertex 152.67937 36.57883 28.276623
    endloop
endfacet
facet normal 0.14287116 -0.64221621 -0.75309104
    outer loop
        vertex 155.49695 37.692123 27.89119
        vertex 155.56046 37.429214 28.12744
        vertex 152.61462 36.848003 28.064219
    endloop
endfacet
facet normal 0.15713678 -0.70552599 -0.69104344
    outer loop
        vertex 155.43834 37.933186 27.631748
        vertex 155.49695 37.692123 27.89119
        vertex 152.55399 37.09823 27.82833
    endloop
endfacet
facet normal 0.1946588 -0.86543322 -0.46166357
    outer loop
        vertex 155.29692 38.507984 26.735065
        vertex 152.40251 37.715725 26.999815
        vertex 152.36366 37.87234 26.689842
    endloop
endfacet
facet normal 0.19191286 -0.85946065 -0.47381109
    outer loop
        vertex 155.33783 38.342636 27.051565
        vertex 152.40251 37.715725 26.999815
        vertex 155.29692 38.507984 26.735065
    endloop
endfacet
facet normal 0.21854797 -0.9748531 -0.0435681
    outer loop
        vertex 155.20114 38.892227 25
        vertex 152.27657 38.221016 25.348242
        vertex 152.27286 38.23575 25
    endloop
endfacet
facet normal 0.21840025 -0.974832 -0.04476794
    outer loop
        vertex 155.20505 38.876663 25.357965
        vertex 152.27657 38.221016 25.348242
        vertex 155.20114 38.892227 25
    endloop
endfacet
facet normal 0.21702397 -0.96741438 -0.13042247
    outer loop
        vertex 152.28764 38.17687 25.694141
        vertex 152.27657 38.221016 25.348242
        vertex 155.20505 38.876663 25.357965
    endloop
endfacet
facet normal 0.21650104 -0.96702248 -0.13414465
    outer loop
        vertex 152.28764 38.17687 25.694141
        vertex 155.20505 38.876663 25.357965
        vertex 155.21674 38.829895 25.713972
    endloop
endfacet
facet normal 0.2138474 -0.95262587 -0.21627113
    outer loop
        vertex 152.28764 38.17687 25.694141
        vertex 155.21674 38.829895 25.713972
        vertex 152.30595 38.10371 26.034492
    endloop
endfacet
facet normal 0.21287316 -0.95143002 -0.22240928
    outer loop
        vertex 155.21674 38.829895 25.713972
        vertex 155.2361 38.75251 26.063545
        vertex 152.30595 38.10371 26.034492
    endloop
endfacet
facet normal 0.20903011 -0.93057412 -0.30056298
    outer loop
        vertex 155.2361 38.75251 26.063545
        vertex 152.33142 38.001812 26.367691
        vertex 152.30595 38.10371 26.034492
    endloop
endfacet
facet normal 0.20753741 -0.92817557 -0.3088986
    outer loop
        vertex 155.26294 38.64479 26.405252
        vertex 152.33142 38.001812 26.367691
        vertex 155.2361 38.75251 26.063545
    endloop
endfacet
facet normal 0.20261708 -0.90143919 -0.38256204
    outer loop
        vertex 152.36366 37.87234 26.689842
        vertex 152.33142 38.001812 26.367691
        vertex 155.26294 38.64479 26.405252
    endloop
endfacet
facet normal 0.20053498 -0.89744049 -0.39292017
    outer loop
        vertex 152.36366 37.87234 26.689842
        vertex 155.26294 38.64479 26.405252
        vertex 155.29692 38.507984 26.735065
    endloop
endfacet
facet normal -0.15806401 0.7048825 -0.69148856
    outer loop
        vertex 156.70631 32.29752 27.891178
        vertex 153.82736 31.402874 27.63729
        vertex 153.7789 31.639412 27.889486
    endloop
endfacet
facet normal 0.18520981 -0.82283926 -0.53724557
    outer loop
        vertex 152.40251 37.715725 26.999815
        vertex 155.33783 38.342636 27.051565
        vertex 152.44742 37.53377 27.293974
    endloop
endfacet
facet normal 0.18175556 -0.81457293 -0.55085015
    outer loop
        vertex 155.33783 38.342636 27.051565
        vertex 155.38507 38.15074 27.350918
        vertex 152.44742 37.53377 27.293974
    endloop
endfacet
facet normal 0.17435549 -0.77399796 -0.60870963
    outer loop
        vertex 155.38507 38.15074 27.350918
        vertex 152.49811 37.32729 27.571043
        vertex 152.44742 37.53377 27.293974
    endloop
endfacet
facet normal 0.17012995 -0.76312518 -0.62345469
    outer loop
        vertex 155.43834 37.933186 27.631748
        vertex 152.49811 37.32729 27.571043
        vertex 155.38507 38.15074 27.350918
    endloop
endfacet
facet normal 0.16216393 -0.71924758 -0.67556328
    outer loop
        vertex 152.55399 37.09823 27.82833
        vertex 152.49811 37.32729 27.571043
        vertex 155.43834 37.933186 27.631748
    endloop
endfacet
facet normal 0.14873613 -0.6590032 -0.7372871
    outer loop
        vertex 152.55399 37.09823 27.82833
        vertex 155.49695 37.692123 27.89119
        vertex 152.61462 36.848003 28.064219
    endloop
endfacet
facet normal 0.11859754 -0.52400249 -0.84341919
    outer loop
        vertex 152.74776 36.292248 28.464289
        vertex 152.67937 36.57883 28.276623
        vertex 155.62811 37.146866 28.33835
    endloop
endfacet
facet normal 0.0936882 -0.42356557 -0.90100765
    outer loop
        vertex 155.77356 36.532135 28.678219
        vertex 152.81897 35.99117 28.625305
        vertex 155.69945 36.84673 28.522621
    endloop
endfacet
facet normal 0.0669492 -0.29306027 -0.95374709
    outer loop
        vertex 155.85005 36.20442 28.80447
        vertex 152.96785 35.352997 28.86377
        vertex 152.89262 35.676968 28.758942
    endloop
endfacet
facet normal 0.01644147 -0.1110305 -0.99368095
    outer loop
        vertex 155.9279 35.867664 28.899796
        vertex 156.12494 35.00005 29
        vertex 153.11151 34.725544 28.980812
    endloop
endfacet
facet normal -0.01631351 0.07099649 -0.99734318
    outer loop
        vertex 156.12494 35.00005 29
        vertex 156.25102 34.432747 28.957554
        vertex 153.3202 33.792236 28.959898
    endloop
endfacet
facet normal -0.0589273 0.25932655 -0.96399033
    outer loop
        vertex 153.40259 33.416294 28.885582
        vertex 156.31708 34.13167 28.89987
        vertex 156.39066 33.79297 28.804256
    endloop
endfacet
facet normal -0.07750001 0.34264663 -0.93626225
    outer loop
        vertex 153.47368 33.088207 28.787788
        vertex 156.39066 33.79297 28.804256
        vertex 156.46121 33.46477 28.678305
    endloop
endfacet
facet normal -0.0963179 0.43158749 -0.8969143
    outer loop
        vertex 153.60692 32.464027 28.507011
        vertex 153.54184 32.770493 28.661469
        vertex 156.5286 33.148125 28.52244
    endloop
endfacet
facet normal -0.11317769 0.50622588 -0.8549422
    outer loop
        vertex 153.66835 32.17205 28.325994
        vertex 153.60692 32.464027 28.507011
        vertex 156.59215 32.846615 28.338362
    endloop
endfacet
facet normal -0.14410195 0.64195311 -0.7530809
    outer loop
        vertex 156.70631 32.29752 27.891178
        vertex 153.72578 31.896427 28.119596
        vertex 156.6515 32.56232 28.127392
    endloop
endfacet
facet normal -0.15822375 0.70527309 -0.69105357
    outer loop
        vertex 156.75623 32.05442 27.631649
        vertex 153.82736 31.402874 27.63729
        vertex 156.70631 32.29752 27.891178
    endloop
endfacet
facet normal -0.18165736 0.81140584 -0.55553687
    outer loop
        vertex 156.8009 31.835114 27.351028
        vertex 153.90935 30.998655 27.074837
        vertex 153.87091 31.188812 27.365145
    endloop
endfacet
facet normal -0.19976646 0.89328164 -0.4026677
    outer loop
        vertex 153.9424 30.834063 26.768866
        vertex 156.8737 31.474472 26.735313
        vertex 153.96994 30.69622 26.449411
    endloop
endfacet
facet normal -0.20875953 0.92789716 -0.30891153
    outer loop
        vertex 153.99184 30.586193 26.118887
        vertex 156.9014 31.336065 26.405071
        vertex 156.92308 31.227308 26.063738
    endloop
endfacet
facet normal -0.21853736 0.97480118 -0.0447666
    outer loop
        vertex 156.94803 31.101728 25.357883
        vertex 156.95114 31.08599 25
        vertex 154.45152 30.52561 25
    endloop
endfacet
facet normal -0.21544395 0.96461743 -0.15197749
    outer loop
        vertex 156.93866 31.149008 25.713917
        vertex 154.01828 30.452753 25.434656
        vertex 154.00797 30.50486 25.780006
    endloop
endfacet
facet normal -0.2140739 0.95115554 -0.22243096
    outer loop
        vertex 156.92308 31.227308 26.063738
        vertex 156.93866 31.149008 25.713917
        vertex 154.00797 30.50486 25.780006
    endloop
endfacet
facet normal -0.21667491 0.97498107 0.049638
    outer loop
        vertex 156.95052 31.089142 24.839561
        vertex 154.01872 30.450418 24.58768
        vertex 154.45152 30.52561 25
    endloop
endfacet
facet normal -0.21871287 0.97558409 0.02001287
    outer loop
        vertex 156.95052 31.089142 24.839561
        vertex 154.45152 30.52561 25
        vertex 156.95114 31.08599 25
    endloop
endfacet
facet normal -0.21537352 0.96584791 0.14405581
    outer loop
        vertex 156.94344 31.124895 24.438183
        vertex 154.0095 30.497108 24.26086
        vertex 154.01872 30.450418 24.58768
    endloop
endfacet
facet normal -0.21215573 0.9509263 0.22523136
    outer loop
        vertex 156.92856 31.199814 24.043629
        vertex 153.99503 30.570162 23.93879
        vertex 154.0095 30.497108 24.26086
    endloop
endfacet
facet normal -0.21080416 0.93422318 0.28773028
    outer loop
        vertex 156.90588 31.313614 23.657522
        vertex 153.99503 30.570162 23.93879
        vertex 156.92856 31.199814 24.043629
    endloop
endfacet
facet normal -0.20265506 0.9014411 0.38253745
    outer loop
        vertex 153.95059 30.793087 23.318521
        vertex 153.97533 30.669168 23.623636
        vertex 156.90588 31.313614 23.657522
    endloop
endfacet
facet normal -0.1940783 0.86773294 0.45757297
    outer loop
        vertex 153.9208 30.94168 23.024097
        vertex 153.95059 30.793087 23.318521
        vertex 156.87569 31.464577 23.285791
    endloop
endfacet
facet normal -0.19397326 0.85915768 0.47352132
    outer loop
        vertex 153.9208 30.94168 23.024097
        vertex 156.87569 31.464577 23.285791
        vertex 156.83803 31.651705 22.93084
    endloop
endfacet
facet normal -0.18291529 0.80827987 0.55966556
    outer loop
        vertex 153.8862 31.113277 22.743702
        vertex 156.83803 31.651705 22.93084
        vertex 156.7933 31.872562 22.597256
    endloop
endfacet
facet normal -0.17426834 0.78251714 0.59774363
    outer loop
        vertex 153.8862 31.113277 22.743702
        vertex 156.7933 31.872562 22.597256
        vertex 153.84691 31.307056 22.478567
    endloop
endfacet
facet normal -0.16317537 0.73161864 0.66189718
    outer loop
        vertex 153.84691 31.307056 22.478567
        vertex 156.74173 32.125282 22.287804
        vertex 153.80312 31.521515 22.230722
    endloop
endfacet
facet normal -0.15136871 0.67559075 0.72157097
    outer loop
        vertex 153.80312 31.521515 22.230722
        vertex 156.6837 32.407047 22.005898
        vertex 153.75499 31.755318 22.001722
    endloop
endfacet
facet normal -0.13798548 0.61509943 0.77628124
    outer loop
        vertex 153.75499 31.755318 22.001722
        vertex 156.6837 32.407047 22.005898
        vertex 153.70288 32.006634 21.793325
    endloop
endfacet
facet normal -0.12269547 0.55061781 0.82569116
    outer loop
        vertex 153.70288 32.006634 21.793325
        vertex 156.6197 32.71494 21.75442
        vertex 153.64697 32.27392 21.606777
    endloop
endfacet
facet normal -0.12025028 0.52941304 0.83979863
    outer loop
        vertex 156.6197 32.71494 21.75442
        vertex 156.55016 33.046135 21.535673
        vertex 153.64697 32.27392 21.606777
    endloop
endfacet
facet normal -0.1013361 0.44431809 0.89011937
    outer loop
        vertex 156.55016 33.046135 21.535673
        vertex 156.47578 33.396553 21.35229
        vertex 153.58762 32.5553 21.443409
    endloop
endfacet
facet normal -0.08098709 0.35476205 0.93144244
    outer loop
        vertex 156.47578 33.396553 21.35229
        vertex 156.39697 33.763668 21.205612
        vertex 153.52513 32.848618 21.30443
    endloop
endfacet
facet normal -0.05941566 0.26174557 0.96330637
    outer loop
        vertex 156.39697 33.763668 21.205612
        vertex 156.31476 34.142303 21.09766
        vertex 153.45978 33.15266 21.19047
    endloop
endfacet
facet normal -0.05838428 0.25884944 0.96415156
    outer loop
        vertex 156.31476 34.142303 21.09766
        vertex 153.39226 33.463673 21.102882
        vertex 153.45978 33.15266 21.19047
    endloop
endfacet
facet normal -0.03850643 0.1708324 0.98454738
    outer loop
        vertex 156.2381 34.49146 21.034079
        vertex 153.31369 33.82171 21.035913
        vertex 156.31476 34.142303 21.09766
    endloop
endfacet
facet normal -0.01427761 0.06368636 0.99786782
    outer loop
        vertex 156.12494 35.00005 21
        vertex 153.1976 34.34378 21
        vertex 156.2381 34.49146 21.034079
    endloop
endfacet
facet normal 0.01759386 -0.07847875 0.99676049
    outer loop
        vertex 155.98338 35.625595 21.05175
        vertex 153.1976 34.34378 21
        vertex 156.12494 35.00005 21
    endloop
endfacet
facet normal 0.04462685 -0.20017691 0.9787429
    outer loop
        vertex 152.97998 35.30049 21.122202
        vertex 153.05232 34.985573 21.054495
        vertex 155.98338 35.625595 21.05175
    endloop
endfacet
facet normal 0.06300942 -0.27815074 0.95846856
    outer loop
        vertex 152.9083 35.609734 21.216658
        vertex 152.97998 35.30049 21.122202
        vertex 155.89534 36.00892 21.136135
    endloop
endfacet
facet normal 0.06573334 -0.29989803 0.95170391
    outer loop
        vertex 152.9083 35.609734 21.216658
        vertex 155.89534 36.00892 21.136135
        vertex 155.80855 36.382603 21.259884
    endloop
endfacet
facet normal 0.08610859 -0.3918159 0.91600525
    outer loop
        vertex 152.8382 35.90938 21.336693
        vertex 155.80855 36.382603 21.259884
        vertex 155.72432 36.741505 21.42132
    endloop
endfacet
facet normal 0.09713292 -0.42826396 0.89841813
    outer loop
        vertex 152.8382 35.90938 21.336693
        vertex 155.72432 36.741505 21.42132
        vertex 152.7699 36.19887 21.482073
    endloop
endfacet
facet normal 0.11262672 -0.49931419 0.85906953
    outer loop
        vertex 152.7699 36.19887 21.482073
        vertex 155.64334 37.08302 21.619246
        vertex 152.70415 36.47522 21.651314
    endloop
endfacet
facet normal 0.18482985 -0.8302601 0.52583826
    outer loop
        vertex 152.4302 37.603615 22.812344
        vertex 155.37172 38.205048 22.728033
        vertex 155.32104 38.41059 23.070383
    endloop
endfacet
facet normal 0.12524953 -0.56256402 0.81721133
    outer loop
        vertex 155.64334 37.08302 21.619246
        vertex 155.56676 37.403027 21.851274
        vertex 152.70415 36.47522 21.651314
    endloop
endfacet
facet normal 0.21856925 -0.97494799 0.04127787
    outer loop
        vertex 152.27286 38.23575 25
        vertex 152.27618 38.22252 24.66992
        vertex 155.20114 38.892227 25
    endloop
endfacet
facet normal 0.21751387 -0.97476262 0.05025401
    outer loop
        vertex 152.27618 38.22252 24.66992
        vertex 155.20605 38.872616 24.598337
        vertex 155.20114 38.892227 25
    endloop
endfacet
facet normal 0.2178337 -0.96812761 0.12360208
    outer loop
        vertex 152.28613 38.182915 24.342182
        vertex 155.20605 38.872616 24.598337
        vertex 152.27618 38.22252 24.66992
    endloop
endfacet
facet normal 0.21475075 -0.96502197 0.15038261
    outer loop
        vertex 155.22076 38.813847 24.200203
        vertex 155.20605 38.872616 24.598337
        vertex 152.28613 38.182915 24.342182
    endloop
endfacet
facet normal 0.2151982 -0.95478642 0.20511609
    outer loop
        vertex 155.22076 38.813847 24.200203
        vertex 152.28613 38.182915 24.342182
        vertex 152.30263 38.117085 24.018446
    endloop
endfacet
facet normal 0.21023539 -0.94542968 0.24892555
    outer loop
        vertex 155.22076 38.813847 24.200203
        vertex 152.30263 38.117085 24.018446
        vertex 155.24503 38.716694 23.810722
    endloop
endfacet
facet normal 0.21067648 -0.93502724 0.28520072
    outer loop
        vertex 152.30263 38.117085 24.018446
        vertex 152.32547 38.02567 23.701868
        vertex 155.24503 38.716694 23.810722
    endloop
endfacet
facet normal 0.20397902 -0.91615641 0.34503612
    outer loop
        vertex 152.32547 38.02567 23.701868
        vertex 155.27863 38.5817 23.432415
        vertex 155.24503 38.716694 23.810722
    endloop
endfacet
facet normal 0.20429887 -0.90896016 0.36339152
    outer loop
        vertex 152.35457 37.908916 23.393473
        vertex 155.27863 38.5817 23.432415
        vertex 152.32547 38.02567 23.701868
    endloop
endfacet
facet normal 0.19606674 -0.87748283 0.43770054
    outer loop
        vertex 155.32104 38.41059 23.070383
        vertex 155.27863 38.5817 23.432415
        vertex 152.35457 37.908916 23.393473
    endloop
endfacet
facet normal 0.19610015 -0.87676471 0.43912229
    outer loop
        vertex 155.32104 38.41059 23.070383
        vertex 152.35457 37.908916 23.393473
        vertex 152.38956 37.768044 23.096577
    endloop
endfacet
facet normal 0.18829665 -0.83819902 0.51182687
    outer loop
        vertex 155.32104 38.41059 23.070383
        vertex 152.38956 37.768044 23.096577
        vertex 152.4302 37.603615 22.812344
    endloop
endfacet
facet normal 0.17898662 -0.79394209 0.58105057
    outer loop
        vertex 155.37172 38.205048 22.728033
        vertex 152.4302 37.603615 22.812344
        vertex 152.4761 37.417095 22.543346
    endloop
endfacet
facet normal 0.17194961 -0.77455831 0.6086812
    outer loop
        vertex 155.37172 38.205048 22.728033
        vertex 152.4761 37.417095 22.543346
        vertex 155.43007 37.967007 22.408638
    endloop
endfacet
facet normal 0.16804639 -0.74438643 0.646258
    outer loop
        vertex 152.4761 37.417095 22.543346
        vertex 152.5269 37.20948 22.290998
        vertex 155.43007 37.967007 22.408638
    endloop
endfacet
facet normal 0.15772915 -0.71091837 0.68535876
    outer loop
        vertex 152.5269 37.20948 22.290998
        vertex 155.49536 37.698715 22.115314
        vertex 155.43007 37.967007 22.408638
    endloop
endfacet
facet normal 0.15553552 -0.6898039 0.70709217
    outer loop
        vertex 152.58215 36.98224 22.05716
        vertex 155.49536 37.698715 22.115314
        vertex 152.5269 37.20948 22.290998
    endloop
endfacet
facet normal 0.14231363 -0.63994259 0.75512934
    outer loop
        vertex 155.56676 37.403027 21.851274
        vertex 155.49536 37.698715 22.115314
        vertex 152.58215 36.98224 22.05716
    endloop
endfacet
facet normal 0.14154489 -0.63059044 0.76309949
    outer loop
        vertex 155.56676 37.403027 21.851274
        vertex 152.58215 36.98224 22.05716
        vertex 152.64143 36.736843 21.84338
    endloop
endfacet
facet normal 0.12693655 -0.56704408 0.81384778
    outer loop
        vertex 155.56676 37.403027 21.851274
        vertex 152.64143 36.736843 21.84338
        vertex 152.70415 36.47522 21.651314
    endloop
endfacet
facet normal 0.10601065 -0.4796668 0.87102324
    outer loop
        vertex 155.72432 36.741505 21.42132
        vertex 155.64334 37.08302 21.619246
        vertex 152.7699 36.19887 21.482073
    endloop
endfacet
facet normal 0.08054514 -0.35435805 0.93163449
    outer loop
        vertex 152.9083 35.609734 21.216658
        vertex 155.80855 36.382603 21.259884
        vertex 152.8382 35.90938 21.336693
    endloop
endfacet
facet normal 0.04511254 -0.2048797 0.97774696
    outer loop
        vertex 152.97998 35.30049 21.122202
        vertex 155.98338 35.625595 21.05175
        vertex 155.89534 36.00892 21.136135
    endloop
endfacet
facet normal 0.01849662 -0.08043376 0.99658829
    outer loop
        vertex 153.05232 34.985573 21.054495
        vertex 153.1976 34.34378 21
        vertex 155.98338 35.625595 21.05175
    endloop
endfacet
facet normal -0.01436161 0.06544223 0.99775296
    outer loop
        vertex 153.1976 34.34378 21
        vertex 153.31369 33.82171 21.035913
        vertex 156.2381 34.49146 21.034079
    endloop
endfacet
facet normal -0.03898213 0.17544529 0.98371708
    outer loop
        vertex 153.31369 33.82171 21.035913
        vertex 153.39226 33.463673 21.102882
        vertex 156.31476 34.142303 21.09766
    endloop
endfacet
facet normal -0.07471003 0.33587149 0.93894017
    outer loop
        vertex 156.39697 33.763668 21.205612
        vertex 153.45978 33.15266 21.19047
        vertex 153.52513 32.848618 21.30443
    endloop
endfacet
facet normal -0.09095041 0.41052333 0.90730298
    outer loop
        vertex 156.47578 33.396553 21.35229
        vertex 153.52513 32.848618 21.30443
        vertex 153.58762 32.5553 21.443409
    endloop
endfacet
facet normal -0.10697699 0.48224458 0.86948037
    outer loop
        vertex 156.55016 33.046135 21.535673
        vertex 153.58762 32.5553 21.443409
        vertex 153.64697 32.27392 21.606777
    endloop
endfacet
facet normal -0.13753492 0.60926926 0.78094506
    outer loop
        vertex 156.6837 32.407047 22.005898
        vertex 156.6197 32.71494 21.75442
        vertex 153.70288 32.006634 21.793325
    endloop
endfacet
facet normal -0.15415695 0.68278265 0.71417332
    outer loop
        vertex 153.80312 31.521515 22.230722
        vertex 156.74173 32.125282 22.287804
        vertex 156.6837 32.407047 22.005898
    endloop
endfacet
facet normal -0.1695973 0.74927461 0.64017522
    outer loop
        vertex 153.84691 31.307056 22.478567
        vertex 156.7933 31.872562 22.597256
        vertex 156.74173 32.125282 22.287804
    endloop
endfacet
facet normal -0.1845969 0.82798553 0.52949411
    outer loop
        vertex 153.8862 31.113277 22.743702
        vertex 153.9208 30.94168 23.024097
        vertex 156.83803 31.651705 22.93084
    endloop
endfacet
facet normal -0.20265529 0.9014383 0.38254374
    outer loop
        vertex 156.87569 31.464577 23.285791
        vertex 153.95059 30.793087 23.318521
        vertex 156.90588 31.313614 23.657522
    endloop
endfacet
facet normal -0.20790476 0.9293924 0.30496782
    outer loop
        vertex 156.90588 31.313614 23.657522
        vertex 153.97533 30.669168 23.623636
        vertex 153.99503 30.570162 23.93879
    endloop
endfacet
facet normal -0.21639393 0.95763999 0.18999813
    outer loop
        vertex 156.94344 31.124895 24.438183
        vertex 156.92856 31.199814 24.043629
        vertex 154.0095 30.497108 24.26086
    endloop
endfacet
facet normal -0.21874996 0.97572625 0.01033991
    outer loop
        vertex 154.0227 30.430347 24.917435
        vertex 154.02287 30.42951 25
        vertex 154.45152 30.52561 25
    endloop
endfacet
facet normal -0.21940488 0.97143656 0.09040196
    outer loop
        vertex 156.94344 31.124895 24.438183
        vertex 154.01872 30.450418 24.58768
        vertex 156.95052 31.089142 24.839561
    endloop
endfacet
facet normal -0.22779158 0.97174054 0.06189775
    outer loop
        vertex 154.01872 30.450418 24.58768
        vertex 154.0227 30.430347 24.917435
        vertex 154.45152 30.52561 25
    endloop
endfacet
endsolid unnamed
